SALE TYPE,SOLD DATE,PROPERTY TYPE,ADDRESS,CITY,STATE OR PROVINCE,ZIP OR POSTAL CODE,PRICE,BEDS,BATHS,LOCATION,SQUARE FEET,LOT SIZE,ACRES, $/ACRE ,YEAR BUILT,DAYS ON MARKET,$/SQUARE FEET,HOA/MONTH,STATUS,NEXT OPEN HOUSE START TIME,NEXT OPEN HOUSE END TIME,URL (SEE http://www.redfin.com/buy-a-home/comparative-market-analysis FOR INFO ON PRICING),SOURCE,MLS#,FAVORITE,INTERESTED,LATITUDE,LONGITUDE
PAST SALE,August-19-2019,Vacant Land,1406 Rip Jay Cir,Canyon Lake,TX,78133,50000,,,Canyon Lake Hills,,15594,0.357988981," $139,669 ",,247,,,Sold,,,http://www.redfin.com/TX/Canyon-Lake/1406-Rip-Jay-Cir-78133/home/33453943,Sabor,1398542,N,Y,29.882995,-98.267514
PAST SALE,August-26-2019,Vacant Land,604 Kings Point Dr,Canyon Lake,TX,78133,67500,,,Kings Point,,22215,0.509986226," $132,357 ",,240,,35,Sold,,,http://www.redfin.com/TX/Canyon-Lake/604-Kings-Point-Dr-78133/home/33441043,Sabor,1204513,N,Y,29.9017887,-98.2546683
PAST SALE,,Mobile/Manufactured Home,178 High Meadow Dr,Spring Branch,TX,78070,65100,,,,1120,23087,0.530004591," $122,829 ",1986,,58,,,,,http://www.redfin.com/TX/Spring-Branch/178-High-Meadow-Dr-78070/home/33451797,,,N,Y,29.8069875,-98.4430354
PAST SALE,September-28-2018,Vacant Land,1267 Kings Point Dr,Canyon Lake,TX,78133,69500,,,Kings Point,26310,26136,0.6," $115,833 ",,572,3,35,Sold,,,http://www.redfin.com/TX/Canyon-Lake/1267-Kings-Point-Dr-78133/home/33441048,Sabor,1268922,N,Y,29.8998963,-98.2523357
PAST SALE,September-24-2019,Vacant Land,1224 Campfire,Spring Branch,TX,78070,45000,,,Rebecca Creek Park,1216,17641,0.404981635," $111,116 ",,211,37,,Sold,,,http://www.redfin.com/TX/Spring-Branch/1224-Campfire-Dr-78070/home/33459230,Sabor,1391192,N,Y,29.902325,-98.352432
PAST SALE,February-10-2020,Vacant Land,1587 Lakeshore Dr,Canyon Lake,TX,78133,30000,,,Canyon Lake,,12066,0.276997245," $108,304 ",,72,,,Sold,,,http://www.redfin.com/TX/Canyon-Lake/1587-Lakeshore-Dr-78133/home/33398909,ACTRIS,4633870,N,Y,29.9190051,-98.2864771
PAST SALE,October-4-2019,Vacant Land,449&461 Stagecoach Dr,Canyon Lake,TX,78133,44000,,,Comal/Guadalupe/Gonzales,,18164,0.416988062," $105,519 ",,201,,4,Sold,,,http://www.redfin.com/TX/Canyon-Lake/461-Stagecoach-Dr-78133/home/33395998,ACTRIS,3394619,N,Y,29.8810158,-98.2584169
PAST SALE,July-27-2018,Vacant Land,1904 Bella Vis,Canyon Lake,TX,78133,55000,,,Las Brisas At Ensenada Shores,24002,23958,0.55," $100,000 ",,635,2,54,Sold,,,http://www.redfin.com/TX/Canyon-Lake/1904-Bella-Vis-78133/home/33358360,Sabor,1300588,N,Y,29.862579,-98.2702769
PAST SALE,June-27-2018,Vacant Land,737 (LOT 45) Military Dr,Canyon Lake,TX,78133,33850,,,Canyon Lake Island,,15245,0.349977043," $96,721 ",,665,,,Sold,,,http://www.redfin.com/TX/Canyon-Lake/737-Military-Dr-78133/home/33395772,Sabor,1314813,N,Y,29.9017402,-98.2576685
PAST SALE,February-10-2020,Vacant Land,180 Sunnyside Ct,Spring Branch,TX,78070,31500,,,Spring Branch,,14374,0.329981635," $95,460 ",,72,,3,Sold,,,http://www.redfin.com/TX/Spring-Branch/180-Sunnyside-Ct-78070/home/33416930,ACTRIS,6256791,N,Y,29.925156,-98.338228
PAST SALE,November-15-2019,Vacant Land,1371 Canyon Shrs,Canyon Lake,TX,78133,31000,,,Canyon Lake Shores,14175,14374,0.329981635," $93,945 ",,159,2,,Sold,,,http://www.redfin.com/TX/Canyon-Lake/1371-Canyon-Shrs-78133/home/33398591,Sabor,1419980,N,Y,29.9253705,-98.2860045
PAST SALE,November-16-2018,Vacant Land,2012 Cattail,Canyon Lake,TX,78133,35000,,,Canyon Lake Shores 3,,16275,0.37362259," $93,677 ",,523,,,Sold,,,http://www.redfin.com/TX/Canyon-Lake/2012-Cattail-78133/home/33398595,HARMLS,36547482,N,Y,29.9185123,-98.283173
PAST SALE,July-3-2018,Vacant Land,312 Caribou Dr,Spring Branch,TX,78070,44900,,,Deer River,1216,21780,0.5," $89,800 ",,659,37,2,Sold,,,http://www.redfin.com/TX/Spring-Branch/312-Caribou-Dr-78070/home/33423024,Sabor,1322805,N,Y,29.9448353,-98.3807688
PAST SALE,September-7-2018,Vacant Land,238 Lost Oak,Canyon Lake,TX,78133,23000,,,The Oaks,,11325,0.259986226," $88,466 ",,593,,13,Sold,,,http://www.redfin.com/TX/Canyon-Lake/Unknown-78133/home/33476251,Sabor,1328630,N,Y,29.854215,-98.247295
PAST SALE,July-6-2018,Vacant Land,7951 Elk Dr,Spring Branch,TX,78070,42900,,,Deer River,,22215,0.509986226," $84,120 ",,656,,2,Sold,,,http://www.redfin.com/TX/Spring-Branch/7951-Elk-Dr-78070/home/33422957,Sabor,1322793,N,Y,29.944014,-98.3855641
PAST SALE,October-28-2019,Vacant Land,330 Lost Antler Dr,Canyon Lake,TX,78133,28500,,,Canyon Lake,,15246,0.35," $81,429 ",,177,,5,Sold,,,http://www.redfin.com/TX/Canyon-Lake/330-Lost-Antler-Dr-78133/home/105468305,ACTRIS,7862914,N,Y,29.870631,-98.3048578
PAST SALE,September-12-2019,Vacant Land,770 Andrew Run,Canyon Lake,TX,78133,40000,,,Cranes Mill Landing,,21780,0.5," $80,000 ",,223,,2,Sold,,,http://www.redfin.com/TX/Canyon-Lake/770-Andrew-Run-78133/home/33412977,Sabor,1399259,N,Y,29.8800822,-98.295757
PAST SALE,March-11-2020,Vacant Land,LOT1 Shores Point Dr,Canyon Lake,TX,78133,60000,,,Kings Cove,,33105,0.759986226," $78,949 ",,42,,25,Sold,,,http://www.redfin.com/TX/Canyon-Lake/Shore-Point-Dr-78133/home/143467940,Sabor,1308340,N,Y,29.8851591,-98.2887752
PAST SALE,February-15-2019,Vacant Land,9235 Fawn Creek Dr,Spring Branch,TX,78070,45000,,,Valero Estates,,24829,0.569995409," $78,948 ",,432,,15,Sold,,,http://www.redfin.com/TX/Spring-Branch/9235-Fawn-Creek-Dr-78070/home/33334191,Sabor,1327852,N,Y,29.943779,-98.391754
PAST SALE,December-19-2019,Vacant Land,1406 Canyon Lake Dr,Canyon Lake,TX,78133,62500,,,Canyon Lake Hills,,34848,0.8," $78,125 ",,125,,2,Sold,,,http://www.redfin.com/TX/Canyon-Lake/1406-Canyon-Lake-Dr-78133/home/33392005,Sabor,1287636,N,Y,29.875262,-98.2715229
PAST SALE,August-27-2018,Vacant Land,494 Gemini Dr,Canyon Lake,TX,78133,24900,,,Astro Hills,,14374,0.329981635," $75,459 ",,604,,,Sold,,,http://www.redfin.com/TX/Canyon-Lake/494-Gemini-Dr-78133/home/33488234,Sabor,1329299,N,Y,29.893652,-98.2716286
PAST SALE,June-22-2018,Vacant Land,Lot 63 Ramble Hls,Canyon Lake,TX,78133,18700,,,Comal/Guadalupe/Gonzales,,10890,0.25," $74,800 ",,670,,2,Sold,,,http://www.redfin.com/TX/Canyon-Lake/LOT-63-Ramble-Hls-78133/home/144542815,ACTRIS,1119209,N,Y,29.913198,-98.262277
PAST SALE,July-2-2018,Vacant Land,2262 Pinot Blanc,New Braunfels,TX,78132,74500,,,Vintage Oaks,,43995,1.009986226," $73,763 ",,660,,75,Sold,,,http://www.redfin.com/TX/New-Braunfels/2262-Pinot-Blanc-78132/home/52049501,Sabor,1311629,N,Y,29.7917388,-98.2488649
PAST SALE,February-13-2019,Vacant Land,1102 (LOT 358) Provence Pl,New Braunfels,TX,78132,75000,,,Vintage Oaks At The Vineyard,,44866,1.029981635," $72,817 ",,434,,80,Sold,,,http://www.redfin.com/TX/New-Braunfels/1102-Provence-Pl-78132/home/33369866,Sabor,1292443,N,Y,29.7873529,-98.2649809
PAST SALE,June-30-2018,Vacant Land,795 Derrick Dr,Spring Branch,TX,78070,39900,,,Valero Estates,,23958,0.55," $72,545 ",,662,,4,Sold,,,http://www.redfin.com/TX/Spring-Branch/795-Derrick-Dr-78070/home/33477788,Sabor,1275633,N,Y,29.9451027,-98.3895889
PAST SALE,September-30-2019,Vacant Land,2774 Candlelight Dr,Canyon Lake,TX,78133,30000,,,Canyon Lake Hills,,18295,0.419995409," $71,429 ",,205,,8,Sold,,,http://www.redfin.com/TX/Canyon-Lake/2774-Candlelight-Dr-78133/home/33391659,Sabor,1393109,N,Y,29.8766487,-98.2660651
PAST SALE,April-23-2019,Vacant Land,1533 (LOT 445) Vintage Way,New Braunfels,TX,78132,72000,,,Vintage Oaks At The Vineyard,,43995,1.009986226," $71,288 ",,365,,52,Sold,,,http://www.redfin.com/TX/New-Braunfels/1533-Vintage-Way-78132/home/33369976,Sabor,1159652,N,Y,29.7845176,-98.2576782
PAST SALE,August-24-2018,Vacant Land,1555 (LOT 441) Vintage Way,New Braunfels,TX,78132,72500,,,Vintage Oaks At The Vineyard,,44431,1.019995409," $71,079 ",,607,,50,Sold,,,http://www.redfin.com/TX/New-Braunfels/1555-Vintage-Way-78132/home/33369995,Sabor,1222780,N,Y,29.7850057,-98.2558066
PAST SALE,June-18-2018,Vacant Land,1029 Vesuvio,New Braunfels,TX,78132,72000,,,Vintage Oaks At The Vineyard,44431,44431,1.019995409," $70,589 ",,674,2,50,Sold,,,http://www.redfin.com/TX/New-Braunfels/1029-Vesuvio-78132/home/110078262,Sabor,1319610,N,Y,29.8004044,-98.2646534
PAST SALE,March-8-2019,Vacant Land,586 Copper Rim,Spring Branch,TX,78070,75000,,,Comal/Guadalupe/Gonzales,,46478,1.066988062," $70,291 ",,411,,22,Sold,,,http://www.redfin.com/TX/Spring-Branch/586-Copper-Rim-78070/home/33496595,ACTRIS,9831181,N,Y,29.803838,-98.397136
PAST SALE,September-19-2018,Vacant Land,446 Oak Shores Dr,Canyon Lake,TX,78133,72000,,,Oak Shores Estates,44823,44866,1.029981635," $69,904 ",,581,2,58,Sold,,,http://www.redfin.com/TX/Canyon-Lake/446-Oak-Shore-Dr-78133/home/33452577,Sabor,1321558,N,Y,29.8807571,-98.2801335
PAST SALE,February-15-2019,Vacant Land,2269 Pinot Blanc,New Braunfels,TX,78132,69500,,,Vintage Oaks,,43995,1.009986226," $68,813 ",,432,,75,Sold,,,http://www.redfin.com/TX/New-Braunfels/2269-Pinot-Blanc-78132/home/52049355,Sabor,1288468,N,Y,29.7901862,-98.248948
PAST SALE,December-19-2019,Vacant Land,1540 Vintage Way Lot(459),New Braunfels,TX,78132,70000,,,Vintage Oaks At The Vineyard,,44431,1.019995409," $68,628 ",,125,,52,Sold,,,http://www.redfin.com/TX/New-Braunfels/1540-Vintage-Way-78132/home/147365098,Sabor,1414521,N,Y,29.7837324,-98.2565849
PAST SALE,August-30-2019,Vacant Land,0 Cedar Grove Trl,Spring Branch,TX,78070,24500,,,Cypress Cove,,15681,0.359986226," $68,058 ",,236,,,Sold,,,http://www.redfin.com/TX/SPRING-BRANCH/CEDAR-GROVE-TRL-78070/home/33416819,Sabor,1397114,N,Y,29.935665,-98.341002
PAST SALE,September-28-2018,Vacant Land,215 Long Mdw,Spring Branch,TX,78070,69900,,,River Crossing,,44866,1.029981635," $67,865 ",,572,,22,Sold,,,http://www.redfin.com/TX/Spring-Branch/215-Long-Mdw-78070/home/33493432,Sabor,1274320,N,Y,29.815333,-98.4040459
PAST SALE,July-25-2018,Vacant Land,1559 (LOT 440) Vintage Way,New Braunfels,TX,78132,68000,,,Vintage Oaks At The Vineyard,,43995,1.009986226," $67,328 ",,637,,50,Sold,,,http://www.redfin.com/TX/New-Braunfels/1559-Vintage-Way-78132/home/33369998,Sabor,1222793,N,Y,29.7854096,-98.2556617
PAST SALE,September-10-2018,Vacant Land,1277 Via Principale,New Braunfels,TX,78132,75000,,,Vintage Oaks At The Vineyard,,48787,1.119995409," $66,965 ",,590,,50,Sold,,,http://www.redfin.com/TX/NEW-BRAUNFELS/TBD-78132/home/62136687,Sabor,1328032,N,Y,29.796235,-98.270269
PAST SALE,September-27-2019,Vacant Land,5729 Dry Comal Dr,New Braunfels,TX,78132,68000,,,Copper Ridge,44301,44431,1.019995409," $66,667 ",,208,2,75,Sold,,,http://www.redfin.com/TX/New-Braunfels/5729-Dry-Comal-Dr-78132/home/110079019,Sabor,1390885,N,Y,29.7370305,-98.2627978
PAST SALE,January-31-2019,Vacant Land,1616 (LOT 620) Blush,New Braunfels,TX,78132,68500,,,Vintage Oaks,,44866,1.029981635," $66,506 ",,447,,50,Sold,,,http://www.redfin.com/TX/New-Braunfels/1616-Blush-78132/home/33370061,Sabor,1285287,N,Y,29.7975088,-98.259572
PAST SALE,December-30-2019,Vacant Land,840 Guadalupe Dr,Spring Branch,TX,78070,38000,,,Rivermont,24956,24955,0.572887971," $66,331 ",,114,2,23,Sold,,,http://www.redfin.com/TX/Spring-Branch/840-Guadalupe-Dr-78070/home/33462200,Sabor,1408264,N,Y,29.8787133,-98.4551202
PAST SALE,December-18-2019,Vacant Land,7845 Elk Dr,Spring Branch,TX,78070,33000,,,Deer River,,21780,0.5," $66,000 ",,126,,2,Sold,,,http://www.redfin.com/TX/Spring-Branch/7845-Elk-Dr-78070/home/33423008,Sabor,1412233,N,Y,29.945545,-98.3824295
PAST SALE,June-12-2018,Vacant Land,925 Escada,Spring Branch,TX,78070,70000,,,Cascada At Canyon Lake,,46609,1.069995409," $65,421 ",,680,,50,Sold,,,http://www.redfin.com/TX/Spring-Branch/925-Escada-78070/home/33372328,Sabor,1321102,N,Y,29.9407473,-98.3502796
PAST SALE,February-1-2019,Vacant Land,1229 Libby Lookout,Canyon Lake,TX,78133,68000,,,Enclave,,45302,1.039990817," $65,385 ",,446,,97,Sold,,,http://www.redfin.com/TX/Canyon-Lake/1229-Libby-Lookout-78133/home/33350509,Sabor,1355819,N,Y,29.9175091,-98.2523819
PAST SALE,August-27-2018,Vacant Land,166 Restless Wind,Spring Branch,TX,78070,66500,,,Serenity Oaks,,44431,1.019995409," $65,196 ",,604,,21,Sold,,,http://www.redfin.com/TX/Spring-Branch/166-Restless-Wind-78070/home/45077921,Sabor,1334878,N,Y,29.9029473,-98.3755309
PAST SALE,August-6-2019,Vacant Land,0 Elk Dr,Spring Branch,TX,78070,32500,,,Deer River,21780,21780,0.5," $65,000 ",,260,1,,Sold,,,http://www.redfin.com/TX/SPRING-BRANCH/ELK-DR-78070/home/33422963,Sabor,1368750,N,Y,29.944793,-98.384866
PAST SALE,December-1-2019,Vacant Land,1129 Ensenada Dr,Canyon Lake,TX,78133,65000,,,Ensenada Shores,,43560,1," $65,000 ",,143,,71,Sold,,,http://www.redfin.com/TX/Canyon-Lake/1129-Ensenada-Dr-78133/home/167774667,Sabor,1336034,N,Y,29.86595,-98.288257
PAST SALE,January-31-2020,Vacant Land,(LOT 1078) Napoli,New Braunfels,TX,78132,70000,,,Vintage Oaks At The Vineyard,,47044,1.079981635," $64,816 ",,82,,52,Sold,,,http://www.redfin.com/TX/Canyon-Lake/1078-Napoli-78132/home/167084312,Sabor,1390582,N,Y,29.7999856,-98.2663
PAST SALE,June-7-2019,Vacant Land,1104 Santa Rosa Ct,Canyon Lake,TX,78133,66000,,,Las Brisas At Ensenada Shores,,44866,1.029981635," $64,079 ",,320,,63,Sold,,,http://www.redfin.com/TX/Canyon-Lake/1104-Santa-Rosa-Ct-78133/home/33360523,Sabor,1288639,N,Y,29.8544878,-98.2797315
PAST SALE,April-25-2019,Vacant Land,1071 Via Principale,New Braunfels,TX,78132,73000,,,Vintage Oaks At The Vineyard,,49658,1.139990817," $64,036 ",,363,,50,Sold,,,http://www.redfin.com/TX/New-Braunfels/1071-Via-Principale-78132/home/143810254,Sabor,1358140,N,Y,29.7818762,-98.271271
PAST SALE,February-19-2019,Vacant Land,1119 Hancock Rd,Canyon Lake,TX,78133,24000,,,Tamarack Shores,,16335,0.375," $64,000 ",,428,,2,Sold,,,http://www.redfin.com/TX/Canyon-Lake/1119-Hancock-Rd-78133/home/33474957,Sabor,1335202,N,Y,29.9183456,-98.2434513
PAST SALE,January-23-2020,Vacant Land,317 Lantana Xing,Spring Branch,TX,78070,65000,,,Lantana Ridge,,44431,1.019995409," $63,726 ",,90,,31,Sold,,,http://www.redfin.com/TX/Spring-Branch/317-Lantana-Xing-78070/home/147360214,Sabor,1398231,N,Y,29.829904,-98.442084
PAST SALE,March-27-2019,Vacant Land,110 Lantana Mesa,Spring Branch,TX,78070,65000,,,Lantana Ridge,,44779,1.027984389," $63,231 ",,392,,35,Sold,,,http://www.redfin.com/TX/Spring-Branch/110-Lantana-Mesa-78070/home/33492423,Sabor,1369487,N,Y,29.8273921,-98.4487162
PAST SALE,July-22-2019,Vacant Land,231 River Bend Pl,Spring Branch,TX,78070,72000,,,Mystic Shores,,49658,1.139990817," $63,158 ",,275,,26,Sold,,,http://www.redfin.com/TX/Spring-Branch/231-River-Bend-Pl-78070/home/167167981,Sabor,1394857,N,Y,29.9196331,-98.3178773
PAST SALE,May-17-2019,Vacant Land,2411 Geneseo Oaks,New Braunfels,TX,78132,70000,,,Preserve Of Mission Valley,,48656,1.116988062," $62,669 ",,341,,38,Sold,,,http://www.redfin.com/TX/New-Braunfels/2411-Geneseo-Oaks-78132/home/110077997,Sabor,1195421,N,Y,29.7033854,-98.1929376
PAST SALE,June-22-2018,Vacant Land,000 Pronghorn Dr,Spring Branch,TX,78070,32500,,,Deer River,,22651,0.519995409," $62,501 ",,670,,2,Sold,,,http://www.redfin.com/TX/Spring-Branch/7928-Pronghorn-Dr-78070/home/33422603,Sabor,1322767,N,Y,29.9523535,-98.3830564
PAST SALE,June-1-2018,Vacant Land,550 (LOT 46) Cross Oak,New Braunfels,TX,78132,68500,,,Vintgage Oaks,,47916,1.1," $62,273 ",,691,,50,Sold,,,http://www.redfin.com/TX/New-Braunfels/550-Cross-Oak-78132/home/33367425,Sabor,1301250,N,Y,29.7793531,-98.2553106
PAST SALE,September-10-2018,Vacant Land,1975 Tanglewood Trl,Spring Branch,TX,78070,21000,,,Cypress Cove Comal,,14810,0.339990817," $61,766 ",,590,,4,Sold,,,http://www.redfin.com/TX/Spring-Branch/1975-Tanglewood-Trl-78070/home/33414817,Sabor,1334453,N,Y,29.9319493,-98.3442454
PAST SALE,August-30-2018,Vacant Land,1423 Tramonto,New Braunfels,TX,78132,45000,,,Vintage Oaks At The Vineyard,,31798,0.729981635," $61,645 ",,601,,50,Sold,,,http://www.redfin.com/TX/New-Braunfels/1423-Tramonto-78132/home/56449223,Sabor,1319163,N,Y,29.7764494,-98.271646
PAST SALE,January-14-2020,Vacant Land,110 Long Mdws,Spring Branch,TX,78070,70000,,,River Crossing,,49658,1.139990817," $61,404 ",,99,,25,Sold,,,http://www.redfin.com/TX/Spring-Branch/110-Long-Mdw-78070/home/167774651,Sabor,1384438,N,Y,29.813766,-98.406167
PAST SALE,April-23-2018,Vacant Land,959  (LOT 589) Moonlight Dr,Canyon Lake,TX,78133,62500,,,Mountain Springs Ran,,44431,1.019995409," $61,275 ",,730,,50,Sold,,,http://www.redfin.com/TX/Canyon-Lake/959-Moonlight-Dr-78133/home/33344921,Sabor,1261768,N,Y,29.8261365,-98.3176613
PAST SALE,April-15-2019,Vacant Land,LOT 1 Shayla Ln,Canyon Lake,TX,78133,38000,,,Fairways At Canyon Lake,,27225,0.625," $60,800 ",,373,,27,Sold,,,http://www.redfin.com/TX/Canyon-Lake/LOT-1-Shayla-Ln-78133/home/109476012,Sabor,1209080,N,Y,29.845577,-98.25754
PAST SALE,September-20-2018,Vacant Land,1422 Ensenada Dr,Canyon Lake,TX,78133,66000,,,Ensenada Shores At Canyon Lake,,47480,1.089990817," $60,551 ",,580,,71,Sold,,,http://www.redfin.com/TX/Canyon-Lake/1422-Ensenada-Dr-78133/home/33339438,Sabor,1287631,N,Y,29.8715275,-98.2746126
PAST SALE,September-30-2019,Vacant Land,360 River Cliff Pl,Spring Branch,TX,78070,60500,,,Comal/Guadalupe/Gonzales,,43560,1," $60,500 ",,205,,30,Sold,,,http://www.redfin.com/TX/Spring-Branch/360-River-Cliff-Pl-78070/home/147384403,ACTRIS,7065233,N,Y,29.9099232,-98.317283
PAST SALE,July-19-2019,Vacant Land,2379 Westview Dr,Canyon Lake,TX,78133,36000,,,Canyon Lake Forest,,26136,0.6," $60,000 ",,278,,5,Sold,,,http://www.redfin.com/TX/Canyon-Lake/2379-Westview-Dr-78133/home/33388240,Sabor,1389138,N,Y,29.863085,-98.26214
PAST SALE,June-14-2019,Vacant Land,2222 Appellation,New Braunfels,TX,78132,63500,,,Vintage Oaks,,46173,1.059986226," $59,906 ",,313,,50,Sold,,,http://www.redfin.com/TX/New-Braunfels/2222-Appellation-78132/home/33370098,Sabor,1361349,N,Y,29.7983404,-98.255867
PAST SALE,July-13-2018,Vacant Land,965 Moonlight Dr,Canyon Lake,TX,78133,61000,,,Mountain Springs Ran (common),,44431,1.019995409," $59,804 ",,649,,25,Sold,,,http://www.redfin.com/TX/Canyon-Lake/965-Moonlight-Dr-78133/home/33344918,Sabor,1310188,N,Y,29.825919,-98.317317
PAST SALE,August-16-2019,Vacant Land,690 Fawn River Dr,Spring Branch,TX,78070,45500,,,Deer River,33410,33410,0.766988062," $59,323 ",,250,1,,Sold,,,http://www.redfin.com/TX/Spring-Branch/690-Fawn-River-Dr-78070/home/33422713,Sabor,1355446,N,Y,29.9516082,-98.3863444
PAST SALE,February-6-2020,Vacant Land,325 Eagle Rock Rd,Spring Branch,TX,78070,26000,,,Cypress Cove Comal,,19166,0.439990817," $59,092 ",,76,,2,Sold,,,http://www.redfin.com/TX/Spring-Branch/325-Eagle-Rock-Rd-78070/home/33417067,Sabor,1434231,N,Y,29.9437779,-98.343552
PAST SALE,April-30-2018,Vacant Land,234 Sabella,Spring Branch,TX,78070,65000,,,Comal/Guadalupe/Gonzales,,48351,1.109986226," $58,559 ",,723,,50,Sold,,,http://www.redfin.com/TX/Spring-Branch/234-Sabella-78070/home/33372320,ACTRIS,6267274,N,Y,29.9389927,-98.348945
PAST SALE,September-4-2019,Vacant Land,225 Gauntlet,Spring Branch,TX,78070,59000,,,Mystic Shores,,43995,1.009986226," $58,417 ",,231,,26,Sold,,,http://www.redfin.com/TX/Spring-Branch/225-Gauntlet-Dr-78070/home/33495611,Sabor,1333758,N,Y,29.899399,-98.301981
PAST SALE,December-16-2019,Vacant Land,320 Valley Ldg,New Braunfels,TX,78132,70000,,,Copper Ridge,,52272,1.2," $58,333 ",,128,,67,Sold,,,http://www.redfin.com/TX/New-Braunfels/320-Valley-Ldg-78132/home/33374904,HARMLS,10986856,N,Y,29.7455482,-98.2544635
PAST SALE,February-28-2019,Vacant Land,2432 River Way,Spring Branch,TX,78070,68000,,,River Crossing,50965,50965,1.169995409," $58,120 ",,419,1,22,Sold,,,http://www.redfin.com/TX/Spring-Branch/2432-River-Way-78070/home/33493319,Sabor,1322446,N,Y,29.8155178,-98.4075524
PAST SALE,July-26-2019,Vacant Land,0 Fawn Dr,Spring Branch,TX,78070,16500,,,Rebecca Creek Park 1,,12397,0.28459596," $57,977 ",,271,,5,Sold,,,http://www.redfin.com/TX/SPRING-BRANCH/FAWN-DR-78070/home/33458091,Sabor,1388815,N,Y,29.911247,-98.376865
PAST SALE,May-18-2018,Vacant Land,421 Shadow Mountain Rd,Spring Branch,TX,78070,29500,,,Oakland Estates,,22215,0.509986226," $57,845 ",,705,,3,Sold,,,http://www.redfin.com/TX/Spring-Branch/421-Shadow-Mountain-Rd-78070/home/33451837,Sabor,1298879,N,Y,29.804427,-98.446489
PAST SALE,May-22-2019,Vacant Land,2541 Otter Way,New Braunfels,TX,78132,68500,,,Havenwood,51836,51836,1.189990817," $57,563 ",,336,1,65,Sold,,,http://www.redfin.com/TX/New-Braunfels/2541-Otter-Way-78132/home/33352256,Sabor,1373908,N,Y,29.7836862,-98.0602066
PAST SALE,April-24-2018,Vacant Land,1127 Diretto,New Braunfels,TX,78132,72500,,,Vintage Oaks,,54885,1.259986226," $57,540 ",,729,,50,Sold,,,http://www.redfin.com/TX/NEW-BRAUNFELS/1127-DIRETTO-DR-78130/home/52046049,Sabor,1291470,N,Y,29.7049806,-98.068343
PAST SALE,February-19-2019,Vacant Land,1220(LOT 951) Merlot,New Braunfels,TX,78132,72900,,,Vintage Oaks At The Vineyard,,55321,1.269995409," $57,402 ",,428,,52,Sold,,,http://www.redfin.com/TX/New-Braunfels/1220-Merlot-78132/home/66888671,Sabor,1326995,N,Y,29.7901511,-98.2743836
PAST SALE,May-11-2018,Vacant Land,916 Long Mdw,Spring Branch,TX,78070,59000,,,River Crossing,44867,44866,1.029981635," $57,283 ",,712,1,22,Sold,,,http://www.redfin.com/TX/Spring-Branch/916-Long-Mdw-78070/home/33493355,Sabor,1285459,N,Y,29.826632,-98.398738
PAST SALE,November-9-2018,Vacant Land,178 (LOT 560) Obscure Way,Spring Branch,TX,78070,60000,,,Mystic Shores,,45738,1.05," $57,143 ",,530,,26,Sold,,,http://www.redfin.com/TX/Spring-Branch/178-Obscure-Way-78070/home/33495517,Sabor,1242305,N,Y,29.89587,-98.30167
PAST SALE,December-4-2018,Vacant Land,433 Hanging Oak,Spring Branch,TX,78070,58000,,,The Crossing At Spring Creek,,44431,1.019995409," $56,863 ",,505,,32,Sold,,,http://www.redfin.com/TX/Spring-Branch/433-Hanging-Oak-78070/home/33343574,Sabor,1344177,N,Y,29.8952881,-98.4421136
PAST SALE,July-8-2019,Vacant Land,9050 Rebecca Creek Rd,Spring Branch,TX,78070,19900,,,Rebecca Creek Park,15300,15298,0.351193756," $56,664 ",,289,1,5,Sold,,,http://www.redfin.com/TX/Spring-Branch/9050-Rebecca-Creek-Rd-78070/home/33458198,Sabor,1385545,N,Y,29.9119335,-98.3556417
PAST SALE,November-29-2018,Vacant Land,959 (LOT 51) Petite Verdot,New Braunfels,TX,78132,60000,,,Vintage Oaks,46173,46173,1.059986226," $56,605 ",,510,1,78,Sold,,,http://www.redfin.com/TX/New-Braunfels/959-Petite-Verdot-78132/home/33367436,Sabor,1304673,N,Y,29.7803112,-98.2562156
PAST SALE,August-15-2019,Vacant Land,1564 Flightline Dr,Spring Branch,TX,78070,69000,,,Kestrel Air Park,52969,53143,1.219995409," $56,558 ",,251,1,33,Sold,,,http://www.redfin.com/TX/Spring-Branch/1564-Flightline-78070/home/109172000,Sabor,1330443,N,Y,29.8128893,-98.4388591
PAST SALE,August-3-2018,Vacant Land,LOT 55 FM 1863,Bulverde,TX,78163,58000,,,Oak Village,,44866,1.029981635," $56,312 ",,628,,1,Sold,,,http://www.redfin.com/TX/Bulverde/LOT-55-78163/home/145586153,Sabor,1310201,N,Y,29.7451011,-98.4194271
PAST SALE,July-2-2019,Vacant Land,1429 Havenwood Blvd,New Braunfels,TX,78132,58000,,,Havenwood At Hunters Crossing,,44866,1.029981635," $56,312 ",,295,,65,Sold,,,http://www.redfin.com/TX/New-Braunfels/1429-Havenwood-Blvd-78132/home/33352266,Sabor,1352756,N,Y,29.7855623,-98.0595293
PAST SALE,September-13-2019,Vacant Land,276 River Cliff Pl,Spring Branch,TX,78070,59000,,,Mystic Shores,,45738,1.05," $56,190 ",,222,,814,Sold,,,http://www.redfin.com/TX/Spring-Branch/276-River-Cliff-Pl-78070/home/33365468,HARMLS,69719260,N,Y,29.908684,-98.3145815
PAST SALE,August-2-2018,Vacant Land,0 Emory Ct,Canyon Lake,TX,78133,55000,,,Oak Shores Estates,,42688,0.979981635," $56,124 ",,629,,63,Sold,,,http://www.redfin.com/TX/Canyon-Lake/100-Oak-Shore-Dr-78133/home/33452397,Sabor,1289137,N,Y,29.8760623,-98.2793047
PAST SALE,April-29-2019,Vacant Land,5672 Dry Comal Dr,New Braunfels,TX,78132,66500,,,Copper Ridge,,51836,1.189990817," $55,883 ",,359,,81,Sold,,,http://www.redfin.com/TX/New-Braunfels/5672-Dry-Comal-Dr-78132/home/110079240,Sabor,1294267,N,Y,29.7342398,-98.2587876
PAST SALE,August-30-2019,Vacant Land,167 Oak Smt,Canyon Lake,TX,78133,15000,,,Canyon Creek Estates,,11761,0.269995409," $55,557 ",,236,,,Sold,,,http://www.redfin.com/TX/Canyon-Lake/167-Oak-Smt-78133/home/166586026,Sabor,1383786,N,Y,29.8806624,-98.1969204
PAST SALE,July-6-2018,Vacant Land,22793 (LOT 82) N Cranes Ml,Spring Branch,TX,78070,55000,,,Mystic Shores,,43995,1.009986226," $54,456 ",,656,,26,Sold,,,http://www.redfin.com/TX/Spring-Branch/22793-LOT-82-N-Cranes-Ml-78070/home/145079533,Sabor,1296782,N,Y,29.8405513,-98.4104996
PAST SALE,June-6-2018,Vacant Land,777 Derrick Dr,Spring Branch,TX,78070,29900,,,Valero Estates,,23958,0.55," $54,364 ",,686,,10,Sold,,,http://www.redfin.com/TX/Spring-Branch/777-Derrick-Dr-78070/home/33477782,Sabor,1282824,N,Y,29.944785,-98.3898449
PAST SALE,June-1-2018,Vacant Land,0 Old Spring Br,Spring Branch,TX,78070,27695,,,Rivermont,,22215,0.509986226," $54,305 ",,691,,23,Sold,,,http://www.redfin.com/TX/Spring-Branch/6440-Spring-Branch-Rd-78070/home/33462182,Sabor,1247057,N,Y,29.877411,-98.457235
PAST SALE,July-13-2018,Vacant Land,1003 Andrew Run,Canyon Lake,TX,78133,52000,,,Cranes,,41817,0.959986226," $54,167 ",,649,,4,Sold,,,http://www.redfin.com/TX/Canyon-Lake/1003-Andrew-Run-78133/home/33413033,Sabor,1307966,N,Y,29.8801914,-98.2937095
PAST SALE,December-30-2019,Vacant Land,553 Cross Oak,New Braunfels,TX,78132,75000,,,Vintage Oaks,60548,60548,1.389990817," $53,957 ",,114,1,52,Sold,,,http://www.redfin.com/TX/New-Braunfels/553-Cross-Oak-78132/home/33367426,Sabor,1352763,N,Y,29.7789166,-98.2557462
PAST SALE,September-16-2019,Vacant Land,31426 Sierra Vista Dr,Bulverde,TX,78163,75000,,,Bulverde Hills,,60548,1.389990817," $53,957 ",,219,,,Sold,,,http://www.redfin.com/TX/Bulverde/31426-Sierra-Vis-78163/home/33384214,Sabor,1402160,N,Y,29.7607446,-98.4510965
PAST SALE,June-29-2018,Vacant Land,431 Hidden Springs Dr,Spring Branch,TX,78070,55000,,,The Crossing At Spring Creek,,44866,1.029981635," $53,399 ",,663,,31,Sold,,,http://www.redfin.com/TX/Spring-Branch/431-Hidden-Springs-Dr-78070/home/33343561,Sabor,1298477,N,Y,29.8953348,-98.4410345
PAST SALE,June-28-2019,Vacant Land,1071 Rhinestone,Canyon Lake,TX,78133,24900,,,Canyon Lake Shores,,20338,0.466896235," $53,331 ",,299,,,Sold,,,http://www.redfin.com/TX/Canyon-Lake/1071-Rhinestone-78133/home/33400739,Sabor,1384668,N,Y,29.9282523,-98.2901531
PAST SALE,April-3-2020,Vacant Land,1055 Fabled Way,Spring Branch,TX,78070,56000,,,Mystic Shores,46173,46173,1.059986226," $52,831 ",,19,1,26,Sold,,,http://www.redfin.com/TX/Spring-Branch/1055-Fabled-Way-78070/home/33346592,Sabor,1312529,N,Y,29.8962339,-98.3085071
PAST SALE,December-3-2018,Vacant Land,181 Scarlet Ct,Canyon Lake,TX,78133,64000,,,Comal/Guadalupe/Gonzales,,53448,1.226997245," $52,160 ",,506,,700,Sold,,,http://www.redfin.com/TX/Canyon-Lake/181-Scarlet-Ct-78133/home/33452398,ACTRIS,1185670,N,Y,29.8798644,-98.2816122
PAST SALE,October-22-2018,Vacant Land,776 Rayner Ranch Blvd,Spring Branch,TX,78070,56000,,,Serenity Oaks,,47480,1.089990817," $51,377 ",,548,,21,Sold,,,http://www.redfin.com/TX/Spring-Branch/776-Rayner-Ranch-Blvd-78070/home/33510158,Sabor,1292312,N,Y,29.9051107,-98.3703189
PAST SALE,January-10-2020,Vacant Land,456 Deer Run Pass,Canyon Lake,TX,78133,20500,,,Deer Meadows,,17424,0.4," $51,250 ",,103,,13,Sold,,,http://www.redfin.com/TX/Canyon-Lake/456-Deer-Run-Pass-78133/home/33421639,Sabor,1419286,N,Y,29.8686998,-98.3065659
PAST SALE,February-4-2019,Vacant Land,145 Puzzle Pass,Spring Branch,TX,78070,70000,,,Mystic Shores,,59677,1.369995409," $51,095 ",,443,,26,Sold,,,http://www.redfin.com/TX/Spring-Branch/145-Puzzle-Pass-78070/unit-1/home/145280497,Sabor,1303145,N,Y,29.9027803,-98.3021955
PAST SALE,September-14-2018,Vacant Land,414 Cima Vis,Canyon Lake,TX,78133,51000,,,Ensenada Shores,,43560,1," $51,000 ",,586,,71,Sold,,,http://www.redfin.com/TX/Canyon-Lake/414-Cima-Vis-78133/home/33343450,Sabor,1262801,N,Y,29.8623028,-98.2857552
PAST SALE,December-10-2019,Vacant Land,2101 Granada Hls,New Braunfels,TX,78132,54000,,,River Chase,,47044,1.079981635," $50,001 ",,134,,17,Sold,,,http://www.redfin.com/TX/New-Braunfels/2101-Granada-Hls-78132/home/147384395,Sabor,1328082,N,Y,29.808945,-98.0835807
PAST SALE,January-7-2019,Vacant Land,0 Cypress Gardens Blvd,Spring Branch,TX,78070,12500,,,Cypress Lake Gardens,11040,10890,0.25," $50,000 ",,471,1,5,Sold,,,http://www.redfin.com/TX/SPRING-BRANCH/CYPRESS-GARDENS-BLVD-78070/home/33419192,Sabor,1292805,N,Y,29.923908,-98.383124
PAST SALE,July-9-2018,Vacant Land,173 Northridge,New Braunfels,TX,78132,63750,,,Comal/Guadalupe/Gonzales,,55756,1.279981635," $49,805 ",,653,,17,Sold,,,http://www.redfin.com/TX/New-Braunfels/173-Northridge-78132/home/33332576,ACTRIS,2681905,N,Y,29.818184,-98.092045
PAST SALE,October-31-2018,Vacant Land,237 Summer Hl,New Braunfels,TX,78132,72000,,,River Chase,,63162,1.45," $49,655 ",,539,,17,Sold,,,http://www.redfin.com/TX/New-Braunfels/237-Summer-Hl-78132/home/33342497,Sabor,1339161,N,Y,29.832485,-98.086933
PAST SALE,December-30-2019,Vacant Land,188 Falling Hls,New Braunfels,TX,78132,65000,,,Comal/Guadalupe/Gonzales,,57063,1.309986226," $49,619 ",,114,,17,Sold,,,http://www.redfin.com/TX/New-Braunfels/188-Falling-Hls-78132/home/33332950,ACTRIS,6523465,N,Y,29.836251,-98.100371
PAST SALE,March-14-2019,Vacant Land,1675 & 1645 Oblate Dr,Canyon Lake,TX,78133,60000,,,Canyon Lake Hills,,52794,1.211983471," $49,506 ",,405,,,Sold,,,http://www.redfin.com/TX/Canyon-Lake/1675-1645-Oblate-Dr-78133/home/145652012,Sabor,1311471,N,Y,29.8726854,-98.2838248
PAST SALE,February-4-2020,Vacant Land,574 Fawn River Dr,Spring Branch,TX,78070,40000,,,Deer River,,35283,0.809986226," $49,384 ",,78,,,Sold,,,http://www.redfin.com/TX/Spring-Branch/574-Fawn-River-Dr-78070/home/33422710,Sabor,1415612,N,Y,29.950034,-98.38546
PAST SALE,October-18-2018,Vacant Land,514 Hidden Springs Dr,Spring Branch,TX,78070,50000,,,The Crossing At Spring Creek,,44431,1.019995409," $49,020 ",,552,,32,Sold,,,http://www.redfin.com/TX/Spring-Branch/514-Hidden-Spgs-78070/home/33343559,Sabor,1291622,N,Y,29.896708,-98.443291
PAST SALE,December-30-2019,Vacant Land,1110 Sunset Park,Spring Branch,TX,78070,19500,,,Rebecca Creek Park,,17424,0.4," $48,750 ",,114,,5,Sold,,,http://www.redfin.com/TX/Spring-Branch/1110-Sunset-Park-78070/home/33458154,Sabor,1423843,N,Y,29.915516,-98.378798
PAST SALE,August-6-2018,Vacant Land,113 Santa Maria Ct,Canyon Lake,TX,78133,57000,,,Ensenada Shores,,51400,1.179981635," $48,306 ",,625,,71,Sold,,,http://www.redfin.com/TX/Canyon-Lake/113-Santa-Maria-Ct-78133/home/33343384,Sabor,1266631,N,Y,29.8671988,-98.2855627
PAST SALE,June-27-2019,Vacant Land,0 River View Dr,Spring Branch,TX,78070,26500,,,Rivermont,23752,23958,0.55," $48,182 ",,300,1,23,Sold,,,http://www.redfin.com/TX/Spring-Branch/River-Water-78070/home/33462163,Sabor,1271157,N,Y,29.876576,-98.454639
PAST SALE,July-31-2018,Vacant Land,LOT 6 & 7 Olive Hl,Canyon Lake,TX,78133,48000,,,Woodlands,,43560,1," $48,000 ",,631,,,Sold,,,http://www.redfin.com/TX/Canyon-Lake/LOT-6-7-Olive-Hl-78133/home/113189592,Sabor,1226838,N,Y,29.8781434,-98.2431747
PAST SALE,April-12-2019,Vacant Land,2325 Comal Spgs,Canyon Lake,TX,78133,71500,,,Mountain Springs Ran,,64904,1.489990817," $47,987 ",,376,,25,Sold,,,http://www.redfin.com/TX/Canyon-Lake/2325-Comal-Spgs-78133/home/33345159,Sabor,1372459,N,Y,29.8311993,-98.3255133
PAST SALE,December-18-2019,Vacant Land,1065 Persimmon Pass,Fischer,TX,78623,35000,,,Fischer,,31798,0.729981635," $47,946 ",,126,,,Sold,,,http://www.redfin.com/TX/Fischer/1065-Persimmon-Pass-78623/home/33457969,ACTRIS,1528346,N,Y,29.959918,-98.253959
PAST SALE,May-30-2019,Vacant Land,321 Upland Ct,Canyon Lake,TX,78133,48500,,,Mountain Springs Ran,,44431,1.019995409," $47,549 ",,328,,25,Sold,,,http://www.redfin.com/TX/Canyon-Lake/321-Upland-Ct-78133/home/33344932,Sabor,1358596,N,Y,29.8298247,-98.3166353
PAST SALE,October-25-2019,Vacant Land,1621 Angolo,New Braunfels,TX,78132,74000,,,Vintage Oaks,,68389,1.569995409," $47,134 ",,180,,50,Sold,,,http://www.redfin.com/TX/New-Braunfels/1621-Angolo-78132/home/33370070,Sabor,1337578,N,Y,29.7990852,-98.2597899
PAST SALE,August-15-2018,Vacant Land,LOT 896 Tramonto,New Braunfels,TX,78132,49900,,,Vintage Oaks At The Vineyard,,46173,1.059986226," $47,076 ",,616,,50,Sold,,,http://www.redfin.com/TX/New-Braunfels/896-Tramonto-78132/home/143426459,Sabor,1319174,N,Y,29.7761942,-98.2693622
PAST SALE,March-8-2019,Vacant Land,113 Terra Vista Ct,Canyon Lake,TX,78133,57900,,,Ensenada Shores,,53578,1.229981635," $47,074 ",,411,,71,Sold,,,http://www.redfin.com/TX/Canyon-Lake/113-Terra-Vista-Ct-78133/home/33339555,Sabor,1345006,N,Y,29.86696,-98.286615
PAST SALE,December-6-2019,Vacant Land,504 Cielo Vis,Canyon Lake,TX,78133,55000,,,Ensenada Shores,,50965,1.169995409," $47,009 ",,138,,71,Sold,,,http://www.redfin.com/TX/Canyon-Lake/504-Cielo-Vis-78133/home/33343434,Sabor,1397524,N,Y,29.8633175,-98.2832326
PAST SALE,May-21-2019,Vacant Land,23403 N Cranes Mill Rd,Canyon Lake,TX,78133,47000,,,Mystic Shores,43996,43995,1.009986226," $46,535 ",,337,1,26,Sold,,,http://www.redfin.com/TX/Canyon-Lake/23403-N-Cranes-Mill-Rd-78133/home/33492625,Sabor,1336289,N,Y,29.9276682,-98.2922799
PAST SALE,March-25-2019,Vacant Land,816 Serene Waters,Spring Branch,TX,78070,69000,,,Serenity Oaks,,64904,1.489990817," $46,309 ",,394,,21,Sold,,,http://www.redfin.com/TX/Spring-Branch/815-Serene-Waters-78070/home/66887127,Sabor,1292461,N,Y,29.9004632,-98.3698804
PAST SALE,July-31-2018,Vacant Land,273 Deer Run Pass,Canyon Lake,TX,78133,18000,,,Deer Meadows,,16988,0.389990817," $46,155 ",,631,,5,Sold,,,http://www.redfin.com/TX/Canyon-Lake/273-Deer-Run-Pass-78133/home/33422857,Sabor,1317272,N,Y,29.870012,-98.304984
PAST SALE,June-7-2019,Vacant Land,BLOCK 35 LOT 63 Chip Shot Cir,Spring Branch,TX,78070,12400,,,Lake Of The Hills,20900,11761,0.269995409," $45,927 ",,320,1,,Sold,,,http://www.redfin.com/TX/Spring-Branch/BLOCK-35-LOT-63-Chip-Shot-Cir-78070/home/103775547,Sabor,1344787,N,Y,29.8405513,-98.4104996
PAST SALE,December-12-2019,Vacant Land,1040 Erika Crst,Canyon Lake,TX,78133,33500,,,Crains Mill Landing,,31798,0.729981635," $45,892 ",,132,,2,Sold,,,http://www.redfin.com/TX/Canyon-Lake/1040-Erika-Crst-78133/home/33413035,Sabor,1389805,N,Y,29.8774893,-98.2934655
PAST SALE,August-20-2019,Vacant Land,LOT 28 Janine Dr,Canyon Lake,TX,78133,27500,,,Rocky Creek Ranch,25962,26136,0.6," $45,833 ",,246,1,7,Sold,,,http://www.redfin.com/TX/Canyon-Lake/28-Janine-78133/home/168205683,Sabor,1402727,N,Y,29.9476402,-98.2626676
PAST SALE,January-7-2019,Vacant Land,243 Marlys Ave,Canyon Lake,TX,78133,25000,,,Comal/Guadalupe/Gonzales,,23870,0.547979798," $45,622 ",,471,,99,Sold,,,http://www.redfin.com/TX/Canyon-Lake/243-Marlys-Ave-78133/home/33464094,ACTRIS,5884971,N,Y,29.9593336,-98.2632371
PAST SALE,December-28-2019,Vacant Land,1261 Mountain View Dr,Canyon Lake,TX,78133,45000,,,Canyon Lake Shores,,43124,0.989990817," $45,455 ",,116,,,Sold,,,http://www.redfin.com/TX/Canyon-Lake/1261-Mountain-View-Dr-78133/home/33400569,Sabor,1398210,N,Y,29.9277686,-98.2865754
PAST SALE,November-20-2018,Vacant Land,LOT 1 Log Cabin,Fischer,TX,78623,24000,,,Rancho Del Lago Ph X,,23086,0.529981635," $45,285 ",,519,,,Sold,,,http://www.redfin.com/TX/Canyon-Lake/LOT-1-Log-Cabin-Ln-78623/home/147996715,Sabor,1347208,N,Y,29.964173,-98.249407
PAST SALE,October-6-2018,Vacant Land,136 Restless Wind,Spring Branch,TX,78070,59000,,,Serenity Oaks,,57063,1.309986226," $45,039 ",,564,,21,Sold,,,http://www.redfin.com/TX/Spring-Branch/136-Restless-Wind-78070/home/45077939,Sabor,1290200,N,Y,29.9050942,-98.375471
PAST SALE,September-17-2019,Vacant Land,3721 Summit Dr,New Braunfels,TX,78132,45000,,,The Summit,43560,43560,1," $45,000 ",,218,1,,Sold,,,http://www.redfin.com/TX/Canyon-Lake/3721-Summit-Dr-78132/home/33473317,Sabor,1405397,N,Y,29.8432,-98.150506
PAST SALE,November-1-2019,Vacant Land,164 (LOT 559) Obscure Way,Spring Branch,TX,78070,66000,,,Mystic Shores,,64033,1.469995409," $44,898 ",,173,,26,Sold,,,http://www.redfin.com/TX/Spring-Branch/164-Obscure-Way-78070/home/33495516,Sabor,1242312,N,Y,29.895935,-98.302297
PAST SALE,May-18-2018,Vacant Land,2472 Comal Spgs,Canyon Lake,TX,78133,45000,,,The Estates At Mountain Spring,,44431,1.019995409," $44,118 ",,705,,25,Sold,,,http://www.redfin.com/TX/Canyon-Lake/2472-Comal-Spgs-78133/home/33344872,Sabor,1298083,N,Y,29.8331803,-98.3167872
PAST SALE,June-19-2019,Vacant Land,535 Lakeway,Spring Branch,TX,78070,11000,,,Comal Hills,10890,10890,0.25," $44,000 ",,308,1,,Sold,,,http://www.redfin.com/TX/Spring-Branch/535-Lakeway-78070/home/33410394,Sabor,1375877,N,Y,29.9326288,-98.3934067
PAST SALE,May-16-2019,Vacant Land,645 Fawn Trl,Canyon Lake,TX,78133,43990,,,Morrwoods Ranch,43560,43560,1," $43,990 ",,342,1,,Sold,,,http://www.redfin.com/TX/Canyon-Lake/645-Fawn-Trl-78133/home/33448836,Sabor,1346713,N,Y,29.8494627,-98.2421861
PAST SALE,June-8-2018,Vacant Land,0 Spring Branch Rd,Spring Branch,TX,78070,24500,,,Rivermont,24508,24393,0.559986226," $43,751 ",,684,1,23,Sold,,,http://www.redfin.com/TX/Spring-Branch/6560-Spring-Branch-Rd-78070/home/33462205,Sabor,1298790,N,Y,29.878669,-98.457171
PAST SALE,January-25-2019,Vacant Land,2380 Cypress Gardens Blvd,Spring Branch,TX,78070,14000,,,Cypress Lake Gardens,,13939,0.319995409," $43,751 ",,453,,5,Sold,,,http://www.redfin.com/TX/Spring-Branch/2380-Cypress-Gardens-Blvd-78070/home/33419220,Sabor,1309333,N,Y,29.9238291,-98.3841343
PAST SALE,March-22-2019,Vacant Land,664 Lasso Loop,Canyon Lake,TX,78133,24000,,,Rocky Creek Ranch,,23958,0.55," $43,636 ",,397,,15,Sold,,,http://www.redfin.com/TX/Canyon-Lake/664-Lasso-Loop-78133/home/33464083,Sabor,1367797,N,Y,29.9557745,-98.2648243
PAST SALE,April-11-2019,Vacant Land,1245 Via Principale,New Braunfels,TX,78132,70000,,,Vintage Oaks,,70131,1.609986226," $43,479 ",,377,,41,Sold,,,http://www.redfin.com/TX/New-Braunfels/1245-Via-Principale-78132/home/66888320,Sabor,1365566,N,Y,29.7931202,-98.2730492
PAST SALE,May-31-2018,Vacant Land,2511 Comal Spgs,Canyon Lake,TX,78133,43500,,,Mountain Springs Ran,,43995,1.009986226," $43,070 ",,692,,25,Sold,,,http://www.redfin.com/TX/Canyon-Lake/Cypress-Dr-78133/home/33345186,Sabor,1296162,N,Y,29.832198,-98.314334
PAST SALE,October-22-2019,Vacant Land,318 Gallagher,Canyon Lake,TX,78133,26000,,,Woodlands,,26353,0.604981635," $42,977 ",,183,,,Sold,,,http://www.redfin.com/TX/Canyon-Lake/318-Gallagher-Dr-78133/home/33481017,Sabor,1412264,N,Y,29.850518,-98.264684
PAST SALE,May-7-2019,Vacant Land,323 Line Camp Loop,Spring Branch,TX,78070,17125,,,Cypress Lake Gardens,17360,17358,0.398484848," $42,975 ",,351,1,5,Sold,,,http://www.redfin.com/TX/Spring-Branch/323-Line-Camp-Loop-78070/home/33417603,Sabor,1362241,N,Y,29.9268076,-98.3922121
PAST SALE,July-15-2019,Vacant Land,5745 Palisades Vw,New Braunfels,TX,78132,75000,,,Copper Ridge,,76230,1.75," $42,857 ",,282,,67,Sold,,,http://www.redfin.com/TX/New-Braunfels/5745-Palisades-Vw-78132/home/33372531,Sabor,1277750,N,Y,29.7451298,-98.2514331
PAST SALE,October-4-2019,Vacant Land,316 Prairie Tea Ln,Canyon Lake,TX,78133,32000,,,Summit North,,32670,0.75," $42,667 ",,201,,8,Sold,,,http://www.redfin.com/TX/Canyon-Lake/316-Prairie-Tea-Ln-78133/home/33491053,Sabor,1401318,N,Y,29.9677229,-98.2840257
PAST SALE,December-14-2019,Vacant Land,112 Santa Maria Ct,Canyon Lake,TX,78133,64000,,,Ensenada Shores,,65340,1.5," $42,667 ",,130,,71,Sold,,,http://www.redfin.com/TX/Canyon-Lake/112-Santa-Maria-Ct-78133/home/33343264,Sabor,1380176,N,Y,29.8675502,-98.2850028
PAST SALE,May-17-2019,Vacant Land,2362 Appellation,New Braunfels,TX,78132,49900,,,Vintage Oaks at The Vineyard,,50965,1.169995409," $42,650 ",,341,,50,Sold,,,http://www.redfin.com/TX/New-Braunfels/2362-Appellation-78132/home/33369892,HARMLS,16764929,N,Y,29.7888919,-98.2566751
PAST SALE,February-14-2019,Vacant Land,111 Flat Crk,Canyon Lake,TX,78133,48000,,,Mountain Springs Ran,49223,49222,1.129981635," $42,479 ",,433,1,25,Sold,,,http://www.redfin.com/TX/Canyon-Lake/111-Flat-Crk-78133/home/33341590,Sabor,1334437,N,Y,29.8319606,-98.3296649
PAST SALE,January-25-2019,Vacant Land,918 Rhinestone,Canyon Lake,TX,78133,43000,,,Mystic Bluffs,,44431,1.019995409," $42,157 ",,453,,,Sold,,,http://www.redfin.com/TX/Canyon-Lake/918-Rhinestone-78133/home/33374764,Sabor,1340965,N,Y,29.9314019,-98.2898532
PAST SALE,June-30-2018,Vacant Land,000 Elk Dr,Spring Branch,TX,78070,29000,,,Deer River,,30056,0.689990817," $42,030 ",,662,,2,Sold,,,http://www.redfin.com/TX/Spring-Branch/7850-Elk-Dr-78070/home/33422973,Sabor,1322786,N,Y,29.9466064,-98.383337
PAST SALE,January-17-2019,Vacant Land,503 Long Mdw,Spring Branch,TX,78070,57500,,,River Crossing,,59677,1.369995409," $41,971 ",,461,,22,Sold,,,http://www.redfin.com/TX/Spring-Branch/503-Long-Mdw-78070/home/33493398,Sabor,1261128,N,Y,29.819338,-98.400706
PAST SALE,August-13-2019,Vacant Land,00 Marlys Ave,Canyon Lake,TX,78133,25000,,,Rocky Creek,,26136,0.6," $41,667 ",,253,,7,Sold,,,http://www.redfin.com/TX/Unknown/Marlys-Ave-78133/home/33464091,Sabor,1401097,N,Y,29.958743,-98.261486
PAST SALE,July-2-2019,Vacant Land,114 Terra Vista Ct,Canyon Lake,TX,78133,52000,,,Ensenada Shores At Canyon Lake,,54450,1.25," $41,600 ",,295,,71,Sold,,,http://www.redfin.com/TX/Canyon-Lake/114-Terra-Vista-Ct-78133/home/33339553,Sabor,1157275,N,Y,29.866643,-98.2869906
PAST SALE,February-13-2019,Vacant Land,32926 Flat Rock Vw,Bulverde,TX,78163,67750,,,Bulverde Estates,,71438,1.639990817," $41,311 ",,434,,,Sold,,,http://www.redfin.com/TX/Bulverde/32926-Flat-Rock-Vw-78163/home/33382758,Sabor,1355665,N,Y,29.7813669,-98.4467418
PAST SALE,May-11-2018,Vacant Land,1775 Silver Hills Dr,Boerne,TX,78006,57000,,,Silver Hills,,60112,1.379981635," $41,305 ",,712,,2,Sold,,,http://www.redfin.com/TX/Boerne/1775-Silver-Hills-Dr-78006/home/33470705,Sabor,1305504,N,Y,29.7845714,-98.5891323
PAST SALE,October-5-2018,Vacant Land,229 High Point Cir,Spring Branch,TX,78070,41000,,,Mystic Shores,,43560,1," $41,000 ",,565,,26,Sold,,,http://www.redfin.com/TX/Spring-Branch/229-High-Point-Cir-78070/home/33341457,Sabor,1321195,N,Y,29.934731,-98.329697
PAST SALE,July-19-2019,Vacant Land,236 Hilltop Rdg,New Braunfels,TX,78132,41000,,,The Summit,,43995,1.009986226," $40,595 ",,278,,,Sold,,,http://www.redfin.com/TX/New-Braunfels/236-Hilltop-Rdg-78132/home/33473703,Sabor,1393415,N,Y,29.8360105,-98.1486825
PAST SALE,December-18-2019,Vacant Land,192 Primrose Path,Canyon Lake,TX,78133,40500,,,Summit North,,43560,1," $40,500 ",,126,,5,Sold,,,http://www.redfin.com/TX/Canyon-Lake/192-Primrose-PATH-78133/home/170000470,Sabor,1426800,N,Y,29.8781434,-98.2431747
PAST SALE,July-22-2018,Vacant Land,1170 Madrone Rd,Fischer,TX,78623,48500,,,Comal/Guadalupe/Gonzales,,52272,1.2," $40,417 ",,640,,13,Sold,,,http://www.redfin.com/TX/Fischer/Unknown-78623/home/33337479,ACTRIS,9007388,N,Y,29.946348,-98.240809
PAST SALE,August-19-2019,Vacant Land,223 Eagle Rock Rd,Spring Branch,TX,78070,20500,,,Cypress Cove Comal,,22215,0.509986226," $40,197 ",,247,,2,Sold,,,http://www.redfin.com/TX/Spring-Branch/223-Eagle-Rock-Rd-78070/home/33417071,Sabor,1401601,N,Y,29.9437701,-98.3449106
PAST SALE,May-15-2019,Vacant Land,114 High Point Cir,Spring Branch,TX,78070,40000,,,Mystic Shores,,43560,1," $40,000 ",,343,,29,Sold,,,http://www.redfin.com/TX/Spring-Branch/114-High-Point-Cir-78070/home/33341425,Sabor,1360865,N,Y,29.941452,-98.336847
PAST SALE,December-11-2019,Vacant Land,224 High Point Cir,Spring Branch,TX,78070,40000,,,Mystic Shores,,43560,1," $40,000 ",,133,,29,Sold,,,http://www.redfin.com/TX/Spring-Branch/224-High-Point-Cir-78070/home/33341482,Sabor,1424175,N,Y,29.93436,-98.330912
PAST SALE,September-20-2018,Vacant Land,1258 Mystic Shores Blvd,Spring Branch,TX,78070,40000,,,Mystic Shores,,43995,1.009986226," $39,605 ",,580,,26,Sold,,,http://www.redfin.com/TX/Spring-Branch/1258-Mystic-Shores-Blvd-78070/home/33346507,Sabor,1199298,N,Y,29.93684,-98.3254447
PAST SALE,July-27-2018,Vacant Land,877 Gallagher Dr,Canyon Lake,TX,78133,22000,,,Woodlands,24175,24393,0.559986226," $39,287 ",,635,1,,Sold,,,http://www.redfin.com/TX/Canyon-Lake/877-Gallagher-Dr-78133/home/33480474,Sabor,1302984,N,Y,29.85706,-98.261824
PAST SALE,April-11-2019,Vacant Land,1089 (LOT 1336) Star Rdg,Spring Branch,TX,78070,55000,,,Mystic Shores,,60983,1.399977043," $39,286 ",,377,,29,Sold,,,http://www.redfin.com/TX/Spring-Branch/1089-Star-Rdg-78070/home/33341509,Sabor,1338090,N,Y,29.926243,-98.312807
PAST SALE,July-10-2018,Vacant Land,LOT B Tanglewood Trl,Spring Branch,TX,78070,45000,,,Cypress Cove Comal,50007,50093,1.149977043," $39,131 ",,652,1,4,Sold,,,http://www.redfin.com/TX/Spring-Branch/LOT-B-Tanglewood-Trl-78070/home/146038912,Sabor,1318275,N,Y,29.9285942,-98.3425148
PAST SALE,December-18-2019,Vacant Land,343 Toucan Dr,Spring Branch,TX,78070,39900,,,Mystic Shores 17,,44431,1.019995409," $39,118 ",,126,,26,Sold,,,http://www.redfin.com/TX/Spring-Branch/343-Toucan-Dr-78070/home/33354550,HARMLS,9473253,N,Y,29.9282815,-98.3344482
PAST SALE,June-26-2018,Vacant Land,1626 (LOT 695) Decanter,New Braunfels,TX,78132,70000,,,Vintage Oaks At The Vineyard,,77972,1.789990817," $39,106 ",,666,,50,Sold,,,http://www.redfin.com/TX/New-Braunfels/1626-Decanter-Dr-78132/home/33369767,Sabor,1283255,N,Y,29.7939159,-98.2663742
PAST SALE,June-29-2018,Vacant Land,1235 Mystic Pkwy,Spring Branch,TX,78070,42900,,,Mystic Shores,,47916,1.1," $39,000 ",,663,,26,Sold,,,http://www.redfin.com/TX/Spring-Branch/1235-Mystic-Pkwy-78070/home/33495593,Sabor,1295125,N,Y,29.905745,-98.305724
PAST SALE,May-3-2019,Vacant Land,5733 Palisades Vw,New Braunfels,TX,78132,74500,,,Copper Ridge,,83635,1.919995409," $38,802 ",,355,,81,Sold,,,http://www.redfin.com/TX/New-Braunfels/5733-Palisades-Vw-78132/home/33372527,Sabor,1307493,N,Y,29.7440618,-98.2511209
PAST SALE,April-25-2018,Vacant Land,220 Brooklynn Ln,Canyon Lake,TX,78133,22500,,,Greens At Canyon Lake,,25264,0.579981635," $38,794 ",,728,,30,Sold,,,http://www.redfin.com/TX/Canyon-Lake/220-Brooklynn-Ln-78133/home/33489400,Sabor,1294001,N,Y,29.8491552,-98.2502565
PAST SALE,July-18-2019,Vacant Land,1018 El Capitan Trl,Canyon Lake,TX,78133,41000,,,First Mountain,,46173,1.059986226," $38,680 ",,279,,108,Sold,,,http://www.redfin.com/TX/Canyon-Lake/1018-El-Capitan-Trl-78133/home/33509928,Sabor,1379896,N,Y,29.8532925,-98.2194714
PAST SALE,June-28-2019,Vacant Land,1263 Glenwood Loop,Bulverde,TX,78163,50000,,,Glenwood,,56628,1.3," $38,462 ",,299,,61,Sold,,,http://www.redfin.com/TX/Bulverde/1263-Glenwood-Loop-78163/home/33340652,Sabor,1381653,N,Y,29.786116,-98.54444
PAST SALE,August-6-2019,Vacant Land,380 Antler Dr,Spring Branch,TX,78070,10000,,,Lake Of The Hills,,11373,0.261088154," $38,301 ",,260,,,Sold,,,http://www.redfin.com/TX/Spring-Branch/380-Antler-Dr-78070/home/33443735,Sabor,1392852,N,Y,29.9491991,-98.4003818
PAST SALE,December-2-2019,Vacant Land,2016 Brunello,New Braunfels,TX,78132,59500,,,Vintage Oaks,,67953,1.559986226," $38,141 ",,142,,50,Sold,,,http://www.redfin.com/TX/New-Braunfels/2016-Brunello-78132/home/110079551,Sabor,1366077,N,Y,29.8037917,-98.2768205
PAST SALE,May-15-2019,Vacant Land,380 Prairie Tea,Canyon Lake,TX,78133,28000,,,The Summit North,,32190,0.738980716," $37,890 ",,343,,5,Sold,,,http://www.redfin.com/TX/Canyon-Lake/380-Prairie-Tea-78133/home/161385564,Sabor,1375645,N,Y,29.9673625,-98.2849176
PAST SALE,July-19-2019,Vacant Land,106 Liberty Bell Ln,Fischer,TX,78623,41500,,,Summit Estates At Fischer Texa,,47916,1.1," $37,727 ",,278,,8,Sold,,,http://www.redfin.com/TX/FISCHER/106-LIBERTY-BELL-LN-78623/home/33338626,Sabor,1371204,N,Y,29.986297,-98.266976
PAST SALE,March-22-2019,Vacant Land,258 Wilderness Crk,Canyon Lake,TX,78133,57500,,,Mountain Springs Ran,,67518,1.55," $37,097 ",,397,,50,Sold,,,http://www.redfin.com/TX/Canyon-Lake/258-Wilderness-Crk-78133/home/33344899,Sabor,1305644,N,Y,29.8271497,-98.3133626
PAST SALE,March-31-2020,Vacant Land,227(LOT 1335) Paradise Hls,New Braunfels,TX,78132,39900,,,River Chase,,47044,1.079981635," $36,945 ",,22,,17,Sold,,,http://www.redfin.com/TX/New-Braunfels/227-Paradise-Hls-78132/home/33347764,Sabor,1367352,N,Y,29.8351112,-98.0946549
PAST SALE,July-25-2019,Vacant Land,1000 Kings Cove Dr,Canyon Lake,TX,78133,39900,,,Kings Cove 1,,47324,1.08640955," $36,726 ",,272,,25,Sold,,,http://www.redfin.com/TX/Canyon-Lake/1000-Kings-Cove-Dr-78133/home/33440867,HARMLS,58015550,N,Y,29.8795186,-98.2898724
PAST SALE,January-30-2020,Vacant Land,427 Rittimann Rd,Spring Branch,TX,78070,70000,,,The Crossing At Spring Creek,,83199,1.909986226," $36,649 ",,83,,20,Sold,,,http://www.redfin.com/TX/Spring-Branch/427-Rittimann-Rd-78070/home/33350710,Sabor,1420931,N,Y,29.8974876,-98.4357818
PAST SALE,February-4-2020,Vacant Land,1310 Estate Dr,New Braunfels,TX,78132,37700,,,The Summit,,44953,1.03197888," $36,532 ",,78,,,Sold,,,http://www.redfin.com/TX/New-Braunfels/1310-Estate-Dr-78132/home/33473806,Sabor,1434141,N,Y,29.840245,-98.1435796
PAST SALE,May-8-2019,Vacant Land,227 Stars And Stripes,Fischer,TX,78623,43000,,,Summit Estates At Fischer Texa,,51400,1.179981635," $36,441 ",,350,,,Sold,,,http://www.redfin.com/TX/Fischer/227-Stars-and-Stripes-78623/home/33349212,Sabor,1344952,N,Y,29.9970315,-98.2658293
PAST SALE,May-18-2018,Vacant Land,3963 Summit Hurst,New Braunfels,TX,78132,38000,,,Comal/Guadalupe/Gonzales,,45520,1.044995409," $36,364 ",,705,,,Sold,,,http://www.redfin.com/TX/New-Braunfels/3963-Summit-Hurst-78132/home/144837951,ACTRIS,3461143,N,Y,29.8363344,-98.1524454
PAST SALE,May-16-2019,Vacant Land,1105 Happy Hollow Dr,New Braunfels,TX,78132,40000,,,The Summit,,47916,1.1," $36,364 ",,342,,,Sold,,,http://www.redfin.com/TX/New-Braunfels/1105-Happy-Hollow-Dr-78132/home/33473782,Sabor,1379998,N,Y,29.8404616,-98.1418459
PAST SALE,May-15-2019,Vacant Land,2640 Comal Spgs,Canyon Lake,TX,78133,61000,,,Mountain Springs Ran,,73180,1.679981635," $36,310 ",,343,,25,Sold,,,http://www.redfin.com/TX/Canyon-Lake/2640-Comal-Spgs-78133/home/33344825,Sabor,1308060,N,Y,29.8296982,-98.3180052
PAST SALE,February-3-2020,Vacant Land,521 Hilltop Rdg,New Braunfels,TX,78132,37700,,,The Summit,,45258,1.038980716," $36,286 ",,79,,,Sold,,,http://www.redfin.com/TX/New-Braunfels/521-Hilltop-Rdg-78132/home/33473757,Sabor,1435475,N,Y,29.8362048,-98.1450313
PAST SALE,July-18-2019,Vacant Land,654 Rayner Ranch Blvd,Spring Branch,TX,78070,39900,,,Serenity Oaks,,48177,1.105991736," $36,076 ",,279,,21,Sold,,,http://www.redfin.com/TX/Spring-Branch/654-Rayner-Ranch-Blvd-78070/home/33495296,Sabor,1388944,N,Y,29.9075,-98.366457
PAST SALE,December-18-2018,Vacant Land,745 Caballo Trl,Canyon Lake,TX,78133,43500,,,Las Brisas,,52707,1.209986226," $35,951 ",,491,,63,Sold,,,http://www.redfin.com/TX/Canyon-Lake/745-Caballo-Trl-78133/home/33343350,Sabor,1235669,N,Y,29.8543622,-98.2810399
PAST SALE,April-1-2020,Vacant Land,234 (LOT 1609) Puzzle Pass,Spring Branch,TX,78070,53000,,,Mystic Shores,,64904,1.489990817," $35,571 ",,21,,31,Sold,,,http://www.redfin.com/TX/Spring-Branch/234-Puzzle-Pass-78070/home/33346551,Sabor,1418590,N,Y,29.9013617,-98.3061445
PAST SALE,June-20-2018,Vacant Land,5351 Chimney Rock,Canyon Lake,TX,78133,21000,,,Emerald Valley,,26136,0.6," $35,000 ",,672,,,Sold,,,http://www.redfin.com/TX/Canyon-Lake/5351-Chimney-Rock-78133/home/33427225,Sabor,1313993,N,Y,29.8857021,-98.1713723
PAST SALE,July-3-2019,Vacant Land,271 Pfeil High Acres Rd,Canyon Lake,TX,78133,35000,,,Rural Acres,43560,43560,1," $35,000 ",,294,1,,Sold,,,http://www.redfin.com/TX/Canyon-Lake/271-Pfeil-High-Acres-Rd-78133/home/33455225,Sabor,1382304,N,Y,29.9020024,-98.2026087
PAST SALE,August-28-2018,Vacant Land,1751 Mountain Spgs,Canyon Lake,TX,78133,45000,,,Mountain Springs Ran,56192,56192,1.289990817," $34,884 ",,603,1,25,Sold,,,http://www.redfin.com/TX/Canyon-Lake/Unknown-78133/home/33344561,Sabor,1306511,N,Y,29.818072,-98.34141
PAST SALE,April-23-2019,Vacant Land,120 Oyster Spgs,Canyon Lake,TX,78133,35500,,,Mountain Springs Ran,,44431,1.019995409," $34,804 ",,365,,25,Sold,,,http://www.redfin.com/TX/Canyon-Lake/120-Oyster-Spgs-78133/home/33341578,Sabor,1351079,N,Y,29.8313532,-98.3309666
PAST SALE,November-29-2018,Vacant Land,580 Lorne Rd,Canyon Lake,TX,78133,35000,,,Woodlands,,43995,1.009986226," $34,654 ",,510,,,Sold,,,http://www.redfin.com/TX/Canyon-Lake/580-Lorne-Rd-78133/home/33334440,Sabor,1350431,N,Y,29.8485359,-98.2597016
PAST SALE,November-16-2018,Vacant Land,255 Will Rogers Dr,Spring Branch,TX,78070,9000,,,Comal Hills,,11325,0.259986226," $34,617 ",,523,,,Sold,,,http://www.redfin.com/TX/Spring-Branch/255-Will-Rogers-Dr-78070/home/33410485,Sabor,1341731,N,Y,29.933101,-98.3981899
PAST SALE,July-31-2019,Vacant Land,258 High Point Cir,Spring Branch,TX,78070,36000,,,Mystic Shores,,46173,1.059986226," $33,963 ",,266,,24,Sold,,,http://www.redfin.com/TX/Spring-Branch/258-High-Point-Cir-78070/home/167774779,Sabor,1379546,N,Y,29.931878,-98.329888
PAST SALE,June-18-2018,Vacant Land,3018 Comal Spgs,Canyon Lake,TX,78133,50000,,,Mountain Springs Ran,,64468,1.479981635," $33,784 ",,674,,25,Sold,,,http://www.redfin.com/TX/Canyon-Lake/3018-Comal-Spgs-78133/home/33345138,Sabor,1305351,N,Y,29.8256141,-98.3267275
PAST SALE,October-31-2018,Vacant Land,1182 Mystic Shores Blvd,Spring Branch,TX,78070,67500,,,Mystic Shores,,87120,2," $33,750 ",,539,,54,Sold,,,http://www.redfin.com/TX/Spring-Branch/1182-Mystic-Shores-Blvd-78070/home/33331460,Sabor,1311576,N,Y,29.9319412,-98.320824
PAST SALE,March-1-2019,Vacant Land,2517 Otter Way,New Braunfels,TX,78132,65000,,,Havenwood,,84506,1.939990817," $33,505 ",,418,,65,Sold,,,http://www.redfin.com/TX/New-Braunfels/2517-Otter-Way-78132/home/33352236,Sabor,1280933,N,Y,29.7821834,-98.0576946
PAST SALE,February-4-2020,Vacant Land,108 Jackson Crk,Canyon Lake,TX,78133,47000,,,Mountain Springs Ran,,61419,1.409986226," $33,334 ",,78,,25,Sold,,,http://www.redfin.com/TX/Canyon-Lake/108-Jackson-Crk-78133/home/167588572,Sabor,1405225,N,Y,29.8304614,-98.339572
PAST SALE,August-28-2019,Vacant Land,449 Upland Ct,Canyon Lake,TX,78133,48000,,,Mountain Springs Ran,,62726,1.439990817," $33,334 ",,238,,25,Sold,,,http://www.redfin.com/TX/Canyon-Lake/449-Upland-Ct-78133/home/33344926,Sabor,1065766,N,Y,29.8301153,-98.3221217
PAST SALE,August-22-2018,Vacant Land,464 Upland Ct,Canyon Lake,TX,78133,49000,,,Mountain Springs Ran,,64033,1.469995409," $33,333 ",,609,,25,Sold,,,http://www.redfin.com/TX/Canyon-Lake/Unknown-78133/home/33344816,Sabor,1305045,N,Y,29.829304,-98.323596
PAST SALE,January-17-2020,Vacant Land,329 Arthur Ct,Spring Branch,TX,78070,42500,,,Mystic Shores,,55756,1.279981635," $33,204 ",,96,,26,Sold,,,http://www.redfin.com/TX/Spring-Branch/329-Arthur-Ct-78070/home/33346571,Sabor,1416182,N,Y,29.900753,-98.3075655
PAST SALE,February-7-2020,Vacant Land,269 Puzzle Pass,Spring Branch,TX,78070,42500,,,Mystic Shores,,55756,1.279981635," $33,204 ",,75,,26,Sold,,,http://www.redfin.com/TX/Spring-Branch/269-Puzzle-Pass-78070/home/33346600,Sabor,1400177,N,Y,29.8989595,-98.3049098
PAST SALE,September-17-2019,Vacant Land,3226 Hawthorne,Spring Branch,TX,78070,45000,,,Spring Branch,,59851,1.373989899," $32,751 ",,218,,3,Sold,,,http://www.redfin.com/TX/Spring-Branch/3226-Hawthorne-Rd-78070/home/33479831,ACTRIS,4488021,N,Y,29.8290254,-98.3668636
PAST SALE,June-28-2018,Vacant Land,9036 Creekwood Pass,Spring Branch,TX,78070,49900,,,Creekwood Ranches,,66646,1.529981635," $32,615 ",,664,,,Sold,,,http://www.redfin.com/TX/Spring-Branch/9036-Creekwood-Pass-78070/home/33412712,Sabor,1299480,N,Y,29.8247334,-98.3713327
PAST SALE,February-15-2019,Vacant Land,0 Preakness Pass,Bulverde,TX,78163,65000,,,Rim Rock Ranch,,87120,2," $32,500 ",,432,,10,Sold,,,http://www.redfin.com/TX/Unknown/Preakness-Pass-78163/home/64342217,Sabor,1359925,N,Y,29.7576544,-98.3606828
PAST SALE,May-22-2018,Vacant Land,1634 Decanter Dr,New Braunfels,TX,78132,74000,,,Vintage Oaks At The Vineyard,,99752,2.289990817," $32,315 ",,701,,25,Sold,,,http://www.redfin.com/TX/New-Braunfels/1634-Decanter-Dr-78132/home/33369765,Sabor,1291317,N,Y,29.7939915,-98.2649221
PAST SALE,August-3-2018,Vacant Land,228 High Point Cir,Spring Branch,TX,78070,32000,,,Mystic Shores,,43560,1," $32,000 ",,628,,26,Sold,,,http://www.redfin.com/TX/Spring-Branch/228-High-Point-Cir-78070/home/33341483,Sabor,1324720,N,Y,29.934085,-98.330632
PAST SALE,June-12-2018,Vacant Land,229 Lois Ln,Canyon Lake,TX,78133,54000,,,Morrwoods Ranch,,73572,1.688980716," $31,972 ",,680,,,Sold,,,http://www.redfin.com/TX/Canyon-Lake/229-Lois-Ln-78133/home/33524784,Sabor,1310015,N,Y,29.8412174,-98.2273607
PAST SALE,May-17-2019,Vacant Land,344 Warbler Dr,Spring Branch,TX,78070,35000,,,Mystic Shores,,47916,1.1," $31,818 ",,341,,29,Sold,,,http://www.redfin.com/TX/Spring-Branch/344-Warbler-Dr-78070/home/33341426,Sabor,1371165,N,Y,29.933002,-98.332605
PAST SALE,January-30-2019,Vacant Land,2608 Wild Cat Roost,New Braunfels,TX,78132,40000,,,Comal/Guadalupe/Gonzales,,54885,1.259986226," $31,746 ",,448,,65,Sold,,,http://www.redfin.com/TX/New-Braunfels/2608-Wild-Cat-Roost-78132/home/33351818,ACTRIS,8745795,N,Y,29.7886046,-98.0612662
PAST SALE,July-23-2018,Vacant Land,1532 Desiree St,Canyon Lake,TX,78133,16000,,,Comal/Guadalupe/Gonzales,,21997,0.504981635," $31,684 ",,639,,7,Sold,,,http://www.redfin.com/TX/Canyon-Lake/1532-Desiree-St-78133/home/147158521,ACTRIS,6584875,N,Y,29.9548881,-98.2698731
PAST SALE,March-8-2019,Vacant Land,23441 (LOT 195) N Cranes Ml,Spring Branch,TX,78070,32000,,,Mystic Shores,,43995,1.009986226," $31,684 ",,411,,29,Sold,,,http://www.redfin.com/TX/Spring-Branch/23441-LOT-195-N-Cranes-Ml-78070/home/148548758,Sabor,1355274,N,Y,29.8405513,-98.4104996
PAST SALE,July-30-2019,Vacant Land,5030 Kenilworth Blvd,Spring Branch,TX,78070,70000,,,Whispering Hills,,96703,2.219995409," $31,532 ",,267,,3,Sold,,,http://www.redfin.com/TX/Spring-Branch/5030-Kenilworth-Blvd-78070/home/33479200,Sabor,1369180,N,Y,29.818794,-98.360423
PAST SALE,August-20-2019,Vacant Land,142 Wizard Way,Spring Branch,TX,78070,68000,,,Mystic Shores,,94089,2.159986226," $31,482 ",,246,,29,Sold,,,http://www.redfin.com/TX/Spring-Branch/142-Wizard-Way-78070/home/33492251,Sabor,1389526,N,Y,29.9247641,-98.2966626
PAST SALE,October-9-2019,Vacant Land,559 Rio Ridge Pkwy,Spring Branch,TX,78070,33000,,,Mystic Shores,45738,45738,1.05," $31,429 ",,196,1,26,Sold,,,http://www.redfin.com/TX/Spring-Branch/559-Rio-Ridge-Pkwy-78070/home/33365538,Sabor,1301690,N,Y,29.9096549,-98.3162307
PAST SALE,July-5-2018,Vacant Land,346 (LOT 1244) Toucan Dr,Spring Branch,TX,78070,32000,,,Mystic Shores,,44431,1.019995409," $31,373 ",,657,,26,Sold,,,http://www.redfin.com/TX/Spring-Branch/346-Toucan-Dr-78070/home/33354542,Sabor,1301990,N,Y,29.9280787,-98.3356897
PAST SALE,July-9-2018,Vacant Land,268 Toucan Dr,Spring Branch,TX,78070,32000,,,Comal/Guadalupe/Gonzales,,44431,1.019995409," $31,373 ",,653,,22,Sold,,,http://www.redfin.com/TX/Spring-Branch/268-Toucan-Dr-78070/home/33354492,ACTRIS,3014338,N,Y,29.9327083,-98.3356698
PAST SALE,June-4-2018,Vacant Land,6 Inverness Ct,Bulverde,TX,78163,50000,,,The Highlands,,70131,1.609986226," $31,056 ",,688,,28,Sold,,,http://www.redfin.com/TX/Bulverde/6-Inverness-Ct-78163/home/33435829,Sabor,981642,N,Y,29.779706,-98.41961
PAST SALE,September-24-2019,Vacant Land,127 Oyster Spgs,Canyon Lake,TX,78133,39900,,,Mountain Spgs Ranch 1,,56628,1.3," $30,692 ",,211,,25,Sold,,,http://www.redfin.com/TX/Canyon-Lake/127-Oyster-Spgs-78133/home/33341574,HARMLS,66671097,N,Y,29.8324524,-98.3315722
PAST SALE,July-20-2018,Vacant Land,124 Merlin Ct,Spring Branch,TX,78070,45000,,,Mystic Shores,,64468,1.479981635," $30,406 ",,642,,20,Sold,,,http://www.redfin.com/TX/Spring-Branch/124-Merlin-Ct-78070/home/33492238,Sabor,1220010,N,Y,29.926927,-98.295179
PAST SALE,February-26-2020,Vacant Land,274 Puzzle Pass,Spring Branch,TX,78070,45000,,,Mystic Shores,,64904,1.489990817," $30,202 ",,56,,26,Sold,,,http://www.redfin.com/TX/Spring-Branch/274-Puzzle-Pass-78070/home/147461926,Sabor,1388547,N,Y,29.8981628,-98.3060354
PAST SALE,July-31-2018,Vacant Land,9000 Ashford Dr,Spring Branch,TX,78070,41000,,,Whispering Hills,,60112,1.379981635," $29,711 ",,631,,3,Sold,,,http://www.redfin.com/TX/Spring-Branch/9000-Ashford-Dr-78070/home/33479330,Sabor,1315693,N,Y,29.8230157,-98.3572909
PAST SALE,November-9-2018,Vacant Land,1114 Long Holw,Canyon Lake,TX,78133,30000,,,Mystic Bluffs,,43995,1.009986226," $29,703 ",,530,,,Sold,,,http://www.redfin.com/TX/Canyon-Lake/1114-Long-Holw-78133/home/146421655,Sabor,1342688,N,Y,29.932275,-98.290606
PAST SALE,April-18-2019,Vacant Land,8028 Ashford Dr,Spring Branch,TX,78070,51000,,,Whispering Hills,75010,74923,1.719995409," $29,651 ",,370,1,1,Sold,,,http://www.redfin.com/TX/Spring-Branch/8028-Ashford-Dr-78070/home/33479100,Sabor,1360883,N,Y,29.8229049,-98.3556843
PAST SALE,September-18-2019,Vacant Land,129 Line Camp Cir,Spring Branch,TX,78070,33000,,,Cypress Lake Gardens,,48656,1.116988062," $29,544 ",,217,,5,Sold,,,http://www.redfin.com/TX/Spring-Branch/129-Line-Camp-Cir-78070/home/33417633,Sabor,1410264,N,Y,29.925494,-98.391185
PAST SALE,March-1-2019,Vacant Land,926 Mimosa Ct,Fischer,TX,78623,31000,,,Rancho Del Lago Ph 7,,45738,1.05," $29,524 ",,418,,,Sold,,,http://www.redfin.com/TX/Fischer/926-Mimosa-Ct-78623/home/33457680,Sabor,1364732,N,Y,29.960859,-98.247727
PAST SALE,December-17-2019,Vacant Land,105 Freedom St,Fischer,TX,78623,30000,,,Summit Estates At Fischer Texa,,44431,1.019995409," $29,412 ",,127,,8,Sold,,,http://www.redfin.com/TX/Fischer/105-Freedom-St-78623/home/169652849,Sabor,1422401,N,Y,29.9912924,-98.2630651
PAST SALE,July-20-2018,Vacant Land,1033 Moonlight Dr,Canyon Lake,TX,78133,60000,,,Hills Of Muntain Springs Ranch,,88862,2.039990817," $29,412 ",,642,,50,Sold,,,http://www.redfin.com/TX/Canyon-Lake/1033-Moonlight-Dr-78133/home/33344896,Sabor,1288980,N,Y,29.8256904,-98.3137551
PAST SALE,April-29-2019,Vacant Land,6005 Creekwood Pass,Spring Branch,TX,78070,50000,,,Creekwood Ranches,,74052,1.7," $29,412 ",,359,,8,Sold,,,http://www.redfin.com/TX/Spring-Branch/6005-Creekwood-Pass-78070/home/33412901,Sabor,1365628,N,Y,29.8141195,-98.3658703
PAST SALE,June-21-2019,Vacant Land,199 Crane Cir,Spring Branch,TX,78070,64750,,,Mystic Shores,,97138,2.229981635," $29,036 ",,306,,29,Sold,,,http://www.redfin.com/TX/SPRING-BRANCH/TBD-78070/home/33331444,Sabor,1383685,N,Y,29.930831,-98.316068
PAST SALE,May-15-2019,Vacant Land,225 Prairie Tea Ln,Canyon Lake,TX,78133,15000,,,Summit North,,22651,0.519995409," $28,846 ",,343,,5,Sold,,,http://www.redfin.com/TX/Canyon-Lake/225-Prairie-Tea-Ln-78133/home/33491096,Sabor,1323901,N,Y,29.966906,-98.282338
PAST SALE,July-31-2018,Vacant Land,31821 Lake Wind,Bulverde,TX,78163,52500,,,Bulverde Estates,,79279,1.819995409," $28,846 ",,631,,,Sold,,,http://www.redfin.com/TX/Bulverde/31821-Lake-Wind-78163/home/33381614,Sabor,1273620,N,Y,29.7677251,-98.4400324
PAST SALE,February-20-2020,Vacant Land,1324 (LOT 1881) Mystic Shores Blvd,Spring Branch,TX,78070,32000,,,Mystic Shores 15,,48351,1.109986226," $28,829 ",,62,,31,Sold,,,http://www.redfin.com/TX/Spring-Branch/1324-Mystic-Shores-Blvd-78070/home/33346479,Sabor,1436540,N,Y,29.9383004,-98.3269014
PAST SALE,January-17-2020,Vacant Land,519 Shortcut Pass,Canyon Lake,TX,78133,60000,,,Mountain Springs Ranch,,91476,2.1," $28,571 ",,96,,25,Sold,,,http://www.redfin.com/TX/Canyon-Lake/519-Shortcut-Pass-78133/home/33345152,Sabor,1396976,N,Y,29.8291103,-98.3259573
PAST SALE,April-12-2019,Vacant Land,0 Mustang Ln,Spring Branch,TX,78070,29000,,,Stallion Estates,,44866,1.029981635," $28,156 ",,376,,21,Sold,,,http://www.redfin.com/TX/Spring-Branch/342-Mustang-Ln-78070/home/33493814,Sabor,1214462,N,Y,29.959313,-98.3855047
PAST SALE,January-27-2020,Vacant Land,3950 Summit Hurst,New Braunfels,TX,78152,50000,,,The Summit,,77536,1.779981635," $28,090 ",,86,,,Sold,,,http://www.redfin.com/TX/New-Braunfels/3950-Summit-Hurst-78132/home/146077775,Sabor,1423546,N,Y,29.8366215,-98.1532998
PAST SALE,September-14-2018,Vacant Land,1348 Bordeaux Ln,New Braunfels,TX,78132,50000,,,Vintage Oaks,,77536,1.779981635," $28,090 ",,586,,75,Sold,,,http://www.redfin.com/TX/New-Braunfels/1348-Bordeaux-Ln-78132/home/33367410,Sabor,1328946,N,Y,29.7807216,-98.2545617
PAST SALE,June-1-2018,Vacant Land,1035 Flint Ln,Spring Branch,TX,78070,45000,,,Mystic Shores,,70131,1.609986226," $27,951 ",,691,,26,Sold,,,http://www.redfin.com/TX/Spring-Branch/1035-Flint-Ln-78070/home/33341538,Sabor,1189157,N,Y,29.922488,-98.308892
PAST SALE,September-11-2019,Vacant Land,1206 Brads Flight,Canyon Lake,TX,78133,36000,,,Enclave,,56628,1.3," $27,692 ",,224,,185,Sold,,,http://www.redfin.com/TX/Canyon-Lake/1206-Brads-Flight-78133/home/33360395,Sabor,1339246,N,Y,29.9198697,-98.2484807
PAST SALE,April-29-2019,Vacant Land,31227 Retama Rdg,Bulverde,TX,78163,55000,,,Rim Rock Ranch,,87120,2," $27,500 ",,359,,10,Sold,,,http://www.redfin.com/TX/Bulverde/31227-Retama-Rdg-78163/home/33456736,Sabor,1367321,N,Y,29.757754,-98.3678383
PAST SALE,September-27-2018,Vacant Land,733 Caballo Trl,Canyon Lake,TX,78133,37900,,,Las Brisas At Ensenada Shores,,60112,1.379981635," $27,464 ",,573,,63,Sold,,,http://www.redfin.com/TX/Canyon-Lake/733-Caballo-Trl-78133/home/33343344,Sabor,1155869,N,Y,29.8535506,-98.2804001
PAST SALE,August-31-2018,Vacant Land,290 Gauntlet Dr,Spring Branch,TX,78130,33500,,,Mystic Shores,,54014,1.239990817," $27,016 ",,600,,50,Sold,,,http://www.redfin.com/TX/SPRING-BRANCH/TBD-78070/home/33495522,Sabor,1328904,N,Y,29.901192,-98.3013
PAST SALE,July-27-2018,Vacant Land,631 Portsmouth Dr,Spring Branch,TX,78070,23000,,,Whispering Hills,,37374,0.857988981," $26,807 ",,635,,3,Sold,,,http://www.redfin.com/TX/SPRING-BRANCH/TBD-78070/home/33480483,Sabor,1307850,N,Y,29.828185,-98.370592
PAST SALE,November-16-2018,Vacant Land,642 Compass Rose,Canyon Lake,TX,78133,24000,,,Summit North,,39204,0.9," $26,667 ",,523,,5,Sold,,,http://www.redfin.com/TX/Canyon-Lake/642-Compass-Rose-78133/home/33490922,Sabor,1341807,N,Y,29.9706428,-98.2848777
PAST SALE,March-20-2019,Vacant Land,206 Scarlet Ct,Canyon Lake,TX,78133,26500,,,Oak Shores Estates,,43560,1," $26,500 ",,399,,58,Sold,,,http://www.redfin.com/TX/Canyon-Lake/206-Scarlet-Ct-78133/home/33452403,Sabor,1297488,N,Y,29.877745,-98.280855
PAST SALE,February-18-2020,Vacant Land,1366 Mystic Shores Blvd,Spring Branch,TX,78070,29900,,,Mystic Shores,,49222,1.129981635," $26,461 ",,64,,31,Sold,,,http://www.redfin.com/TX/Spring-Branch/1366-Mystic-Shores-Blvd-78070/home/33346472,Sabor,1435742,N,Y,29.9395376,-98.3302821
PAST SALE,March-14-2019,Vacant Land,565 Bluebonnet Breeze,Canyon Lake,TX,78133,16500,,,Summit North,,27442,0.629981635," $26,191 ",,405,,5,Sold,,,http://www.redfin.com/TX/Canyon-Lake/565-Blue-Bonnet-Breeze-78133/home/147351604,Sabor,1337408,N,Y,29.9715075,-98.2775414
PAST SALE,November-27-2019,Vacant Land,7085 Devonshire Dr,Spring Branch,TX,78070,36000,,,Whispering Hills,,60112,1.379981635," $26,087 ",,147,,33,Sold,,,http://www.redfin.com/TX/Spring-Branch/7085-Devonshire-Dr-78070/home/160632623,Sabor,1409914,N,Y,29.8253672,-98.3566647
PAST SALE,October-25-2019,Vacant Land,260 Gallagher Dr,Canyon Lake,TX,78133,26000,,,Canyon Lake,,43560,1," $26,000 ",,180,,,Sold,,,http://www.redfin.com/TX/Canyon-Lake/260-Gallagher-Dr-78133/home/33480372,ACTRIS,5910381,N,Y,29.8521383,-98.2630086
PAST SALE,April-18-2019,Vacant Land,1215 Ensenada Dr,Canyon Lake,TX,78133,68000,,,Ensenada Shores,,114127,2.619995409," $25,954 ",,370,,71,Sold,,,http://www.redfin.com/TX/Canyon-Lake/Unknown-78133/home/33339480,Sabor,1228016,N,Y,29.868042,-98.287444
PAST SALE,August-23-2019,Vacant Land,4534 Sir Arthur Way,Canyon Lake,TX,78133,39000,,,Rolling Hills,,65666,1.50748393," $25,871 ",,243,,,Sold,,,http://www.redfin.com/TX/Canyon-Lake/4534-Sir-Arthur-Way-78133/home/33465175,Sabor,1388159,N,Y,29.8563903,-98.2882463
PAST SALE,June-19-2019,Vacant Land,319 (LOT 243) Charon Pt,Spring Branch,TX,78070,42500,,,Mystic Shores,,72745,1.669995409," $25,449 ",,308,,29,Sold,,,http://www.redfin.com/TX/Spring-Branch/243-Charon-Pt-78070/home/146393584,Sabor,1382434,N,Y,29.9324447,-98.3026326
PAST SALE,December-12-2018,Vacant Land,2388 (LOT 506) Comal Spgs,Canyon Lake,TX,78133,43000,,,Mountain Springs Ran,,74052,1.7," $25,294 ",,497,,25,Sold,,,http://www.redfin.com/TX/Canyon-Lake/2388-Comal-Spgs-78133/home/33344863,Sabor,1237363,N,Y,29.8326762,-98.3209522
PAST SALE,September-14-2018,Vacant Land,1202 Brads Flight,Canyon Lake,TX,78133,53000,,,The Enclave At Canyon Lake,,91911,2.109986226," $25,119 ",,586,,97,Sold,,,http://www.redfin.com/TX/Canyon-Lake/1202-Brads-Flight-78133/home/33360396,Sabor,1302225,N,Y,29.9196435,-98.2476137
PAST SALE,May-24-2018,Vacant Land,469 Mystic Pkwy,Spring Branch,TX,78070,50000,,,Mystic Shores,,87120,2," $25,000 ",,699,,26,Sold,,,http://www.redfin.com/TX/Spring-Branch/469-Mystic-Pkwy-78070/home/33331417,Sabor,1308639,N,Y,29.934946,-98.3201179
PAST SALE,June-7-2019,Vacant Land,BLOCK 35 LOT 62 Chip Shot Cir,Spring Branch,TX,78070,11680,,,Lake Of The Hills,11680,20908,0.479981635," $24,334 ",,320,1,,Sold,,,http://www.redfin.com/TX/Spring-Branch/BLOCK-35-LOT-62-Chip-Shot-Cir-78070/home/103775565,Sabor,1344790,N,Y,29.8405513,-98.4104996
PAST SALE,August-10-2018,Vacant Land,386 Compass Rose,Canyon Lake,TX,78133,16500,,,Summit North,,29620,0.679981635," $24,265 ",,621,,5,Sold,,,http://www.redfin.com/TX/Canyon-Lake/386-Compass-Rose-78133/home/33490919,Sabor,1109155,N,Y,29.9692562,-98.2815876
PAST SALE,December-17-2019,Vacant Land,149 Riddle Rd,Spring Branch,TX,78070,47000,,,Mystic Shores,,84506,1.939990817," $24,227 ",,127,,26,Sold,,,http://www.redfin.com/TX/Spring-Branch/149-Riddle-Rd-78070/home/33346530,Sabor,1238168,N,Y,29.9043055,-98.3084994
PAST SALE,March-14-2019,Vacant Land,991 Kings Cove Dr,Canyon Lake,TX,78133,46000,,,Kings Cove,,82764,1.9," $24,211 ",,405,,25,Sold,,,http://www.redfin.com/TX/Canyon-Lake/991-Kings-Cove-Dr-78133/home/33440889,Sabor,1334455,N,Y,29.8797,-98.29138
PAST SALE,April-18-2019,Vacant Land,TBD Spur Rdg,San Antonio,TX,78264,52000,,,Cowboy Crossing,,94089,2.159986226," $24,074 ",,370,,15,Sold,,,http://www.redfin.com/TX/SAN-ANTONIO/TBD-78266/home/52049761,Sabor,1357602,N,Y,29.613375,-98.327687
PAST SALE,October-18-2019,Vacant Land,LOT 3 & LOT 10P Charter Oak Dr,Canyon Lake,TX,78133,64000,,,Mountain Oaks,,117612,2.7," $23,704 ",,187,,,Sold,,,http://www.redfin.com/TX/Canyon-Lake/10-Charter-Oak-Dr-78133/home/62631694,Sabor,1269746,N,Y,29.8351471,-98.2495411
PAST SALE,January-31-2019,Vacant Land,256 Kellog,Fischer,TX,78623,23900,,,The Legends@rancho Del Lago,,43995,1.009986226," $23,664 ",,447,,13,Sold,,,http://www.redfin.com/TX/Fischer/256-Kellog-78623/home/33337466,Sabor,1339901,N,Y,29.9490448,-98.2434155
PAST SALE,November-5-2019,Vacant Land,815 Mystic Pkwy,Spring Branch,TX,78070,45000,,,Mystic Shores,,83199,1.909986226," $23,560 ",,169,,29,Sold,,,http://www.redfin.com/TX/Spring-Branch/815-Mystic-Pkwy-78070/home/33346354,Sabor,1414849,N,Y,29.9218414,-98.3179639
PAST SALE,February-21-2019,Vacant Land,2361 (LOT 414) Comal Spgs,Canyon Lake,TX,78133,34000,,,Mountain Springs Ran,,63162,1.45," $23,448 ",,426,,25,Sold,,,http://www.redfin.com/TX/Canyon-Lake/2361-Comal-Spgs-78133/home/33345161,Sabor,1089932,N,Y,29.8328961,-98.3236178
PAST SALE,July-3-2019,Vacant Land,1928 (LOT134135 Split Mtn,Canyon Lake,TX,78133,52500,,,Mountain Springs Ran,,97574,2.239990817," $23,438 ",,294,,100,Sold,,,http://www.redfin.com/TX/Canyon-Lake/1928-LOT134135-Split-Mtn-78133/home/161720363,Sabor,1376973,N,Y,29.8255558,-98.3366388
PAST SALE,September-24-2019,Vacant Land,6440 Preakness Pass,Bulverde,TX,78163,52000,,,Rim Rock Ranch,,99316,2.279981635," $22,807 ",,211,,10,Sold,,,http://www.redfin.com/TX/Bulverde/6440-Preakness-Pass-78163/home/33456722,Sabor,1361973,N,Y,29.7570112,-98.3608672
PAST SALE,January-18-2019,Vacant Land,205 Freedom St,Fischer,TX,78623,25000,,,Summit Estates At Fischer Texa,,49222,1.129981635," $22,124 ",,460,,8,Sold,,,http://www.redfin.com/TX/Fischer/205-Freedom-St-78623/home/148031725,Sabor,1348094,N,Y,29.9917077,-98.2619638
PAST SALE,November-25-2019,Vacant Land,266 Gallagher Dr,Canyon Lake,TX,78133,22000,,,Canyon Lake,,43560,1," $22,000 ",,149,,,Sold,,,http://www.redfin.com/TX/Canyon-Lake/266-Gallagher-Dr-78133/home/33480379,ACTRIS,6746626,N,Y,29.852444,-98.263535
PAST SALE,April-15-2020,Vacant Land,144 Jackson Crk,Canyon Lake,TX,78133,40000,,,Mountain Springs Ranch,,79279,1.819995409," $21,978 ",,7,,50,Sold,,,http://www.redfin.com/TX/Canyon-Lake/144-Jackson-Crk-78133/home/33341630,Sabor,1422608,N,Y,29.829121,-98.3372145
PAST SALE,January-18-2019,Vacant Land,710 Stars And Stripes,Fischer,TX,78623,25000,,,Summit Estates At Fischer Texa,,50093,1.149977043," $21,740 ",,460,,8,Sold,,,http://www.redfin.com/TX/Fischer/710-Stars-and-Stripes-78623/home/33349116,Sabor,1348092,N,Y,29.9920578,-98.2624005
PAST SALE,March-15-2019,Vacant Land,113 Rosinweed Dr,Spring Branch,TX,78070,66500,,,Mystic Shores,133729,133729,3.069995409," $21,661 ",,404,0,26,Sold,,,http://www.redfin.com/TX/Spring-Branch/113-Rosinweed-Dr-78070/home/33344985,Sabor,1350966,N,Y,29.9516801,-98.3475105
PAST SALE,June-19-2019,Vacant Land,1336 Mystic Shores Blvd,Spring Branch,TX,78070,35000,,,Mystic Shores,,70567,1.619995409," $21,605 ",,308,,29,Sold,,,http://www.redfin.com/TX/Spring-Branch/1336-Mystic-Shores-Blvd-78070/home/33346477,Sabor,1369851,N,Y,29.938679,-98.3276628
PAST SALE,June-7-2018,Vacant Land,823 Mystic Pkwy,Spring Branch,TX,78070,48900,,,Mystic Shores,,99316,2.279981635," $21,448 ",,685,,26,Sold,,,http://www.redfin.com/TX/SPRING-BRANCH/TBD-78070/home/33346339,Sabor,1274600,N,Y,29.920894,-98.317564
PAST SALE,February-15-2019,Vacant Land,225 Magnolia Mdw,Canyon Lake,TX,78133,15000,,,Summit North,,30491,0.699977043," $21,429 ",,432,,5,Sold,,,http://www.redfin.com/TX/CANYON-LAKE/225-MAGNOLIA-MDW-78133/home/33490850,Sabor,1251817,N,Y,29.970468,-98.282282
PAST SALE,April-28-2018,Vacant Land,2454 Comal Spgs,Canyon Lake,TX,78133,35000,,,Mountain Springs Ran,,71874,1.65," $21,212 ",,725,,25,Sold,,,http://www.redfin.com/TX/Canyon-Lake/2454-Comal-Spgs-78133/home/33344874,Sabor,1146194,N,Y,29.8339201,-98.317359
PAST SALE,April-10-2019,Vacant Land,1118 Madrone Rd,Fischer,TX,78623,21500,,,The Legends@rancho Del Lago,,44866,1.029981635," $20,874 ",,378,,13,Sold,,,http://www.redfin.com/TX/Fischer/1118-Madrone-Rd-78623/home/33337362,Sabor,1358863,N,Y,29.951339,-98.242706
PAST SALE,July-5-2019,Vacant Land,1237 Mystic Shores Blvd,Spring Branch,TX,78070,50000,,,Mystic Shores,,105415,2.419995409," $20,661 ",,292,,29,Sold,,,http://www.redfin.com/TX/Spring-Branch/1237-Mystic-Shores-Blvd-78070/home/33346484,Sabor,1383943,N,Y,29.935103,-98.3254007
PAST SALE,May-3-2018,Vacant Land,1472 Desiree St,Canyon Lake,TX,78133,10500,,,Rocky Creek Ranch,,22215,0.509986226," $20,589 ",,720,,7,Sold,,,http://www.redfin.com/TX/Canyon-Lake/1472-Desiree-St-78133/home/33463885,Sabor,1288686,N,Y,29.9557053,-98.2698804
PAST SALE,December-19-2019,Vacant Land,253 Lantana Cerro,Spring Branch,TX,78070,25000,,,Lantana Ridge,,53143,1.219995409," $20,492 ",,125,,35,Sold,,,http://www.redfin.com/TX/Spring-Branch/253-Lantana-Cerro-78070/home/153584381,Sabor,1360156,N,Y,29.832053,-98.452499
PAST SALE,June-5-2018,Vacant Land,LOT 18 Sun Valley Dr,Spring Branch,TX,78070,55000,,,Sun Valley,117351,117176,2.689990817," $20,446 ",,687,0,,Sold,,,http://www.redfin.com/TX/Spring-Branch/18-Sun-Valley-Dr-78070/home/33473668,Sabor,1229552,N,Y,29.8081816,-98.387919
PAST SALE,December-6-2018,Vacant Land,0 Mustang,Spring Branch,TX,78070,29750,,,Stallion Estates,63597,63597,1.459986226," $20,377 ",,503,0,21,Sold,,,http://www.redfin.com/TX/Spring-Branch/Mustang-Ln-78070/home/147460017,Sabor,1345344,N,Y,29.958366,-98.386039
PAST SALE,July-30-2018,Vacant Land,526 Prairie Tea Ln,Canyon Lake,TX,78133,24500,,,Comal/Guadalupe/Gonzales,,52707,1.209986226," $20,248 ",,632,,8,Sold,,,http://www.redfin.com/TX/Canyon-Lake/526-Prairie-Tea-Ln-78133/home/33332735,ACTRIS,4881608,N,Y,29.968287,-98.287162
PAST SALE,July-11-2018,Vacant Land,1054 Zane Grey Ln,Spring Branch,TX,78070,10000,,,Comal Hills,,21780,0.5," $20,000 ",,651,,,Sold,,,http://www.redfin.com/TX/Spring-Branch/1054-Zane-Grey-Ln-78070/home/33411975,Sabor,1321053,N,Y,29.9366837,-98.4034298
PAST SALE,October-12-2018,Vacant Land,1180 Primrose Path,Canyon Lake,TX,78133,22000,,,Summit North Phase 5,,47916,1.1," $20,000 ",,558,,5,Sold,,,http://www.redfin.com/TX/Canyon-Lake/1180-Primrose-Path-78133/home/33332686,Sabor,1318227,N,Y,29.9700228,-98.2889687
PAST SALE,August-23-2019,Vacant Land,137 Alondra Ln,Spring Branch,TX,78070,45000,,,Mystic Shores,,98010,2.25," $20,000 ",,243,,29,Sold,,,http://www.redfin.com/TX/Spring-Branch/137-Alondra-Ln-78070/home/33354571,Sabor,1373830,N,Y,29.9304237,-98.3316152
PAST SALE,November-26-2019,Vacant Land,310 Red Rose St,Spring Branch,TX,78070,59500,,,Mystic Shores,130680,130680,3," $19,833 ",,148,0,26,Sold,,,http://www.redfin.com/TX/Spring-Branch/310-Red-Rose-St-78070/home/33495347,Sabor,1409174,N,Y,29.942198,-98.322796
PAST SALE,July-17-2018,Vacant Land,315 Freedom St,Fischer,TX,78623,20500,,,Summit Estates At Fischer Texa,,45302,1.039990817," $19,712 ",,645,,8,Sold,,,http://www.redfin.com/TX/Fischer/315-Freedom-St-78623/home/33349181,Sabor,1287019,N,Y,29.9967255,-98.262526
PAST SALE,February-6-2020,Vacant Land,165 Lily St,Spring Branch,TX,78070,59000,,,Mystic Shores,,130680,3," $19,667 ",,76,,29,Sold,,,http://www.redfin.com/TX/Spring-Branch/165-Lily-St-78070/home/33495436,Sabor,1406132,N,Y,29.945696,-98.322221
PAST SALE,July-31-2018,Vacant Land,201 Magnolia Mdw,Canyon Lake,TX,78133,10000,,,Summit North,,22215,0.509986226," $19,608 ",,631,,5,Sold,,,http://www.redfin.com/TX/CANYON-LAKE/201-MAGNOLIA-MDW-78133/home/33490853,Sabor,1273966,N,Y,29.971161,-98.281579
PAST SALE,December-20-2018,Vacant Land,0 (LOT188) Fawn River Dr,Spring Branch,TX,78070,23000,,,Stallion Estates,,52707,1.209986226," $19,008 ",,489,,21,Sold,,,http://www.redfin.com/TX/Spring-Branch/0-LOT188-Fawn-River-Dr-78070/home/144274238,Sabor,1278186,N,Y,29.9527662,-98.3871788
PAST SALE,July-2-2018,Vacant Land,425 Eagle Ln,Fischer,TX,78623,19000,,,Summit Estates At Fischer Texa,,43560,1," $19,000 ",,660,,8,Sold,,,http://www.redfin.com/TX/Fischer/425-Eagle-Ln-78623/home/113726551,Sabor,1220479,N,Y,29.9825428,-98.2692112
PAST SALE,January-14-2019,Vacant Land,179 (LOT 230) Charon Pt,Spring Branch,TX,78070,47000,,,Mystic Shores,,109335,2.509986226," $18,725 ",,464,,26,Sold,,,http://www.redfin.com/TX/Spring-Branch/230-Charon-Pt-78070/home/146393585,Sabor,1311433,N,Y,29.932702,-98.3043373
PAST SALE,May-30-2018,Vacant Land,224 Freedom St,Fischer,TX,78623,18500,,,Summit Estates At Fischer Texa,,43560,1," $18,500 ",,693,,8,Sold,,,http://www.redfin.com/TX/FISCHER/224-FREEDOM-ST-78623/home/33349131,Sabor,1294076,N,Y,29.993309,-98.261024
PAST SALE,August-28-2019,Vacant Land,270 Puzzle Pass,Spring Branch,TX,78070,55000,,,Peninsula at Mystic Shores (the),,129808,2.979981635," $18,456 ",,238,,117,Sold,,,http://www.redfin.com/TX/Spring-Branch/270-Puzzle-Pass-78070/home/33346557,HARMLS,96347813,N,Y,29.8985997,-98.3062449
PAST SALE,November-20-2018,Vacant Land,1924 Johnson Rd,Canyon Lake,TX,78133,9500,,,Clear Water Estates,,22476,0.515977961," $18,412 ",,519,,7,Sold,,,http://www.redfin.com/TX/Canyon-Lake/1924-Johnson-Rd-78133/home/33409016,Sabor,1346232,N,Y,29.8907411,-98.1920995
PAST SALE,November-20-2019,Vacant Land,6460 Cheyenne Pass,Bulverde,TX,78163,41500,,,Rim Rock Ranch,,98445,2.259986226," $18,363 ",,154,,10,Sold,,,http://www.redfin.com/TX/Bulverde/6460-Cheyenne-Pass-78163/home/33456998,Sabor,1342278,N,Y,29.764143,-98.360746
PAST SALE,December-28-2018,Vacant Land,128 (LOT 438) Lily,Spring Branch,TX,78070,55000,,,Mystic Shores,,130680,3," $18,333 ",,481,,26,Sold,,,http://www.redfin.com/TX/Spring-Branch/128-Lily-St-78070/home/33495406,Sabor,1350964,N,Y,29.947544,-98.32097
PAST SALE,December-20-2019,Vacant Land,1024 Sunrise Pl,Spring Branch,TX,78070,55000,,,Mystic Shores,,131115,3.009986226," $18,273 ",,124,,29,Sold,,,http://www.redfin.com/TX/Spring-Branch/1024-Sunrise-Pl-78070/home/33365406,Sabor,1426492,N,Y,29.9740621,-98.3072036
PAST SALE,January-3-2020,Vacant Land,351 Starling Pass,Spring Branch,TX,78070,70000,,,Mystic Shores,169884,169884,3.9," $17,949 ",,110,0,26,Sold,,,http://www.redfin.com/TX/Spring-Branch/351-Starling-Pass-78070/home/33341619,Sabor,1347792,N,Y,29.918809,-98.305229
PAST SALE,June-7-2019,Vacant Land,212 Wizard Way,Spring Branch,TX,78070,64500,,,Mystic Shores,,156816,3.6," $17,917 ",,320,,26,Sold,,,http://www.redfin.com/TX/Spring-Branch/212-Wizard-Way-78070/home/33492248,Sabor,1380041,N,Y,29.9259419,-98.2968218
PAST SALE,June-17-2019,Vacant Land,"300, 306 River Cliff Pl",Spring Branch,TX,78070,37500,,,Mystic Shores,,91476,2.1," $17,857 ",,310,,72,Sold,,,http://www.redfin.com/TX/Spring-Branch/306-River-Cliff-Pl-78070/home/33365463,Sabor,1373725,N,Y,29.9086945,-98.316651
PAST SALE,June-12-2018,Vacant Land,1116 Mystic Breeze,Spring Branch,TX,78070,53000,,,Mystic Shores,,130680,3," $17,667 ",,680,,26,Sold,,,http://www.redfin.com/TX/Spring-Branch/1116-Mystic-Breeze-78070/home/33346388,Sabor,1307743,N,Y,29.9771961,-98.3205361
PAST SALE,May-9-2018,Vacant Land,4868 Tanglewood Trl,Spring Branch,TX,78070,42000,,,Cypress Cove Comal,,103672,2.379981635," $17,647 ",,714,,4,Sold,,,http://www.redfin.com/TX/Spring-Branch/4868-Tanglewood-Trl-78070/home/33417937,Sabor,1303411,N,Y,29.9307496,-98.3370907
PAST SALE,December-20-2019,Vacant Land,293 Red Rose St,Spring Branch,TX,78070,52500,,,Mystic Shores,3666,130680,3," $17,500 ",,124,14,25,Sold,,,http://www.redfin.com/TX/Spring-Branch/293-Red-Rose-St-78070/home/107605189,Sabor,1422232,N,Y,29.9440308,-98.3235838
PAST SALE,December-20-2019,Vacant Land,311 Red Rose St,Spring Branch,TX,78070,52500,,,Mystic Shores,,130680,3," $17,500 ",,124,,25,Sold,,,http://www.redfin.com/TX/Spring-Branch/311-Red-Rose-St-78070/home/110078088,Sabor,1422231,N,Y,29.9440267,-98.3229038
PAST SALE,February-1-2019,Vacant Land,424 Lets Roll Dr,Fischer,TX,78623,17500,,,Summit Estates At Fischer Texa,,43995,1.009986226," $17,327 ",,446,,8,Sold,,,http://www.redfin.com/TX/Fischer/424-Lets-Roll-Dr-78623/home/33338707,Sabor,1281796,N,Y,29.9899046,-98.2635818
PAST SALE,February-27-2019,Vacant Land,325 Coneflower Dr,Spring Branch,TX,78070,51000,,,Mystic Shores,,130680,3," $17,000 ",,420,,15,Sold,,,http://www.redfin.com/TX/Spring-Branch/325-Coneflower-Dr-78070/home/33332487,Sabor,1355760,N,Y,29.958109,-98.325839
PAST SALE,April-2-2019,Vacant Land,144 (LOT 963) Burr Ln,Spring Branch,TX,78070,51000,,,Mystic Shores,,130680,3," $17,000 ",,386,,29,Sold,,,http://www.redfin.com/TX/Spring-Branch/144-Burr-Ln-78070/home/33332467,Sabor,1366954,N,Y,29.959656,-98.313969
PAST SALE,June-14-2019,Vacant Land,2274 Lost Trl,New Braunfels,TX,78132,60625,,,Royal Forest Comal,,155944,3.579981635," $16,934 ",,313,,,Sold,,,http://www.redfin.com/TX/New-Braunfels/2274-Lost-Trl-78132/home/33465678,Sabor,1372311,N,Y,29.8550936,-98.0656084
PAST SALE,February-18-2019,Vacant Land,245 Red Rose St,Spring Branch,TX,78070,50000,,,Mystic Shores,,130680,3," $16,667 ",,429,,26,Sold,,,http://www.redfin.com/TX/Spring-Branch/245-Red-Rose-St-78070/home/33495333,Sabor,1350582,N,Y,29.944046,-98.3263039
PAST SALE,December-28-2019,Vacant Land,140 Peppergrass Dr,Spring Branch,TX,78070,50000,,,Mystic Shores,,130680,3," $16,667 ",,116,,29,Sold,,,http://www.redfin.com/TX/Spring-Branch/140-Peppergrass-Dr-78070/home/33345073,Sabor,1425482,N,Y,29.9626208,-98.3296516
PAST SALE,March-15-2019,Vacant Land,143 Gladiola St,Spring Branch,TX,78070,49900,,,Comal/Guadalupe/Gonzales,,130680,3," $16,633 ",,404,,26,Sold,,,http://www.redfin.com/TX/Spring-Branch/143-Gladiola-St-78070/home/33495492,ACTRIS,2637912,N,Y,29.951112,-98.331241
PAST SALE,November-13-2019,Vacant Land,123 Milfoil Ln,Spring Branch,TX,78070,52500,,,Mystic Shores,,139392,3.2," $16,406 ",,161,,27,Sold,,,http://www.redfin.com/TX/Spring-Branch/123-Milfoil-Ln-78070/home/33344954,Sabor,1413442,N,Y,29.9487351,-98.3410261
PAST SALE,July-17-2019,Vacant Land,128 Peppergrass Dr,Spring Branch,TX,78070,49000,,,Mystic Shores,,130680,3," $16,333 ",,280,,29,Sold,,,http://www.redfin.com/TX/Spring-Branch/128-Peppergrass-Dr-78070/home/33345083,Sabor,1393097,N,Y,29.9638378,-98.3297061
PAST SALE,September-18-2018,Vacant Land,1134 Mystic Breeze,Spring Branch,TX,78070,48000,,,Mystic Shores,,130680,3," $16,000 ",,582,,26,Sold,,,http://www.redfin.com/TX/Spring-Branch/1134-Mystic-Breeze-78070/home/33346390,Sabor,1326561,N,Y,29.9787629,-98.3232297
PAST SALE,September-6-2019,Vacant Land,131 Gladiola St,Spring Branch,TX,78070,48000,,,Mystic Shores,,130680,3," $16,000 ",,229,,29,Sold,,,http://www.redfin.com/TX/Spring-Branch/131-Gladiola-St-78070/home/33495493,Sabor,1317772,N,Y,29.951114,-98.331921
PAST SALE,November-16-2018,Vacant Land,169 Kiwi Ln,Spring Branch,TX,78070,60000,,,Mystic Shores,,168142,3.860009183," $15,544 ",,523,,29,Sold,,,http://www.redfin.com/TX/Spring-Branch/169-Kiwi-Ln-78070/home/33331490,HARMLS,77699246,N,Y,29.937343,-98.31273
PAST SALE,January-6-2020,Vacant Land,183 (LOT 447) Calendula,Spring Branch,TX,78070,46500,,,Mystic Shores,,130680,3," $15,500 ",,107,,29,Sold,,,http://www.redfin.com/TX/Spring-Branch/183-Calendula-St-78070/home/33495386,Sabor,1418172,N,Y,29.949252,-98.325052
PAST SALE,May-22-2018,Vacant Land,334 / 346 Blackbird Dr,Spring Branch,TX,78070,68500,,,Mystic Shores 7,,193406,4.439990817," $15,428 ",,701,,26,Sold,,,http://www.redfin.com/TX/Spring-Branch/346-Blackbird-Dr-78070/home/33331533,Sabor,1225573,N,Y,29.936802,-98.317695
PAST SALE,September-28-2018,Vacant Land,1170/1210 Rose Ln,Canyon Lake,TX,78133,40000,,,Clear Water Estates,64033,113256,2.6," $15,385 ",,572,1,13,Sold,,,http://www.redfin.com/TX/Canyon-Lake/1170-Rose-Ln-78133/home/33408758,Sabor,1301024,N,Y,29.896284,-98.195578
PAST SALE,May-17-2018,Vacant Land,234 Coneflower Dr,Spring Branch,TX,78070,45000,,,Mystic Shores,,130680,3," $15,000 ",,706,,26,Sold,,,http://www.redfin.com/TX/Spring-Branch/234-Coneflower-Dr-78070/home/33332490,Sabor,1269255,N,Y,29.956285,-98.330009
PAST SALE,September-20-2019,Vacant Land,85 Dodder Ln,Spring Branch,TX,78070,48000,,,Mystic Shores,,140698,3.229981635," $14,861 ",,215,,29,Sold,,,http://www.redfin.com/TX/SPRING-BRANCH/TBD-78070/home/33346444,Sabor,1385129,N,Y,29.964375,-98.322483
PAST SALE,June-14-2019,Vacant Land,713 Mystic Shores Blvd,Spring Branch,TX,78070,60000,,,Mystic Shores,,175982,4.039990817," $14,852 ",,313,,29,Sold,,,http://www.redfin.com/TX/Spring-Branch/713-Mystic-Shores-Blvd-78070/home/33495369,Sabor,1359085,N,Y,29.932112,-98.30797
PAST SALE,January-17-2019,Vacant Land,120 Heron Pass,Spring Branch,TX,78070,32000,,,Mystic Shores,94090,94089,2.159986226," $14,815 ",,461,0,26,Sold,,,http://www.redfin.com/TX/Spring-Branch/120-Heron-Pass-78070/home/33346459,Sabor,1306335,N,Y,29.936821,-98.3222724
PAST SALE,April-13-2020,Vacant Land,LOT 870 Mystic Pkwy,Spring Branch,TX,78070,49000,,,Mystic Shores,,145054,3.329981635," $14,715 ",,9,,31,Sold,,,http://www.redfin.com/TX/Spring-Branch/870-Mystic-Pkwy-78070/unit-8/home/170443022,Sabor,1435653,N,Y,29.9191886,-98.3176856
PAST SALE,September-11-2018,Vacant Land,1251 Mystic Breeze,Spring Branch,TX,78070,44000,,,Mystic Shores,,131115,3.009986226," $14,618 ",,589,,26,Sold,,,http://www.redfin.com/TX/Spring-Branch/1251-Mystic-Breeze-78070/home/33354415,Sabor,1329653,N,Y,29.9766633,-98.3370264
PAST SALE,August-20-2018,Vacant Land,110 (LOT 2172) Pond Vw,Spring Branch,TX,78070,50500,,,Mystic Shores,,150717,3.459986226," $14,595 ",,611,,26,Sold,,,http://www.redfin.com/TX/Spring-Branch/110-Pond-View-Ct-78070/home/33365351,Sabor,1320291,N,Y,29.975237,-98.312053
PAST SALE,August-14-2018,Vacant Land,563 Abodar Trl,Spring Branch,TX,78070,58500,,,Mystic Shores,,176853,4.059986226," $14,409 ",,617,,26,Sold,,,http://www.redfin.com/TX/SPRING-BRANCH/TBD-78070/home/33346374,Sabor,1297952,N,Y,29.966132,-98.315961
PAST SALE,July-3-2018,Vacant Land,430 Eagle Ln,Fischer,TX,78623,22500,,,Summit Estates At Fischer Texa,,69696,1.6," $14,063 ",,659,,8,Sold,,,http://www.redfin.com/TX/Fischer/430-Eagle-Ln-78623/home/33338615,Sabor,1293797,N,Y,29.9839269,-98.2696213
PAST SALE,April-18-2019,Vacant Land,352 Mystic Pkwy,Spring Branch,TX,78070,70000,,,Mystic Shores,217800,217800,5," $14,000 ",,370,0,29,Sold,,,http://www.redfin.com/TX/Spring-Branch/352-Mystic-Pkwy-78070/home/33495355,Sabor,1369765,N,Y,29.940864,-98.320791
PAST SALE,October-5-2018,Vacant Land,1119 (LOT 1781) Mystic Breeze,Spring Branch,TX,78070,55000,,,Mystic Shores,,173804,3.989990817," $13,784 ",,565,,26,Sold,,,http://www.redfin.com/TX/Spring-Branch/1119-Mystic-Breeze-78070/home/33346396,Sabor,1336337,N,Y,29.9769278,-98.3227229
PAST SALE,February-7-2020,Vacant Land,218 Quest Ave,Spring Branch,TX,78070,46000,,,Mystic Shores,,146797,3.369995409," $13,650 ",,75,,26,Sold,,,http://www.redfin.com/TX/Spring-Branch/218-Quest-Ave-78070/home/33492402,Sabor,1432220,N,Y,29.933866,-98.300357
PAST SALE,September-26-2019,Vacant Land,129 Milfoil Ln,Spring Branch,TX,78070,65000,,,Mystic Shores,,208652,4.789990817," $13,570 ",,209,,26,Sold,,,http://www.redfin.com/TX/Spring-Branch/129-Milfoil-Ln-78070/home/33344953,Sabor,1377565,N,Y,29.9478166,-98.3411056
PAST SALE,October-10-2019,Vacant Land,335 Mystic Breeze,Spring Branch,TX,78070,45000,,,Mystic Shores,,146361,3.359986226," $13,393 ",,195,,26,Sold,,,http://www.redfin.com/TX/Spring-Branch/335-Mystic-Breeze-78070/home/33495486,Sabor,1401453,N,Y,29.947362,-98.3354279
PAST SALE,May-24-2019,Vacant Land,297 Sweet Clover Dr,Spring Branch,TX,78070,40000,,,Mystic Shores,,131115,3.009986226," $13,289 ",,334,,29,Sold,,,http://www.redfin.com/TX/Spring-Branch/297-Sweet-Clover-Dr-78070/home/33332552,Sabor,1375978,N,Y,29.9640046,-98.3090364
PAST SALE,April-11-2019,Vacant Land,131 Bindweed Ln,Spring Branch,TX,78070,45000,,,Comal/Guadalupe/Gonzales,,152460,3.5," $12,857 ",,377,,26,Sold,,,http://www.redfin.com/TX/Spring-Branch/131-Bindweed-Ln-78070/home/33345032,ACTRIS,9718806,N,Y,29.9460084,-98.341443
PAST SALE,January-16-2019,Vacant Land,0 Arabian Way,Spring Branch,TX,78070,26500,,,Stallion Estates,90169,90169,2.069995409," $12,802 ",,462,0,21,Sold,,,http://www.redfin.com/TX/Spring-Branch/176-Arabian-Way-78070/home/33493778,Sabor,1349802,N,Y,29.9558608,-98.3915908
PAST SALE,February-8-2019,Vacant Land,418 Eagle Ln,Fischer,TX,78623,25000,,,Summit Estates At Fischer Texa,,85813,1.969995409," $12,690 ",,439,,8,Sold,,,http://www.redfin.com/TX/Fischer/418-Eagle-Ln-78623/home/33338612,Sabor,1274928,N,Y,29.984028,-98.2682967
PAST SALE,August-20-2018,Vacant Land,729 (LOT 1796) Vista Spgs,Spring Branch,TX,78070,48500,,,Mystic Shores,,172497,3.959986226," $12,248 ",,611,,26,Sold,,,http://www.redfin.com/TX/Spring-Branch/729-LOT-1796-Vista-Spgs-78070/home/146083358,Sabor,1320301,N,Y,29.8405513,-98.4104996
PAST SALE,January-7-2019,Vacant Land,442 Lets Roll St,Fischer,TX,78623,12000,,,Summit Estates At Fischer Texa,,43995,1.009986226," $11,881 ",,471,,17,Sold,,,http://www.redfin.com/TX/Fischer/442-Lets-Roll-Dr-78623/home/33349080,Sabor,1236749,N,Y,29.9921466,-98.2639343
PAST SALE,July-17-2018,Vacant Land,503 Rosinweed Dr,Spring Branch,TX,78070,40000,,,Mystic Shores,,151588,3.479981635," $11,494 ",,645,,26,Sold,,,http://www.redfin.com/TX/Spring-Branch/503-Rosinweed-Dr-78070/home/33344969,Sabor,1317022,N,Y,29.951079,-98.3373221
PAST SALE,March-6-2020,Vacant Land,677 (LOT 344) Mystic Shores Blvd,Spring Branch,TX,78070,37000,,,Mystic Shores,,182080,4.179981635," $8,852 ",,47,,31,Sold,,,http://www.redfin.com/TX/Spring-Branch/677-Mystic-Shores-Blvd-78070/home/33495367,Sabor,1435861,N,Y,29.93053,-98.30676
PAST SALE,May-7-2018,Vacant Land,125 Bindweed Ln,Spring Branch,TX,78070,36900,,,Mystic Shores,,182516,4.189990817," $8,807 ",,716,,26,Sold,,,http://www.redfin.com/TX/Spring-Branch/125-Bindweed-Ln-78070/home/33344940,Sabor,1301034,N,Y,29.9462168,-98.3421739
