SALE TYPE,SOLD DATE,PROPERTY TYPE,ADDRESS,CITY,STATE OR PROVINCE,ZIP OR POSTAL CODE,PRICE,BEDS,BATHS,LOCATION,SQUARE FEET,LOT SIZE,acres,DAYS ON MARKET, $/ac ,HOA/MONTH,STATUS,NEXT OPEN HOUSE START TIME,NEXT OPEN HOUSE END TIME,URL (SEE http://www.redfin.com/buy-a-home/comparative-market-analysis FOR INFO ON PRICING),SOURCE,MLS#,FAVORITE,INTERESTED,LATITUDE,LONGITUDE
PAST SALE,July-8-2020,Vacant Land,103 Tower Cir,Terrell,TX,75160,40000,0,,Tower Place Add,,4617,0.11,84," $377,388 ",200,Sold,,,http://www.redfin.com/TX/Terrell/103-Tower-Cir-75160/home/35593174,NTREIS,14316243,N,Y,32.7463801,-96.2890956
PAST SALE,August-13-2019,Vacant Land,103 Brooks Dr,Terrell,TX,75160,32000,0,,Calvary Oaks Estate,,4966,0.11,414," $280,693 ",,Sold,,,http://www.redfin.com/TX/Terrell/103-Brooks-Dr-75160/home/146177114,NTREIS,14022220,N,Y,32.7332812,-96.2922575
PAST SALE,April-8-2020,Vacant Land,0 1st,Terrell,TX,75160,24900,0,,Terrell Rev,,4966,0.11,175," $218,414 ",,Sold,,,http://www.redfin.com/TX/Terrell/1st-St-75160/home/33807748,NTREIS,14307689,N,Y,32.740354,-96.285478
PAST SALE,October-23-2019,Vacant Land,105 Mitchell Cir,Terrell,TX,75160,33900,0,,Calvary Oaks Estate,,5009,0.11,343," $294,806 ",,Sold,,,http://www.redfin.com/TX/Terrell/105-Mitchell-Cir-75160/home/33717224,NTREIS,14188257,N,Y,32.7336956,-96.2927275
PAST SALE,August-10-2020,Vacant Land,S Ann St,Terrell,TX,75160,16900,0,,Paxton,,5750,0.13,51," $128,029 ",,Sold,,,http://www.redfin.com/TX/Terrell/S-Ann-St-75160/home/172321771,NTREIS,14375861,N,Y,32.732818,-96.283143
PAST SALE,September-2-2020,Vacant Land,301 Frazier St,Terrell,TX,75160,22300,0,,Dewberry 2nd,,6055,0.14,28," $160,427 ",,Sold,,,http://www.redfin.com/TX/Terrell/301-Frazier-St-75160/home/33780586,NTREIS,14412330,N,Y,32.7324849,-96.286931
PAST SALE,April-17-2019,Vacant Land,0 Melody Cir,Kaufman,TX,75142,15000,0,,Harmony Estates,,6621,0.15,532," $98,686 ",,Sold,,,http://www.redfin.com/TX/KAUFMAN/MELODY-CIR-75142/home/33784426,NTREIS,14045918,N,Y,32.580747,-96.287664
PAST SALE,June-22-2020,Vacant Land,1105 S Frances,Terrell,TX,75160,17900,0,,Phagan,,6882,0.16,100," $113,299 ",,Sold,,,http://www.redfin.com/TX/Terrell/1105-S-Frances-St-75160/home/171112964,NTREIS,14303578,N,Y,32.7247019,-96.2801129
PAST SALE,June-22-2020,Vacant Land,1103 S Frances St,Terrell,TX,75160,17900,0,,Phagan,,6882,0.16,100," $113,299 ",,Sold,,,http://www.redfin.com/TX/Terrell/1103-S-Frances-St-75160/home/33799158,NTREIS,14303562,N,Y,32.7248329,-96.2800309
PAST SALE,November-25-2019,Vacant Land,304 Runnells St,Terrell,TX,75160,19999,0,,Stallings 3rd & 4th,,7013,0.16,310," $124,220 ",,Sold,,,http://www.redfin.com/TX/Terrell/304-Runnells-St-75160/home/169250378,NTREIS,14195030,N,Y,32.7288083,-96.2706416
PAST SALE,March-20-2020,Vacant Land,108 S 4th St,Crandall,TX,75114,40000,0,,Crandall Original 1,,7231,0.17,194," $240,963 ",,Sold,,,http://www.redfin.com/TX/Crandall/108-S-4th-St-75114/home/33779129,NTREIS,14291757,N,Y,32.627526,-96.454765
PAST SALE,,Vacant Land,410 N 1st St,Crandall,TX,75114,6500,,,,,7248,0.17,," $39,065 ",,,,,http://www.redfin.com/TX/Crandall/410-N-1st-St-75114/home/33779437,,,N,Y,32.629092,-96.459093
PAST SALE,August-20-2019,Vacant Land,1212 S Rockwall Ave,Terrell,TX,75160,29000,0,,Phagan,,7449,0.17,407," $169,585 ",,Sold,,,http://www.redfin.com/TX/Terrell/1212-S-Rockwall-Ave-75160/home/33798987,NTREIS,14068211,N,Y,32.7244666,-96.2831716
PAST SALE,September-4-2020,Vacant Land,912 Crenshaw St,Terrell,TX,75160,27000,0,,Breezy Hill,,7492,0.17,26," $156,983 ",,Sold,,,http://www.redfin.com/TX/Terrell/912-Crenshaw-St-75160/home/33774644,NTREIS,14412341,N,Y,32.7261821,-96.2873567
PAST SALE,July-1-2020,Vacant Land,205 N 2nd St,Crandall,TX,75114,39000,0,,Crandall Original 2,,7492,0.17,91," $226,754 ",,Sold,,,http://www.redfin.com/TX/Crandall/205-N-2nd-St-75114/home/33779455,NTREIS,14280293,N,Y,32.6295132,-96.4580667
PAST SALE,April-25-2019,Vacant Land,504 N Adelaide St,Terrell,TX,75160,37500,0,,Terrell Original,,7492,0.17,524," $218,033 ",,Sold,,,http://www.redfin.com/TX/Terrell/504-N-Adelaide-St-75160/home/33805552,NTREIS,14047726,N,Y,32.740443,-96.275227
PAST SALE,August-21-2020,Vacant Land,0 Frazier,Terrell,TX,75160,20000,0,,Dewberry 2nd,,7579,0.17,40," $114,949 ",,Sold,,,http://www.redfin.com/TX/TERRELL/FRAZIER-ST-75160/home/33780565,NTREIS,14398138,N,Y,32.732672,-96.286722
PAST SALE,July-31-2020,Vacant Land,801 S Adelaide St,Terrell,TX,75160,20000,0,,Moore & Nash,,7884,0.18,61," $110,502 ",,Sold,,,http://www.redfin.com/TX/Terrell/801-S-Adelaide-St-75160/home/33795182,NTREIS,14313104,N,Y,32.7298147,-96.2769871
PAST SALE,June-4-2020,Vacant Land,803 S Adelaide St,Terrell,TX,75160,19000,0,,Moore & Nash,,7884,0.18,118," $104,977 ",,Sold,,,http://www.redfin.com/TX/Terrell/803-S-Adelaide-St-75160/home/33795185,NTREIS,14326454,N,Y,32.7296449,-96.2770175
PAST SALE,July-14-2020,Vacant Land,707 S Hattie,Terrell,TX,75160,24900,0,,Terrell Rev,,8015,0.18,78," $135,327 ",,Sold,,,http://www.redfin.com/TX/Terrell/707-S-Hattie-St-75160/home/170379422,NTREIS,14265580,N,Y,32.7312468,-96.2824199
PAST SALE,September-3-2020,Vacant Land,0 Cedar,Forney,TX,75126,80000,0,,Forney Rev,,8668,0.20,27," $402,030 ",,Sold,,,http://www.redfin.com/TX/Forney/Cedar-St-75126/home/172748981,NTREIS,14414925,N,Y,32.746567,-96.46855
PAST SALE,June-25-2019,Vacant Land,0 MCGRAW St,Forney,TX,75126,37000,0,,Forney Rev,,8843,0.20,463," $182,259 ",,Sold,,,http://www.redfin.com/TX/Unknown/MCGRAW-ST-Unknown/home/109857811,NTREIS,14074410,N,Y,32.753753,-96.467139
PAST SALE,June-25-2019,Vacant Land,0 MCGRAW St,Forney,TX,75126,37000,0,,Forney Rev,,8930,0.21,463," $180,484 ",,Sold,,,http://www.redfin.com/TX/Unknown/MCGRAW-ST-Unknown/home/109857351,NTREIS,14074397,N,Y,32.753629,-96.467292
PAST SALE,May-27-2020,Vacant Land,0 N 1st,Crandall,TX,75114,24900,0,,Crandall Original 2,,9409,0.22,126," $115,277 ",,Sold,,,http://www.redfin.com/TX/Crandall/N-1st-St-75114/home/40531237,NTREIS,14336150,N,Y,32.629071,-96.458603
PAST SALE,June-29-2020,Vacant Land,0 S Hattie,Terrell,TX,75160,28000,0,,Terrell Rev,,9801,0.23,93," $124,444 ",,Sold,,,http://www.redfin.com/TX/TERRELL/S-HATTIE-ST-75160/home/33783662,NTREIS,14338791,N,Y,32.730324,-96.283191
PAST SALE,July-19-2019,Vacant Land,0 Washington,Terrell,TX,75160,32000,0,,JOHNSON,,10000,0.23,439," $139,392 ",,Sold,,,http://www.redfin.com/TX/Terrell/Washington-St-75160/home/147523068,NTREIS,13951355,N,Y,32.741884,-96.284176
PAST SALE,October-4-2019,Vacant Land,312 Splitrail Dr,Mabank,TX,75143,19500,0,,Ranch At Cedar Creek,,10411,0.24,362," $81,589 ",,Sold,,,http://www.redfin.com/TX/Kemp/312-Splitrail-Dr-75143/home/168899092,NTREIS,14175022,N,Y,32.3938889,-96.1686874
PAST SALE,,Vacant Land,ANTHONY,KAUFMAN,TX,75142,10000,,,,,11500,0.26,," $37,878 ",,,,,http://www.redfin.com/TX/KAUFMAN/ANTHONY-75142/home/33801919,,,N,Y,32.58076,-96.298521
PAST SALE,June-26-2020,Vacant Land,1011 S Medora St,Terrell,TX,75160,40000,0,,Irvine,,12153,0.28,96," $143,372 ",,Sold,,,http://www.redfin.com/TX/Terrell/1011-S-Medora-St-75160/home/33789246,NTREIS,14264456,N,Y,32.726203,-96.280888
PAST SALE,June-5-2020,Vacant Land,0 Sage,Terrell,TX,75160,49900,0,,Terrell Rev,,12750,0.29,117," $170,482 ",,Sold,,,http://www.redfin.com/TX/Terrell/Sage-St-75160/home/148562710,NTREIS,13991421,N,Y,32.737635,-96.28733
PAST SALE,March-29-2019,Vacant Land,206 Pecan St,Terrell,TX,75160,39900,0,,Terrell Rev,,12807,0.29,551," $135,710 ",,Sold,,,http://www.redfin.com/TX/Terrell/206-Pecan-St-75160/home/33805784,NTREIS,13924597,N,Y,32.748594,-96.278098
PAST SALE,June-12-2020,Vacant Land,519 E Kempner St,Mabank,TX,75147,25000,0,,Coleman,,12981,0.30,110," $83,892 ",,Sold,,,http://www.redfin.com/TX/Mabank/519-E-Kempner-St-75147/home/33777980,NTREIS,14328712,N,Y,32.3672157,-96.0929291
PAST SALE,October-17-2019,Vacant Land,801 Warren St,Terrell,TX,75160,30000,0,,Warren,,13939,0.32,349," $93,751 ",,Sold,,,http://www.redfin.com/TX/Terrell/801-Warren-St-75160/home/33810044,NTREIS,14174030,N,Y,32.742523,-96.290839
PAST SALE,July-10-2020,Vacant Land,19000 Tennis Court Dr,Kemp,TX,75143,125000,0,,Justinn,,14418,0.33,82," $377,653 ",4,Sold,,,http://www.redfin.com/TX/Kemp/19000-Tennis-Ct-Dr-75143/home/35583802,NTREIS,14333348,N,Y,32.377884,-96.1657246
PAST SALE,June-8-2020,Vacant Land,303 S Frances St,Terrell,TX,75160,39900,0,,Terrell Original,,14941,0.34,114," $116,327 ",,Sold,,,http://www.redfin.com/TX/Terrell/303-S-Frances-St-75160/home/33805475,NTREIS,14239161,N,Y,32.7341446,-96.2784297
PAST SALE,June-16-2020,Vacant Land,0 County Road 4052,Kemp,TX,75143,13500,0,,Country Gold Estates,,15769,0.36,106," $37,292 ",,Sold,,,http://www.redfin.com/TX/Unknown/Co-Rd-4052-75143/home/147267233,NTREIS,14019698,N,Y,32.408456,-96.250506
PAST SALE,August-28-2020,Vacant Land,17888 Country Club Dr,Kemp,TX,75143,48500,0,,Landings,,17990,0.41,33," $117,435 ",4,Sold,,,http://www.redfin.com/TX/Kemp/17888-Country-Club-Dr-75143/home/35587741,NTREIS,14417814,N,Y,32.387651,-96.164948
PAST SALE,September-17-2020,Vacant Land,220 Cape Shore Dr,Mabank,TX,75143,40000,0,,Lighthouse Landing Ph 1,,18600,0.43,13," $93,677 ",,Sold,,,http://www.redfin.com/TX/Kemp/220-Cape-Shr-75143/home/33726249,NTREIS,14408471,N,Y,32.389914,-96.159127
PAST SALE,January-17-2020,Vacant Land,200 S Park St,Terrell,TX,75160,52000,0,,Fred Meridith,,19079,0.44,257," $118,723 ",,Sold,,,http://www.redfin.com/TX/Terrell/200-S-Park-St-75160/home/33783679,NTREIS,14244527,N,Y,32.730247,-96.284519
PAST SALE,March-1-2019,Vacant Land,327 Walnut St,Terrell,TX,75160,37500,0,,Terrell Rev,,19210,0.44,579," $85,034 ",,Sold,,,http://www.redfin.com/TX/Terrell/327-Walnut-St-75160/home/33808424,NTREIS,14002266,N,Y,32.754162,-96.2849225
PAST SALE,October-30-2019,Vacant Land,6709 FM 1390,Kaufman,TX,75142,28500,0,,Thos Lowery,,20909,0.48,336," $59,374 ",,Sold,,,http://www.redfin.com/TX/Kaufman/6709-FM-1390-75142/home/33766362,NTREIS,14182857,N,Y,32.556965,-96.406735
PAST SALE,June-15-2020,Vacant Land,13012 Fairway Dr,Kemp,TX,75143,44500,0,,Fairway Gardens Add,,22825,0.52,107," $84,925 ",,Sold,,,http://www.redfin.com/TX/Kemp/13012-Fairway-Dr-75143/home/35584551,NTREIS,14116066,N,Y,32.393141,-96.165436
PAST SALE,November-30-2018,Vacant Land,201 Cape Shr,Mabank,TX,75143,119000,0,,Lighthouse Landing Ph 1,,26223,0.60,670," $197,675 ",21,Sold,,,http://www.redfin.com/TX/Kemp/201-Cape-Shr-75143/home/33726205,NTREIS,13756913,N,Y,32.390595,-96.15545
PAST SALE,September-17-2020,Vacant Land,401 Chappel St,Terrell,TX,75160,75000,0,,Highland,,27878,0.64,13," $117,189 ",,Sold,,,http://www.redfin.com/TX/Terrell/401-Chappell-St-75160/home/33786626,NTREIS,14398258,N,Y,32.730823,-96.264563
PAST SALE,March-25-2019,Vacant Land,0 San Jacinto,Terrell,TX,75160,25000,0,,J J Mills Malone Sheppard Resub,,30492,0.70,555," $35,714 ",,Sold,,,http://www.redfin.com/TX/Terrell/San-Jacinto-St-75160/home/33789448,NTREIS,13651169,N,Y,32.742405,-96.271931
PAST SALE,June-7-2019,Vacant Land,0 Country Club Dr,Kemp,TX,75143,85000,0,,Felipe Cortez Surv Abs 78,,31189,0.72,481," $118,715 ",4,Sold,,,http://www.redfin.com/TX/KEMP/COUNTRY-CLUB-DR-75143/home/161629557,NTREIS,14050185,N,Y,32.38537,-96.164334
PAST SALE,March-30-2020,Vacant Land,204 Catherine St,Terrell,TX,75160,49500,0,,Terrell Original,,31625,0.73,184," $68,181 ",,Sold,,,http://www.redfin.com/TX/Terrell/204-S-Catherine-St-75160/home/147123789,NTREIS,13760786,N,Y,32.7350678,-96.2780525
PAST SALE,December-21-2018,Vacant Land,97 Debra St,Kaufman,TX,75142,29500,0,,Jb Cole Surv Abs 84,,34848,0.80,649," $36,875 ",,Sold,,,http://www.redfin.com/TX/Kaufman/97-Debra-St-75142/home/33761910,NTREIS,13968997,N,Y,32.5950344,-96.2945959
PAST SALE,November-30-2019,Vacant Land,123 Oakbend Trl,Mabank,TX,75147,42500,0,,Oakmont,,37462,0.86,305," $49,418 ",,Sold,,,http://www.redfin.com/TX/Mabank/Unknown-Unknown/home/147436881,NTREIS,13949310,N,Y,32.381674,-96.133171
PAST SALE,June-7-2019,Vacant Land,0 HWY 274,Kemp,TX,75143,23900,0,,J SHARP,,42732,0.98,481," $24,363 ",,Sold,,,http://www.redfin.com/TX/Kemp/Unknown-Unknown/home/166780327,NTREIS,14094846,N,Y,32.382478,-96.24198
PAST SALE,December-6-2019,Vacant Land,Hwy 274,Kemp,TX,75143,23900,0,,J Sharp,,43255,0.99,299," $24,069 ",,Sold,,,http://www.redfin.com/TX/Kemp/Unknown-Unknown/home/167873796,NTREIS,14084889,N,Y,32.381078,-96.241984
PAST SALE,April-3-2020,Vacant Land,15690 Wiser Rd,Forney,TX,75126,80000,0,,Fleckenstein,,43560,1.00,180," $80,000 ",,Sold,,,http://www.redfin.com/TX/Forney/15690-Wiser-Rd-75126/home/169847263,NTREIS,14228439,N,Y,32.7029496,-96.506648
PAST SALE,December-27-2019,Vacant Land,15680 Wiser Rd,Forney,TX,75126,80000,0,,Fleckenstein,,43560,1.00,278," $80,000 ",,Sold,,,http://www.redfin.com/TX/Forney/15680-Wiser-Rd-75126/home/169847264,NTREIS,14228451,N,Y,32.7026009,-96.506009
PAST SALE,September-11-2019,Vacant Land,14999 County Road 4060,Scurry,TX,75158,32500,0,,Garnet Hills,,43560,1.00,385," $32,500 ",,Sold,,,http://www.redfin.com/TX/Scurry/14999-Co-Rd-4060-75158/home/33825276,NTREIS,14076477,N,Y,32.434069,-96.331445
PAST SALE,May-23-2019,Vacant Land,0 FM 987,Kaufman,TX,75142,30000,0,,J B Cole,,43560,1.00,496," $30,000 ",,Sold,,,http://www.redfin.com/TX/Kaufman/Farm-to-Market-Road-987-Unknown/home/160546127,NTREIS,14032232,N,Y,32.59757,-96.31696
PAST SALE,January-21-2020,Vacant Land,Hwy 274,Kemp,TX,75143,30000,0,,J Sharp,,43560,1.00,253," $30,000 ",,Sold,,,http://www.redfin.com/TX/Kemp/Unknown-Unknown/home/170074521,NTREIS,14241958,N,Y,32.385789,-96.241705
PAST SALE,May-1-2019,Vacant Land,18448 Hwy 274,Kemp,TX,75143,23900,0,,J SHARP,,43560,1.00,518," $23,900 ",,Sold,,,http://www.redfin.com/TX/Kemp/18448-TX-274-75143/home/33767941,NTREIS,14069072,N,Y,32.380718,-96.2420541
PAST SALE,May-10-2019,Vacant Land,CR 353,Terrell,TX,75161,35000,0,,J Walker,,43560,1.00,509," $35,000 ",,Sold,,,http://www.redfin.com/TX/Unknown/Co-Rd-353-75161/home/147158161,NTREIS,13939367,N,Y,32.765704,-96.192173
PAST SALE,July-24-2019,Vacant Land,16143 Lakehurst Dr,Forney,TX,75126,89000,0,,Lakehurst Meadows,,43560,1.00,434," $89,000 ",,Sold,,,http://www.redfin.com/TX/Forney/16143-Lakehurst-Dr-75126/home/33747271,NTREIS,14114101,N,Y,32.7950266,-96.422417
PAST SALE,March-29-2019,Vacant Land,0 Page,Scurry,TX,75158,40000,0,,Marion Boles,,43560,1.00,551," $40,000 ",,Sold,,,http://www.redfin.com/TX/Scurry/Page-Unknown/home/146451008,NTREIS,13905678,N,Y,32.521518,-96.387759
PAST SALE,August-16-2019,Vacant Land,0 Rose Hill Rd,Terrell,TX,75160,17000,0,,TBD,,43560,1.00,411," $17,000 ",,Sold,,,http://www.redfin.com/TX/TERRELL/ROSE-HILL-RD-75160/home/52042646,NTREIS,14154542,N,Y,32.723982,-96.284373
PAST SALE,October-19-2018,Vacant Land,5111 Holly St,Crandall,TX,75114,70000,0,,Wynchase Crossing 1 & 2,,43560,1.00,712," $70,000 ",13,Sold,,,http://www.redfin.com/TX/Crandall/5111-Holly-St-75114/home/33829546,NTREIS,13940143,N,Y,32.605081,-96.424336
PAST SALE,July-8-2020,Vacant Land,6088 Haley Way,Crandall,TX,75114,62500,0,,Wynchase Crossing 1 & 2,,43560,1.00,84," $62,500 ",13,Sold,,,http://www.redfin.com/TX/Crandall/6088-Haley-Way-75114/home/170681305,NTREIS,14287107,N,Y,32.6025892,-96.4226493
PAST SALE,September-11-2020,Vacant Land,3965 FM ROAD 1836,Kaufman,TX,75142,53000,0,,,,43560,1.00,19," $53,000 ",,Sold,,,http://www.redfin.com/TX/Kaufman/3965-Farm-to-Market-Road-1836-75142/home/172927339,NTREIS,14418259,N,Y,32.5686344,-96.2835163
PAST SALE,July-27-2020,Vacant Land,FM Rd 2451,Rosser,TX,75157,25000,0,,,,43560,1.00,65," $25,000 ",,Sold,,,http://www.redfin.com/TX/Rosser/Farm-to-Market-Road-2451-75157/home/172084560,NTREIS,14367410,N,Y,32.462565,-96.45385
PAST SALE,,Vacant Land,,Kemp,TX,75143,48930,,,,,44165,1.01,," $48,260 ",,,,,http://www.redfin.com/TX/Kemp/Unknown-75143/home/167424316,,,N,Y,32.376431,-96.222707
PAST SALE,October-11-2019,Vacant Land,0 Meandering Way,Combine,TX,75159,54900,0,,Bent Tree Estates,,44562,1.02,355," $53,666 ",,Sold,,,http://www.redfin.com/TX/SEAGOVILLE/MEANDERING-WAY-75159/home/33717205,NTREIS,14178929,N,Y,32.568567,-96.501084
PAST SALE,July-17-2020,Vacant Land,1033 Hidden Oaks Dr,Wills Point,TX,75169,48900,0,,"Shadow Lakes, Phase One",,44867,1.03,75," $47,476 ",46,Sold,,,http://www.redfin.com/TX/Wills-Point/1033-Hidden-Oaks-Dr-75169/home/40255434,NTREIS,14365300,N,Y,32.662363,-96.102215
PAST SALE,August-21-2020,Vacant Land,7475 Star Trl,Crandall,TX,75114,65000,0,,Wynchase Crossing 1 & 2,,44910,1.03,40," $63,046 ",13,Sold,,,http://www.redfin.com/TX/Crandall/7475-Star-Trl-75114/home/172061097,NTREIS,14355963,N,Y,32.6073819,-96.4225161
PAST SALE,March-20-2020,Vacant Land,4565 FM 148,Crandall,TX,75114,49900,0,,QUAIL RUN CROSSING PH 2,,45302,1.04,194," $47,981 ",,Sold,,,http://www.redfin.com/TX/Crandall/4565-N-Farm-to-Market-148-75114/home/33817802,NTREIS,14297880,N,Y,32.655966,-96.40066
PAST SALE,,Other,1070 Water Oak Dr,Kaufman,TX,75142,14500,,,,,45302,1.04,," $13,942 ",,,,,http://www.redfin.com/TX/Kaufman/1070-Water-Oak-Dr-75142/home/33800172,,,N,Y,32.638523,-96.267818
PAST SALE,August-23-2019,Vacant Land,1333 Canyon Lake Rd,Wills Point,TX,75169,39500,0,,Shadow Lakes Ph 1,,45738,1.05,404," $37,619 ",46,Sold,,,http://www.redfin.com/TX/Wills-Point/1333-Canyon-Lake-Rd-75169/home/160383696,NTREIS,14015975,N,Y,32.660443,-96.097418
PAST SALE,February-10-2020,Vacant Land,105 Oakmont Dr,Mabank,TX,75147,45000,0,,Oakmont,,46609,1.07,233," $42,056 ",,Sold,,,http://www.redfin.com/TX/Mabank/Unknown-Unknown/home/146952278,NTREIS,13925859,N,Y,32.381719,-96.133139
PAST SALE,May-8-2020,Vacant Land,1000 Encino Ct,Wills Point,TX,75169,40000,0,,Shadow Lakes Ph 1,,48787,1.12,145," $35,714 ",46,Sold,,,http://www.redfin.com/TX/Wills-Point/1000-Encino-Ct-75169/home/35583459,NTREIS,14318244,N,Y,32.65975,-96.096622
PAST SALE,May-13-2019,Vacant Land,2111 Lake Crest Ln,Wills Point,TX,75169,37000,0,,Shadow Lakes Ph 2,,48787,1.12,506," $33,036 ",46,Sold,,,http://www.redfin.com/TX/Unknown/Lake-Crest-Ln-75169/home/161627149,NTREIS,13995775,N,Y,32.663153,-96.102788
PAST SALE,,Vacant Land,5123 Rabbit Trl,Kemp,TX,75143,12000,,,,,49005,1.13,," $10,667 ",,,,,http://www.redfin.com/TX/Kemp/5123-Rabbit-Trl-75143/home/33825349,,,N,Y,32.4860914,-96.2457304
PAST SALE,February-10-2020,Vacant Land,1077 Deerfield Dr,Wills Point,TX,75169,39500,0,,Shadow Lakes Ph 1,,49223,1.13,233," $34,956 ",42,Sold,,,http://www.redfin.com/TX/Wills-Point/1077-Deerfield-Dr-75169/home/35576371,NTREIS,13784838,N,Y,32.659407,-96.099954
PAST SALE,March-11-2020,Vacant Land,9742 County Road 307,Terrell,TX,75161,57000,0,,B KIMBERLING,,49441,1.14,203," $50,220 ",,Sold,,,http://www.redfin.com/TX/Terrell/9742-County-307-ROW-Unknown/home/169094866,NTREIS,14187070,N,Y,32.70401,-96.210278
PAST SALE,July-1-2020,Vacant Land,7167 MITCHELL,Terrell,TX,75160,70000,0,,SOUTH RIDE,,50007,1.15,91," $60,975 ",,Sold,,,http://www.redfin.com/TX/Terrell/7167-Mitchell-Dr-75160/home/33825417,NTREIS,14350749,N,Y,32.6885932,-96.3541636
PAST SALE,March-6-2020,Vacant Land,1033 Canyon Lake Rd,Wills Point,TX,75169,37500,0,,Shadow Lakes Ph 1,,50094,1.15,208," $32,609 ",46,Sold,,,http://www.redfin.com/TX/Wills-Point/1033-Canyon-Lake-Rd-75169/home/161737589,NTREIS,14148472,N,Y,32.660976,-96.091515
PAST SALE,September-5-2019,Vacant Land,7151 Fm Road 1390,Scurry,TX,75158,44000,0,,J Daughtery,,50312,1.16,391," $38,095 ",,Sold,,,http://www.redfin.com/TX/Scurry/7151-Farm-to-Market-Road-1390-75158/home/166811773,NTREIS,14097238,N,Y,32.5464028,-96.4156309
PAST SALE,March-19-2020,Vacant Land,1022 Deerfield Dr,Wills Point,TX,75169,37000,0,,Shadow Lakes Ph 1,,50530,1.16,195," $31,896 ",42,Sold,,,http://www.redfin.com/TX/Wills-Point/1022-Deerfield-Dr-75169/home/161777409,NTREIS,14131149,N,Y,32.660448,-96.100706
PAST SALE,May-31-2019,Vacant Land,1044 Deerfield Dr,Wills Point,TX,75169,35000,0,,Shadow Lakes Ph 1,,50530,1.16,488," $30,172 ",46,Sold,,,http://www.redfin.com/TX/Wills-Point/1044-Deerfield-Dr-75169/home/35576765,NTREIS,14067844,N,Y,32.660021,-96.100883
PAST SALE,September-13-2019,Vacant Land,0 FM ROAD 1388,Kaufman,TX,75142,49900,0,,Quail Ridge,,50704,1.16,383," $42,869 ",,Sold,,,http://www.redfin.com/TX/Kaufman/Farm-to-Market-Road-1388-Unknown/home/163781193,NTREIS,14075726,N,Y,32.567699,-96.315898
PAST SALE,July-12-2019,Vacant Land,1099 Tawakoni Rd,Wills Point,TX,75169,39000,0,,Shadow Lakes Ph 1,,51836,1.19,446," $32,773 ",46,Sold,,,http://www.redfin.com/TX/Wills-Point/1099-Tawakoni-Dr-75169/home/161662372,NTREIS,13951691,N,Y,32.660681,-96.090787
PAST SALE,March-11-2020,Vacant Land,421 Sun Vly,Mabank,TX,75147,425000,0,,505 Ranch Club,,52272,1.20,203," $354,167 ",495,Sold,,,http://www.redfin.com/TX/Mabank/421-Sun-Vly-75147/home/33743062,NTREIS,14168028,N,Y,32.3627925,-96.1483186
PAST SALE,November-22-2019,Vacant Land,449 Sun Vly,Mabank,TX,75147,455000,0,,505 Ranch on Cedar Creek,,52272,1.20,313," $379,167 ",531,Sold,,,http://www.redfin.com/TX/Mabank/449-Sun-Vly-75147/home/33744729,NTREIS,14171757,N,Y,32.3602595,-96.1529068
PAST SALE,October-16-2018,Vacant Land,0 Smith Ln,Combine,TX,75159,47500,0,,,,52272,1.20,715," $39,583 ",,Sold,,,http://www.redfin.com/TX/Combine/Smith-Ln-75159/home/147123907,NTREIS,13936742,N,Y,32.597901,-96.51647
PAST SALE,April-16-2020,Vacant Land,0 Star Trl,Crandall,TX,75114,65000,0,,Wynchase Crossing 1 & 2,,52403,1.20,167," $54,031 ",13,Sold,,,http://www.redfin.com/TX/Crandall/7462-Star-Trl-75114/home/33829810,NTREIS,14241836,N,Y,32.609183,-96.423711
PAST SALE,March-26-2019,Vacant Land,Emerald Ranch Ln,Forney,TX,75126,99900,0,,Emerald Ranch Estates,,52708,1.21,554," $82,561 ",4,Sold,,,http://www.redfin.com/TX/Forney/12377-Emerald-Ranch-Ln-N-75126/home/147490284,NTREIS,14010621,N,Y,32.722581,-96.394326
PAST SALE,February-10-2020,Vacant Land,127 Oakbend Trl,Mabank,TX,75147,50000,0,,Oakmont,,53143,1.22,233," $40,984 ",,Sold,,,http://www.redfin.com/TX/Fort-Worth/Oakbend-Trl-76132/home/146954407,NTREIS,13926401,N,Y,32.3819,-96.132903
PAST SALE,December-10-2018,Vacant Land,1333 Eagle Lake Dr,Wills Point,TX,75169,42500,0,,Shadow Lakes Ph 1,,53143,1.22,660," $34,836 ",46,Sold,,,http://www.redfin.com/TX/Wills-Point/1333-Eagle-Lake-Dr-75169/home/146976083,NTREIS,13928367,N,Y,32.662387,-96.094837
PAST SALE,August-9-2019,Vacant Land,1239 CR 4129,Scurry,TX,75158,34900,0,,Oak Trail Estates,,55408,1.27,418," $27,437 ",,Sold,,,http://www.redfin.com/TX/Scurry/1239-CR-4129-Unknown/home/160913721,NTREIS,14054666,N,Y,32.429956,-96.338442
PAST SALE,August-23-2019,Vacant Land,1355 Canyon Lake Rd,Wills Point,TX,75169,49500,0,,Shadow Lakes Ph 1,,55757,1.28,404," $38,672 ",46,Sold,,,http://www.redfin.com/TX/Wills-Point/1355-Canyon-Lake-Rd-75169/home/33739835,NTREIS,14015998,N,Y,32.660296,-96.097961
PAST SALE,January-15-2020,Vacant Land,0 FM 1392,Terrell,TX,75160,74900,0,,Lawrence,,56715,1.30,259," $57,527 ",,Sold,,,http://www.redfin.com/TX/Terrell/Farm-to-Market-Road-1392-75160/home/169219738,NTREIS,14178248,N,Y,32.748023,-96.342818
PAST SALE,April-29-2019,Vacant Land,1440 Shadow Lakes Dr,Wills Point,TX,75169,39900,0,,Shadow Lakes Ph 1,,57064,1.31,520," $30,458 ",46,Sold,,,http://www.redfin.com/TX/Wills-Point/1440-Shadow-Lakes-Dr-75169/home/35577453,NTREIS,14040509,N,Y,32.666937,-96.097
PAST SALE,June-23-2020,Vacant Land,217 Deer Vly,Mabank,TX,75147,540000,0,,505 Ranch Club,,57499,1.32,99," $409,092 ",495,Sold,,,http://www.redfin.com/TX/Mabank/217-Deer-Valley-Dr-75147/home/33743033,NTREIS,14172495,N,Y,32.3670967,-96.1421114
PAST SALE,April-24-2020,Vacant Land,108 Oakmont Dr,Mabank,TX,75147,47500,0,,Oakmont,,57499,1.32,159," $35,985 ",,Sold,,,http://www.redfin.com/TX/Mabank/Unknown-Unknown/home/146952514,NTREIS,13925930,N,Y,32.366532,-96.100806
PAST SALE,July-31-2020,Vacant Land,1132 Canyon Lake Rd,Wills Point,TX,75169,45900,0,,Shadow Lakes Phase 1,,57499,1.32,61," $34,773 ",46,Sold,,,http://www.redfin.com/TX/Wills-Point/1132-Canyon-Lake-Rd-75169/home/55386103,NTREIS,14367658,N,Y,32.662501,-96.0931109
PAST SALE,January-6-2020,Vacant Land,1188 Whirlaway Dr,Terrell,TX,75160,89900,0,,Winners Circle 1 & 2 & 3 & 4,,60156,1.38,268," $65,098 ",,Sold,,,http://www.redfin.com/TX/Terrell/1188-Whirlaway-Dr-75160/home/35591155,NTREIS,14191564,N,Y,32.6821879,-96.403137
PAST SALE,November-26-2019,Vacant Land,8791 SOUTHERN SHORE Ct,Kemp,TX,75143,267900,0,,EDGEWATER ADDITION,,60984,1.40,309," $191,357 ",500,Sold,,,http://www.redfin.com/TX/Kemp/8791-SOUTHERN-SHORE-CT-75143/home/167693842,NTREIS,14144405,N,Y,32.375346,-96.216606
PAST SALE,April-1-2019,Vacant Land,2133 Lake Crest Ln,Wills Point,TX,75169,47000,0,,Shadow Lakes Ph 2,,62291,1.43,548," $32,867 ",46,Sold,,,http://www.redfin.com/TX/Unknown/Lake-Crest-Ln-75169/home/161627147,NTREIS,13995784,N,Y,32.663356,-96.103343
PAST SALE,September-4-2020,Vacant Land,11399 Helms Trl,Forney,TX,75126,125000,0,,Grandview Estates 1 & 2,,62596,1.44,26," $86,986 ",,Sold,,,http://www.redfin.com/TX/Forney/11399-Helms-Trl-75126/home/35575072,NTREIS,14404345,N,Y,32.7173964,-96.4107515
PAST SALE,November-18-2019,Vacant Land,2277 Canyon Lake Rd,Wills Point,TX,75169,59500,0,,Shadow Lakes Ph 3,,63336,1.45,317," $40,922 ",42,Sold,,,http://www.redfin.com/TX/Wills-Point/2277-Canyon-Lake-Rd-75169/home/161627348,NTREIS,14158164,N,Y,32.671188,-96.114703
PAST SALE,August-13-2019,Vacant Land,441 Sun Vly,Mabank,TX,75147,375000,0,,505 Ranch on Cedar Creek,,65340,1.50,414," $250,000 ",498,Sold,,,http://www.redfin.com/TX/Mabank/441-Sun-Vly-75147/home/33743056,NTREIS,13894530,N,Y,32.3608326,-96.1514626
PAST SALE,May-9-2019,Vacant Land,8611 Maplewood Dr,Terrell,TX,75160,99500,0,,Lost Creek Estates,,65340,1.50,510," $66,333 ",36,Sold,,,http://www.redfin.com/TX/Terrell/8611-Maplewood-Dr-75160/home/33728079,NTREIS,13874465,N,Y,32.672336,-96.378855
PAST SALE,February-13-2019,Vacant Land,12801 Whiterock Rd,Mabank,TX,75147,12900,0,,,,65645,1.51,595," $8,560 ",,Sold,,,http://www.redfin.com/TX/Mabank/12801-Whiterock-Rd-75147/home/52043369,NTREIS,14004724,N,Y,32.3859894,-96.1271423
PAST SALE,November-8-2018,Vacant Land,140 Oakmont Dr,Mabank,TX,75147,99900,0,,Oakmont,,67518,1.55,692," $64,452 ",,Sold,,,http://www.redfin.com/TX/Mabank/Unknown-Unknown/home/146955959,NTREIS,13926629,N,Y,32.381683,-96.133161
PAST SALE,March-11-2020,Vacant Land,138 Oakmont Dr,Mabank,TX,75147,99900,0,,Oakmont,,67518,1.55,203," $64,452 ",,Sold,,,http://www.redfin.com/TX/Mabank/Unknown-Unknown/home/146955904,NTREIS,13926621,N,Y,32.381728,-96.133139
PAST SALE,May-7-2019,Vacant Land,0 3039,Combine,TX,75159,82000,0,,Peter Stockman Abs 445,,67605,1.55,512," $52,835 ",,Sold,,,http://www.redfin.com/TX/Combine/Unknown-75159/home/146166570,NTREIS,13882552,N,Y,32.588468,-96.508599
PAST SALE,July-15-2020,Vacant Land,215 Deer Valley Dr,Mabank,TX,75147,575000,0,,505 Ranch,,67954,1.56,77," $368,588 ",495,Sold,,,http://www.redfin.com/TX/Mabank/215-Deer-Valley-Dr-75147/home/33743032,NTREIS,14273803,N,Y,32.3673764,-96.1418239
PAST SALE,October-23-2018,Vacant Land,0 Sleepy Hollow Rd,Terrell,TX,75161,39900,0,,Lazy Oak Lake Sub,,68389,1.57,708," $25,414 ",,Sold,,,http://www.redfin.com/TX/TERRELL/SLEEPY-HOLLOW-RD-75161/home/33792604,NTREIS,13933938,N,Y,32.71621,-96.139421
PAST SALE,,Vacant Land,7909 County Rd 4076,Scurry,TX,75158,40000,,,,,69117,1.59,," $25,209 ",,,,,http://www.redfin.com/TX/Scurry/7909-County-Rd-4076-75158/home/167426785,,,N,Y,32.425237,-96.379385
PAST SALE,June-18-2020,Vacant Land,Co Road 152,Kaufman,TX,75142,89900,0,,Wild Acres,,71133,1.63,104," $55,052 ",,Sold,,,http://www.redfin.com/TX/Kaufman/Co-Rd-152-75142/home/161650298,NTREIS,14326853,N,Y,32.548871,-96.313964
PAST SALE,August-12-2019,Vacant Land,0 Byron Rd,Kaufman,TX,75142,40000,0,,Kee Inc,,72310,1.66,415," $24,096 ",,Sold,,,http://www.redfin.com/TX/Unknown/BYRON-RD-Unknown/home/167456325,NTREIS,14140600,N,Y,32.584488,-96.27362
PAST SALE,September-19-2019,Vacant Land,1110 Canyon Lake Rd,Wills Point,TX,75169,44000,0,,Shadow Lakes Ph 1,,72310,1.66,377," $26,506 ",42,Sold,,,http://www.redfin.com/TX/Wills-Point/1110-Canyon-Lake-Rd-75169/home/161777382,NTREIS,14170326,N,Y,32.662711,-96.092418
PAST SALE,August-14-2020,Vacant Land,213 Deer Valley Dr,Mabank,TX,75147,635000,0,,505 Ranch,,73616,1.69,47," $375,742 ",489,Sold,,,http://www.redfin.com/TX/Mabank/213-Deer-Valley-Dr-75147/home/33743035,NTREIS,14385254,N,Y,32.3676181,-96.1414533
PAST SALE,December-14-2018,Vacant Land,,Terrell,TX,75160,60000,0,,Midland Heights,,74052,1.70,656," $35,294 ",,Sold,,,http://www.redfin.com/TX/Terrell/Undisclosed-address-75160/home/33795375,NTREIS,13651149,N,Y,32.74224,-96.270792
PAST SALE,April-7-2020,Vacant Land,1645 Canyon Lake Rd,Wills Point,TX,75169,57000,0,,Shadow Lakes Ph 2,,78844,1.81,176," $31,492 ",46,Sold,,,http://www.redfin.com/TX/Wills-Point/1645-Canyon-Lake-Rd-75169/home/33746990,NTREIS,14296909,N,Y,32.6615541,-96.1068928
PAST SALE,January-2-2020,Vacant Land,FM 148,Grays Prairie,TX,75158,50000,0,,TBD,,78844,1.81,272," $27,624 ",,Sold,,,http://www.redfin.com/TX/Grays-Prairie/Farm-to-Market-Road-148-Unknown/home/169652281,NTREIS,14221923,N,Y,32.519049,-96.381289
PAST SALE,June-28-2019,Vacant Land,240 River Bend Trl,Combine,TX,75159,80000,0,,River Bend Estates,,79976,1.84,460," $43,573 ",8,Sold,,,http://www.redfin.com/TX/Seagoville/240-River-Bend-Trl-75159/home/160367149,NTREIS,14014405,N,Y,32.592432,-96.496769
PAST SALE,May-1-2020,Vacant Land,111 Oakmont Dr,Mabank,TX,75147,52000,0,,Oakmont,,80150,1.84,152," $28,261 ",,Sold,,,http://www.redfin.com/TX/Mabank/111-Oakmont-Dr-Unknown/home/147480923,NTREIS,13949689,N,Y,32.381755,-96.133129
PAST SALE,February-18-2020,Vacant Land,6721 FM 1390,Kaufman,TX,75142,35000,0,,Thos Lowery,,82546,1.89,225," $18,470 ",,Sold,,,http://www.redfin.com/TX/Kaufman/6721-FM-1390-75142/home/33756747,NTREIS,14084055,N,Y,32.556419,-96.40591
PAST SALE,October-2-2019,Vacant Land,7600 Fall Creek Rd,Terrell,TX,75160,94000,0,,Lost Creek Estates,,83200,1.91,364," $49,214 ",36,Sold,,,http://www.redfin.com/TX/Terrell/7600-Fall-Creek-Dr-75160/home/35534411,NTREIS,14112771,N,Y,32.6792915,-96.3777958
PAST SALE,November-26-2019,Vacant Land,248 Still St E,Kemp,TX,75143,25000,0,,Still Addition,,84506,1.94,309," $12,887 ",,Sold,,,http://www.redfin.com/TX/Kemp/248-Still-St-75143/home/168845498,NTREIS,14175102,N,Y,32.4435657,-96.2248369
PAST SALE,June-2-2020,Vacant Land,0 Country Ln,Kaufman,TX,75142,50000,0,,Country Acres,,85639,1.97,120," $25,432 ",,Sold,,,http://www.redfin.com/TX/KAUFMAN/COUNTRY-LN-75142/home/161744491,NTREIS,14340478,N,Y,32.648162,-96.260941
PAST SALE,March-8-2019,Vacant Land,4001 County Road 121,Kaufman,TX,75142,40000,0,,Gw Rader A-419,,87120,2.00,572," $20,000 ",,Sold,,,http://www.redfin.com/TX/Kaufman/4001-Co-Rd-121-75142/home/52043010,NTREIS,14027518,N,Y,32.609473,-96.135993
PAST SALE,August-3-2020,Vacant Land,1150 Amber Way,Rockwall,TX,75032,150000,0,,High Point Lake Estates Sec 2,,87120,2.00,58," $75,000 ",,Sold,,,http://www.redfin.com/TX/Rockwall/1150-Amber-Way-75032/home/33887187,NTREIS,14006697,N,Y,32.8142447,-96.319515
PAST SALE,January-24-2020,Vacant Land,7588 Fm Road 2727,Kaufman,TX,75142,65000,0,,J E Roof Surv Abs #413,,87120,2.00,250," $32,500 ",,Sold,,,http://www.redfin.com/TX/Kaufman/7588-Fm-Road-2727-75142/home/170094707,NTREIS,14241835,N,Y,32.63016,-96.192068
PAST SALE,March-18-2020,Vacant Land,1222 Topaz Ln,Kaufman,TX,75142,71000,0,,J SHERWOOD,,87120,2.00,196," $35,500 ",,Sold,,,http://www.redfin.com/TX/Kaufman/1222-Topaz-Ln-75142/home/40178729,NTREIS,14191661,N,Y,32.6035371,-96.1305196
PAST SALE,July-25-2019,Vacant Land,0 Hwy 274,Kemp,TX,75143,25000,0,,Kim Roulias,,87120,2.00,433," $12,500 ",,Sold,,,http://www.redfin.com/TX/Kemp/Unknown-Unknown/home/167115979,NTREIS,14120426,N,Y,32.372172,-96.240974
PAST SALE,August-21-2019,Vacant Land,0 Klassic K Farm,Kaufman,TX,75142,50000,0,,R Anthony,,87120,2.00,406," $25,000 ",,Sold,,,http://www.redfin.com/TX/Kaufman/Klassic-K-Farm-Unknown/home/167453340,NTREIS,14100981,N,Y,32.645419,-96.321239
PAST SALE,December-16-2019,Vacant Land,13052 Shadow Brook Ct,Terrell,TX,75160,59900,0,,Shadow Brook Estates,,87120,2.00,289," $29,950 ",,Sold,,,http://www.redfin.com/TX/Terrell/13052-Shadow-Brook-Ct-75160/home/146405212,NTREIS,14186782,N,Y,32.79911,-96.341318
PAST SALE,July-9-2019,Vacant Land,1126 Sundown Dr,Kaufman,TX,75142,30000,0,,Sundown Estates,,87120,2.00,449," $15,000 ",,Sold,,,http://www.redfin.com/TX/Kaufman/1126-Sundown-Dr-75142/home/33817256,NTREIS,14114858,N,Y,32.5765946,-96.213965
PAST SALE,May-17-2019,Vacant Land,0 Terrace Dr,Kemp,TX,75143,22000,0,,Country Club Terrace,,89516,2.06,502," $10,706 ",,Sold,,,http://www.redfin.com/TX/Kemp/Terrace-Dr-75143/home/147395805,NTREIS,14075438,N,Y,32.392146,-96.267632
PAST SALE,August-25-2020,Vacant Land,1701 Canyon Lake Rd,Wills Point,TX,75169,65000,0,,Shadow Lakes,,90169,2.07,36," $31,401 ",46,Sold,,,http://www.redfin.com/TX/Wills-Point/1701-Canyon-Lake-Rd-75169/home/35587652,NTREIS,14383502,N,Y,32.6621585,-96.1085398
PAST SALE,July-19-2019,Vacant Land,15417 Flud Rd,Kemp,TX,75143,119000,0,,E HIGDON,,90213,2.07,439," $57,460 ",,Sold,,,http://www.redfin.com/TX/Kemp/15417-Flud-Rd-75143/home/167788499,NTREIS,14065249,N,Y,32.423844,-96.197953
PAST SALE,November-15-2019,Vacant Land,1222 Shadow Lakes Dr,Wills Point,TX,75169,58900,0,,Shadow Lakes Ph 1,,90605,2.08,320," $28,317 ",46,Sold,,,http://www.redfin.com/TX/Wills-Point/1222-Shadow-Lakes-Dr-75169/home/160384683,NTREIS,14155555,N,Y,32.662232,-96.096104
PAST SALE,March-9-2020,Vacant Land,2335 Canyon Lake Rd,Wills Point,TX,75169,69500,0,,Shadow Lakes Ph 3,,92913,2.13,205," $32,583 ",38,Sold,,,http://www.redfin.com/TX/Wills-Point/2335-Canyon-Lake-Rd-75169/home/145279333,NTREIS,14222429,N,Y,32.6717308,-96.1155151
PAST SALE,May-29-2019,Vacant Land,1110 Eagle Lake Dr,Wills Point,TX,75169,54500,0,,Shadow Lakes Ph 1,,94090,2.16,490," $25,231 ",46,Sold,,,http://www.redfin.com/TX/Wills-Point/1110-Eagle-Lake-Dr-75169/home/147820219,NTREIS,13957255,N,Y,32.65996,-96.092257
PAST SALE,May-22-2019,Vacant Land,1055 Winding Wood Trl,Scurry,TX,75158,76500,0,,Shady Meadows Ph 1,,94612,2.17,497," $35,221 ",5,Sold,,,http://www.redfin.com/TX/Scurry/1055-Winding-Wood-Trl-75158/home/35567702,NTREIS,14087267,N,Y,32.510684,-96.349942
PAST SALE,August-31-2020,Vacant Land,413 Sun Vly,Mabank,TX,75147,850000,0,,505 Ranch,,94961,2.18,30," $389,907 ",991,Sold,,,http://www.redfin.com/TX/Mabank/413-Sun-Vly-75147/home/33743018,NTREIS,14312809,N,Y,32.3634064,-96.1469089
PAST SALE,March-5-2019,Vacant Land,4776 Cheryl Ln,Kaufman,TX,75142,55000,0,,One Forty Place & Rev,,99360,2.28,575," $24,112 ",,Sold,,,http://www.redfin.com/TX/Kaufman/4776-Cheryl-Ln-75142/home/35580229,NTREIS,13992857,N,Y,32.633991,-96.230191
PAST SALE,October-15-2018,Vacant Land,2055 Eastfield Dr,Wills Point,TX,75169,40000,0,,Shadow Lakes Ph 2,,100188,2.30,716," $17,391 ",25,Sold,,,http://www.redfin.com/TX/Wills-Point/2055-Eastfield-Dr-75169/home/45370519,NTREIS,13408963,N,Y,32.6601583,-96.104366
PAST SALE,February-28-2019,Vacant Land,16437 Four Oaks Dr,Kemp,TX,75143,25000,0,,Four Oaks,,101800,2.34,580," $10,697 ",,Sold,,,http://www.redfin.com/TX/Kemp/16437-4-Oaks-Dr-75143/home/160387947,NTREIS,14016489,N,Y,32.4061274,-96.1711376
PAST SALE,July-13-2020,Vacant Land,9252 County Road 216,Talty,TX,75160,89900,0,,Friendly Acres Rev,,103455,2.38,79," $37,853 ",,Sold,,,http://www.redfin.com/TX/Terrell/9252-Co-Rd-216-75160/home/40179294,NTREIS,14211832,N,Y,32.6940046,-96.3895406
PAST SALE,June-18-2020,Vacant Land,2033 Parkview Dr,Wills Point,TX,75169,67000,0,,Shadow Lakes Ph 2,,106286,2.44,104," $27,459 ",46,Sold,,,http://www.redfin.com/TX/Wills-Point/2033-Parkview-Dr-75169/home/148749862,NTREIS,14314195,N,Y,32.6618705,-96.110679
PAST SALE,May-22-2019,Vacant Land,1077 Winding Wood Trl,Scurry,TX,75158,85950,0,,Shady Meadows Ph 1,,106853,2.45,497," $35,039 ",5,Sold,,,http://www.redfin.com/TX/Scurry/1077-Winding-Wood-Trl-75158/home/33729408,NTREIS,14087266,N,Y,32.510228,-96.349296
PAST SALE,May-24-2019,Vacant Land,6619 Fm Rd 3396 Co Rd 4049,Kemp,TX,75143,25000,0,,Creek Side,,107593,2.47,495," $10,121 ",,Sold,,,http://www.redfin.com/TX/Kemp/6619-Farm-to-Market-Road-3396-75143/home/163844080,NTREIS,14076118,N,Y,32.3628276,-96.3177336
PAST SALE,May-5-2020,Vacant Land,0 CO ROAD 324,Poetry,TX,75160,99900,0,,Poetry Ranch,,108029,2.48,148," $40,282 ",,Sold,,,http://www.redfin.com/TX/Unknown/County-Road-324-75160/home/171040565,NTREIS,14299709,N,Y,32.834517,-96.230261
PAST SALE,October-31-2019,Vacant Land,18325 Valley View Rd,Forney,TX,75126,87500,0,,R Peckham,,108900,2.50,335," $35,000 ",,Sold,,,http://www.redfin.com/TX/Forney/18325-Valley-Vw-75126/home/52042948,NTREIS,14166608,N,Y,32.813584,-96.4189154
PAST SALE,December-31-2019,Vacant Land,4550 N Fm Road 148,Crandall,TX,75114,97900,0,,Quail Run Crossing,,109597,2.52,274," $38,911 ",,Sold,,,http://www.redfin.com/TX/Crandall/4550-Farm-to-Market-Road-148-75114/home/170051217,NTREIS,14239968,N,Y,32.5929121,-96.4284553
PAST SALE,October-31-2019,Vacant Land,0 Kandy Ln,Kaufman,TX,75142,80000,0,,Pebble Creek Estates,,111993,2.57,335," $31,116 ",,Sold,,,http://www.redfin.com/TX/KAUFMAN/KANDY-LN-75142/home/33728101,NTREIS,14122365,N,Y,32.633044,-96.315416
PAST SALE,September-23-2020,Vacant Land,10322 Wild Rose Cir,Forney,TX,75126,120000,0,,J Lopez Estates,,112385,2.58,7," $46,512 ",30,Sold,,,http://www.redfin.com/TX/Forney/10322-Wild-Rose-Cir-75126/home/170501500,NTREIS,14275700,N,Y,32.7896829,-96.4298303
PAST SALE,July-6-2020,Vacant Land,6755 Rolling Heights Cir,Kaufman,TX,75142,79000,0,,Crystal Spgs,,119354,2.74,86," $28,832 ",,Sold,,,http://www.redfin.com/TX/Kaufman/6755-Rolling-Heights-Cir-75142/home/161636728,NTREIS,14227331,N,Y,32.6258644,-96.1329405
PAST SALE,August-24-2020,Vacant Land,307 Sun Vly,Mabank,TX,75147,625000,0,,505 Ranch on Cedar Creek,,124146,2.85,37," $219,298 ",495,Sold,,,http://www.redfin.com/TX/Mabank/307-Sun-Vly-75147/home/33743025,NTREIS,14221645,N,Y,32.3650115,-96.143681
PAST SALE,May-10-2019,Vacant Land,303 Sun Vly,Mabank,TX,75147,575000,0,,505 Ranch on Cedar Creek,,124146,2.85,509," $201,754 ",746,Sold,,,http://www.redfin.com/TX/Mabank/303-Sun-Vly-75147/home/146033765,NTREIS,13971191,N,Y,32.3650046,-96.1421414
PAST SALE,August-19-2020,Vacant Land,12567 Saddle Club Dr,Heath,TX,75126,160000,0,,Saddleclub Estates 2 & 3,,124582,2.86,42," $55,944 ",,Sold,,,http://www.redfin.com/TX/Forney/12567-Saddle-Club-Dr-75126/home/62644449,NTREIS,14250723,N,Y,32.810703,-96.457859
PAST SALE,June-21-2019,Vacant Land,0 Sue Ann Ln,Terrell,TX,75161,49900,0,,Oak Hill Estates 2,,127195,2.92,467," $17,089 ",,Sold,,,http://www.redfin.com/TX/TERRELL/SUE-ANN-LN-75161/home/161687726,NTREIS,14076267,N,Y,32.659465,-96.192964
PAST SALE,July-3-2019,Vacant Land,0 County Road 4091,Scurry,TX,75158,108000,0,,Cottonwood Creek,,130680,3.00,455," $36,000 ",,Sold,,,http://www.redfin.com/TX/Unknown/CO-ROAD-4091-Unknown/home/52042804,NTREIS,14036640,N,Y,32.521922,-96.380891
PAST SALE,November-19-2018,Vacant Land,18300 Co Road 4001,Mabank,TX,75147,30000,0,,Hackberry Acres,,130680,3.00,681," $10,000 ",,Sold,,,http://www.redfin.com/TX/Mabank/18300-County-Road-4001-75147/home/147615515,NTREIS,13954904,N,Y,32.3709575,-96.0858711
PAST SALE,July-12-2019,Vacant Land,0 S Fm Road 740,Forney,TX,75126,170000,0,,J S RAMSEY,,130680,3.00,446," $56,667 ",,Sold,,,http://www.redfin.com/TX/Forney/FM740-Unknown/home/147406308,NTREIS,14116134,N,Y,32.690178,-96.513564
PAST SALE,April-23-2020,Vacant Land,0 Timber Trl,Scurry,TX,75158,95000,0,,Silver Creek,,130680,3.00,160," $31,667 ",,Sold,,,http://www.redfin.com/TX/SCURRY/TIMBER-TRL-75158/home/161769840,NTREIS,14147429,N,Y,32.513533,-96.367647
PAST SALE,December-3-2018,Vacant Land,County Road 4091,Scurry,TX,75158,75000,0,,Cottonwood Creek Estates,,131551,3.02,667," $24,834 ",,Sold,,,http://www.redfin.com/TX/Unknown/Unknown-75158/home/147711646,NTREIS,13952144,N,Y,32.517665,-96.383555
PAST SALE,April-9-2020,Vacant Land,6230 Mountain View Dr,Crandall,TX,75114,125000,0,,Dallas East Addition,,134600,3.09,174," $40,453 ",,Sold,,,http://www.redfin.com/TX/Crandall/6230-Mountain-View-Dr-75114/home/147013240,NTREIS,14313569,N,Y,32.6721989,-96.4284326
PAST SALE,August-23-2019,Vacant Land,0 Meadow Way,Terrell,TX,75160,99900,0,,Meadow Wood Park Ranch Estates,,134600,3.09,404," $32,330 ",21,Sold,,,http://www.redfin.com/TX/TERRELL/MEADOW-WAY-75160/home/33794990,NTREIS,13924523,N,Y,32.6721,-96.300231
PAST SALE,May-11-2020,Vacant Land,10638 County Road 313,Terrell,TX,75161,68900,0,,WWP-Elmo Addition,,136212,3.13,142," $22,034 ",,Sold,,,http://www.redfin.com/TX/Terrell/10638-County-Road-313-75161/home/169730829,NTREIS,14223609,N,Y,32.7052879,-96.1528457
PAST SALE,December-18-2019,Vacant Land,CR 313 (Lot 2),Terrell,TX,75161,68900,0,,WWP-Elmo Addition,,138042,3.17,287," $21,742 ",,Sold,,,http://www.redfin.com/TX/Unknown/County-Road-313-75161/home/169730926,NTREIS,14223635,N,Y,32.711837,-96.161881
PAST SALE,March-16-2020,Vacant Land,0 FM 429,Quinlan,TX,75474,52000,0,,Joshua Westbrook Abs 584,,138434,3.18,198," $16,362 ",,Sold,,,http://www.redfin.com/TX/Quinlan/Unknown-75474/home/170427256,NTREIS,14267018,N,Y,32.823594,-96.089418
PAST SALE,July-31-2020,Vacant Land,2188 Westview Dr,Wills Point,TX,75169,139900,0,,Shadow Lakes Ph 2,,139828,3.21,61," $43,582 ",39,Sold,,,http://www.redfin.com/TX/Wills-Point/2188-Westview-Dr-75169/home/35624129,NTREIS,14361361,N,Y,32.6647041,-96.1070326
PAST SALE,May-22-2020,Vacant Land,18120 County Road 4052,Kemp,TX,75143,39900,0,,Country Club Terrace,,156990,3.60,131," $11,071 ",,Sold,,,http://www.redfin.com/TX/Kemp/18120-County-Road-4052-75143/home/171386314,NTREIS,14325516,N,Y,32.3836643,-96.2767904
PAST SALE,April-1-2019,Vacant Land,0 Wild Rose Cir,Forney,TX,75126,109000,0,,J Lopez Estates,,157252,3.61,548," $30,194 ",28,Sold,,,http://www.redfin.com/TX/FORNEY/WILD-ROSE-CIR-75126/home/33766455,NTREIS,13859816,N,Y,32.790453,-96.429732
PAST SALE,May-8-2020,Vacant Land,15700 Wiser Rd,Forney,TX,75126,125000,0,,Fleckenstein,,165528,3.80,145," $32,895 ",,Sold,,,http://www.redfin.com/TX/Forney/15700-Wiser-Rd-75126/home/169846891,NTREIS,14228400,N,Y,32.7029602,-96.5067985
PAST SALE,December-6-2019,Vacant Land,0 Fm Road 1388,Oak Grove,TX,75142,129900,0,,,,166399,3.82,299," $34,005 ",,Sold,,,http://www.redfin.com/TX/Oak-Grove/Farm-to-Market-Road-1388-Unknown/home/169204853,NTREIS,14191890,N,Y,32.567699,-96.315898
PAST SALE,October-2-2019,Vacant Land,0 Fogleman Rd,Kemp,TX,75143,44900,0,,J SHARP,,167575,3.85,364," $11,671 ",,Sold,,,http://www.redfin.com/TX/KEMP/FOGLEMAN-RD-75143/home/52041448,NTREIS,14094660,N,Y,32.381633,-96.250263
PAST SALE,May-29-2020,Vacant Land,5475 Fogleman Rd,Kemp,TX,75143,140000,0,,James Sharp Surv Abs #448,,169187,3.88,124," $36,045 ",,Sold,,,http://www.redfin.com/TX/Kemp/5475-Fogleman-Rd-75143/home/171589918,NTREIS,14340749,N,Y,32.3820374,-96.2447431
PAST SALE,February-11-2019,Vacant Land,1737 County Road 139,Terrell,TX,75161,89900,0,,Utopia Ranch,,174240,4.00,597," $22,475 ",,Sold,,,http://www.redfin.com/TX/Terrell/1737-County-Road-139-75161/home/148708427,NTREIS,14002142,N,Y,32.735729,-96.167869
PAST SALE,May-20-2019,Vacant Land,18903 Fm 986,Terrell,TX,75160,80000,0,,,,174240,4.00,499," $20,000 ",,Sold,,,http://www.redfin.com/TX/Terrell/18903-FM986-75160/home/35579236,NTREIS,14042115,N,Y,32.8256458,-96.2463953
PAST SALE,July-31-2019,Vacant Land,17709 Terrace Dr,Kemp,TX,75143,50000,0,,Country Club Terrace,,176070,4.04,427," $12,370 ",,Sold,,,http://www.redfin.com/TX/Kemp/17709-Terrace-Dr-75143/home/33778983,NTREIS,14124450,N,Y,32.391143,-96.266408
PAST SALE,January-17-2019,Vacant Land,5870 County Road 237a,Terrell,TX,75160,88800,0,,Lawrence,,181210,4.16,622," $21,346 ",,Sold,,,http://www.redfin.com/TX/Terrell/5870-Co-Rd-237A-75160/home/33754905,NTREIS,13968610,N,Y,32.7405473,-96.3391054
PAST SALE,June-26-2020,Vacant Land,286 N Fm Road 429,Terrell,TX,75160,125000,0,,A J PASCHALL,,189922,4.36,96," $28,670 ",,Sold,,,http://www.redfin.com/TX/Terrell/286-N-Fm-Road-429-Unknown/home/170664516,NTREIS,14287976,N,Y,32.736485,-96.251355
PAST SALE,February-15-2019,Vacant Land,0 Allen,Terrell,TX,75160,169000,0,,Warren,,189922,4.36,593," $38,761 ",,Sold,,,http://www.redfin.com/TX/TERRELL/ALLEN-75160/home/33810598,NTREIS,13905660,N,Y,32.740762,-96.29172
PAST SALE,April-16-2020,Vacant Land,0 Kings Creek Dr,Kaufman,TX,75142,129000,0,,Oak Meadows,,204732,4.70,167," $27,447 ",,Sold,,,http://www.redfin.com/TX/KAUFMAN/KINGS-CREEK-DR-75142/home/161643576,NTREIS,14223179,N,Y,32.628615,-96.314004
PAST SALE,June-24-2020,Vacant Land,11081 County Road 314,Terrell,TX,75161,60000,0,,Rocky Creek Estates,,204732,4.70,98," $12,766 ",,Sold,,,http://www.redfin.com/TX/Terrell/11081-Co-Rd-314-75161/home/33800080,NTREIS,14327555,N,Y,32.7051322,-96.1041059
PAST SALE,February-27-2020,Vacant Land,14137 County Road 4031,Kemp,TX,75143,39900,0,,Lonesome Creek West,,207694,4.77,216," $8,368 ",,Sold,,,http://www.redfin.com/TX/Kemp/14137-Co-Rd-4031-75143/home/33747284,NTREIS,14266153,N,Y,32.4449686,-96.2407142
PAST SALE,June-30-2020,Vacant Land,7813 County Road 271,Terrell,TX,75160,167650,0,,High Meadow Acres,,208652,4.79,92," $35,000 ",,Sold,,,http://www.redfin.com/TX/Terrell/7813-Co-Rd-271-75160/home/33786521,NTREIS,14302485,N,Y,32.676196,-96.362868
PAST SALE,October-1-2019,Vacant Land,Dickerson Rd,Kaufman,TX,75142,90000,0,,Kaufman Estates,,217800,5.00,365," $18,000 ",,Sold,,,http://www.redfin.com/TX/KAUFMAN/DICKERSON-RD-75142/home/161685389,NTREIS,14085253,N,Y,32.576454,-96.250012
PAST SALE,January-16-2019,Vacant Land,0 High Country Ln,Forney,TX,75126,200000,0,,M MUSICK,,217800,5.00,623," $40,000 ",,Sold,,,http://www.redfin.com/TX/Forney/9835-High-Country-Ln-75126/home/147449802,NTREIS,13976654,N,Y,32.7021362,-96.4637395
PAST SALE,February-5-2019,Vacant Land,0 Fm Road 2451,Scurry,TX,75158,60000,0,,NO,,217800,5.00,603," $12,000 ",,Sold,,,http://www.redfin.com/TX/Scurry/FM2451-75158/home/146802112,NTREIS,13919056,N,Y,32.464573,-96.350117
PAST SALE,October-10-2018,Vacant Land,5112 Cheryl Ln,Kaufman,TX,75142,65000,0,,One Forty Place & Rev,,217800,5.00,721," $13,000 ",,Sold,,,http://www.redfin.com/TX/Kaufman/5112-Cheryl-Ln-75142/home/147122489,NTREIS,13937446,N,Y,32.636785,-96.225453
PAST SALE,June-10-2020,Vacant Land,0 CO Road 313,Terrell,TX,75160,50000,0,,R G CARTWRIGHT,,217800,5.00,112," $10,000 ",,Sold,,,http://www.redfin.com/TX/Terrell/0-CO-Road-313-75160/home/170444005,NTREIS,14269460,N,Y,32.711484,-96.16017
PAST SALE,March-24-2020,Vacant Land,0 Sandy Ridge Rd,Scurry,TX,75158,70000,0,,Sandy Ridge,,217800,5.00,190," $14,000 ",,Sold,,,http://www.redfin.com/TX/SCURRY/SANDY-RIDGE-RD-75158/home/59395919,NTREIS,14278668,N,Y,32.433172,-96.324997
PAST SALE,August-31-2020,Vacant Land,2099 Canyon Lake Dr,Wills Point,TX,75169,116500,0,,Shadow Lakes Ph 3,,220283,5.06,30," $23,037 ",46,Sold,,,http://www.redfin.com/TX/Wills-Point/2099-Canyon-Lake-Rd-75169/home/148327581,NTREIS,14310778,N,Y,32.6660095,-96.1164805
PAST SALE,May-10-2019,Vacant Land,Hickory Tree Ln,Wills Point,TX,75169,50000,0,,Meadow Wood Estates Ph 1,,221720,5.09,509," $9,823 ",,Sold,,,http://www.redfin.com/TX/WILLS-POINT/HICKORY-TREE-LN-75169/home/161769359,NTREIS,14059706,N,Y,32.621657,-96.093279
PAST SALE,August-7-2020,Vacant Land,0 Hwy 90,Mabank,TX,75147,69900,0,,,,231739,5.32,54," $13,139 ",,Sold,,,http://www.redfin.com/TX/Mabank/Hwy-90-Unknown/home/172607795,NTREIS,14287179,N,Y,32.430794,-96.111491
PAST SALE,May-9-2019,Vacant Land,0 County Road 4001,Mabank,TX,75147,48780,0,,Hackberry Acres,,236008,5.42,510," $9,003 ",,Sold,,,http://www.redfin.com/TX/Unknown/COUNTY-ROAD-4001-Unknown/home/145383913,NTREIS,14070392,N,Y,32.378868,-96.080586
PAST SALE,September-16-2020,Vacant Land,5 CO ROAD 4059,Kemp,TX,75143,44000,0,,JOHN PYLE,,250034,5.74,14," $7,666 ",,Sold,,,http://www.redfin.com/TX/Unknown/5-County-Road-4059-75143/home/171016570,NTREIS,14297832,N,Y,32.433013,-96.311557
PAST SALE,May-27-2020,Vacant Land,7685 Pam Ln,Terrell,TX,75161,139900,0,,Oak Hill Estates 1,,268765,6.17,126," $22,674 ",,Sold,,,http://www.redfin.com/TX/Terrell/7685-Pam-Ln-75161/home/33797630,NTREIS,14250058,N,Y,32.658723,-96.214487
PAST SALE,May-10-2019,Vacant Land,1211 Tawakoni Ln,Wills Point,TX,75169,62000,0,,Shadow Lakes,,272381,6.25,509," $9,915 ",46,Sold,,,http://www.redfin.com/TX/Wills-Point/1211-Tawakoni-Ln-75169/home/90892920,NTREIS,13982685,N,Y,32.662188,-96.0879198
PAST SALE,January-18-2019,Vacant Land,15287 Hanging Tree Rd,Terrell,TX,75161,59422,0,,Blankenship,,272468,6.26,621," $9,500 ",,Sold,,,http://www.redfin.com/TX/Terrell/15287-Hanging-Tree-Rd-75161/home/33774591,NTREIS,13988444,N,Y,32.784153,-96.155542
PAST SALE,December-18-2019,Vacant Land,2650 County Road 134,Kaufman,TX,75142,135000,0,,Je Roof Abs 413,,275212,6.32,287," $21,368 ",,Sold,,,http://www.redfin.com/TX/Kaufman/2650-Co-Rd-134-75142/home/40182219,NTREIS,14230922,N,Y,32.6062031,-96.173145
PAST SALE,September-8-2020,Vacant Land,0 S 3rd St,Scurry,TX,75158,65000,0,,Beautiful Acres East,,283140,6.50,22," $10,000 ",,Sold,,,http://www.redfin.com/TX/Unknown/S-3rd-St-75158/home/161677057,NTREIS,14318109,N,Y,32.420828,-96.34774
PAST SALE,June-18-2020,Vacant Land,0 Star Trl,Crandall,TX,75114,120000,0,,Wynchase Crossing 1 & 2,,304920,7.00,104," $17,143 ",13,Sold,,,http://www.redfin.com/TX/CRANDALL/STAR-TRL-75114/home/33829796,NTREIS,14332282,N,Y,32.609539,-96.424286
PAST SALE,August-12-2019,Vacant Land,14980 Hyde Away Ln,Mabank,TX,75147,73000,0,,Hyde-A-Way-Valley,,317988,7.30,415," $10,000 ",,Sold,,,http://www.redfin.com/TX/Mabank/14980-Hyde-Away-Ln-75147/home/143920038,NTREIS,14134277,N,Y,32.43859,-96.0935471
PAST SALE,December-16-2019,Vacant Land,6825 County Road 283,Terrell,TX,75160,90000,0,,R Anthony Abs 1,,319164,7.33,289," $12,283 ",,Sold,,,http://www.redfin.com/TX/Terrell/6825-Co-Rd-283-75160/home/40179469,NTREIS,14199250,N,Y,32.6340105,-96.3512545
PAST SALE,October-30-2018,Vacant Land,6986 Fm 2451,Scurry,TX,75158,140000,0,,W C REEVES,,332973,7.64,701," $18,315 ",,Sold,,,http://www.redfin.com/TX/Scurry/6986-FM2451-75158/home/145747530,NTREIS,13848003,N,Y,32.464632,-96.3618738
PAST SALE,June-17-2019,Vacant Land,9142 County Road 114,Kaufman,TX,75142,85000,0,,A J PAYNE,,344560,7.91,471," $10,746 ",,Sold,,,http://www.redfin.com/TX/Kaufman/9142-Co-Rd-114-75142/home/40180973,NTREIS,14013301,N,Y,32.513556,-96.142267
PAST SALE,January-24-2020,Vacant Land,County Rd 2430,Quinlan,TX,75474,175000,0,,,,370260,8.50,250," $20,588 ",,Sold,,,http://www.redfin.com/TX/Quinlan/County-Rd-2430-75474/home/167579310,NTREIS,14142388,N,Y,32.838714,-96.095032
PAST SALE,December-10-2018,Vacant Land,0 Hwy 34,Terrell,TX,75160,250000,0,,Terrell Rev,,377230,8.66,660," $28,868 ",,Sold,,,http://www.redfin.com/TX/Terrell/Business-Unknown/home/146191581,NTREIS,13874812,N,Y,32.747373,-96.266641
PAST SALE,December-13-2019,Vacant Land,Co Road 148,Scurry,TX,75158,119000,0,,Grant Estates,,435600,10.00,292," $11,900 ",,Sold,,,http://www.redfin.com/TX/Scurry/9101-Farm-to-Market-Road-148-75158/home/166841471,NTREIS,14121537,N,Y,32.517241,-96.3792472
PAST SALE,February-28-2020,Vacant Land,16660 County Road 4052,Kemp,TX,75143,75000,0,,J Sharp A-448,,435600,10.00,215," $7,500 ",,Sold,,,http://www.redfin.com/TX/Kemp/16660-Co-Rd-4052-75143/home/52043090,NTREIS,14257480,N,Y,32.400098,-96.265743
PAST SALE,August-26-2020,Vacant Land,0 County Road 4125,Scurry,TX,75158,110000,0,,Meadow Ranch Estates 1,,435600,10.00,35," $11,000 ",,Sold,,,http://www.redfin.com/TX/Scurry/County-Road-4125-75158/home/172678086,NTREIS,14408677,N,Y,32.440225,-96.316505
PAST SALE,August-12-2019,Vacant Land,14597 County Road 117,Mabank,TX,75147,90000,0,,Prairieville Estates 1 & 2,,435600,10.00,415," $9,000 ",,Sold,,,http://www.redfin.com/TX/Mabank/14597-Co-Rd-117-75147/home/109857360,NTREIS,14118056,N,Y,32.500243,-96.094065
PAST SALE,July-7-2020,Vacant Land,County Road 114,Kaufman,TX,75142,119900,0,,The Preserve,,435600,10.00,85," $11,990 ",,Sold,,,http://www.redfin.com/TX/Unknown/County-Road-114-75142/home/169890476,NTREIS,14190577,N,Y,32.518451,-96.141821
PAST SALE,July-24-2020,Vacant Land,0 Fm Road 2451,Scurry,TX,75158,98500,0,,W C Reeves,,435600,10.00,68," $9,850 ",,Sold,,,http://www.redfin.com/TX/Scurry/Unknown-Unknown/home/146483726,NTREIS,14221589,N,Y,32.464573,-96.350117
PAST SALE,November-30-2018,Vacant Land,0 CO RD 279,Oak Ridge,TX,75160,149900,0,,,,435600,10.00,670," $14,990 ",,Sold,,,http://www.redfin.com/TX/Oak-Ridge/Unknown-Unknown/home/146260047,NTREIS,13892701,N,Y,32.661069,-96.264716
PAST SALE,August-14-2020,Ranch,0 Fm Rd 1836,Kaufman,TX,75142,119900,0,,,,435600,10.00,47," $11,990 ",,Sold,,,http://www.redfin.com/TX/Kaufman/Farm-to-Market-Road-1836-Unknown/home/167095390,NTREIS,14173006,N,Y,32.576876,-96.293163
PAST SALE,January-28-2020,Vacant Land,15671 County Road 341,Terrell,TX,75161,125000,0,,N D Walling,,442526,10.16,246," $12,304 ",,Sold,,,http://www.redfin.com/TX/Terrell/15671-Co-Rd-341-75161/home/144833355,NTREIS,14200735,N,Y,32.79056,-96.1189747
PAST SALE,October-10-2019,Vacant Land,0 COUNTY ROAD 126,Terrell,TX,75160,150000,0,,Thos Stokely,,444530,10.21,356," $14,699 ",,Sold,,,http://www.redfin.com/TX/Terrell/0-COUNTY-ROAD-126-75160/home/147412848,NTREIS,14121975,N,Y,32.661142,-96.130167
PAST SALE,February-1-2020,Vacant Land,15662 County Road 341,Terrell,TX,75161,119900,0,,N D Walling,,446098,10.24,242," $11,708 ",,Sold,,,http://www.redfin.com/TX/Terrell/15662-County-Road-341-75161/home/147498628,NTREIS,14163288,N,Y,32.7911211,-96.1182196
PAST SALE,October-17-2019,Vacant Land,6791 Co Road 4042,Kemp,TX,75143,140000,0,,Roulias,,446490,10.25,349," $13,659 ",,Sold,,,http://www.redfin.com/TX/Kemp/6791-County-Road-4042-75143/home/169131285,NTREIS,14188640,N,Y,32.3705054,-96.2280452
PAST SALE,May-3-2019,Vacant Land,2100 Lake Crest Ln,Wills Point,TX,75169,150000,0,,Shadow Lakes Ph 2,,452153,10.38,516," $14,451 ",46,Sold,,,http://www.redfin.com/TX/Wills-Point/2100-Lake-Crst-75169/home/160390360,NTREIS,13995753,N,Y,32.6648174,-96.1029661
PAST SALE,November-25-2019,Vacant Land,13375 Fm Road 2860,Kaufman,TX,75142,110000,0,,D F Williams Surv Abs 578,,471319,10.82,310," $10,166 ",,Sold,,,http://www.redfin.com/TX/Kaufman/13375-Fm-Road-2860-75142/home/169790252,NTREIS,14225397,N,Y,32.493503,-96.263716
PAST SALE,June-24-2019,Vacant Land,TBD,Forney,TX,75142,135000,0,,MEADOW CREEK EST,,471319,10.82,464," $12,477 ",,Sold,,,http://www.redfin.com/TX/Forney/TBD-75126/home/160623567,NTREIS,14033720,N,Y,32.777372,-96.447574
PAST SALE,October-30-2019,Vacant Land,13500 Hwy 274,Kemp,TX,75143,120000,0,,,,493535,11.33,336," $10,591 ",,Sold,,,http://www.redfin.com/TX/Kemp/13500-TX-274-75143/home/40146406,NTREIS,14161179,N,Y,32.4242764,-96.2356058
PAST SALE,September-6-2019,Vacant Land,8119 Samuels Rd,Terrell,TX,75160,160000,0,,D Harris Abs 199,,503074,11.55,390," $13,854 ",,Sold,,,http://www.redfin.com/TX/Terrell/8119-Samuels-Rd-75160/home/167173203,NTREIS,14131273,N,Y,32.7904709,-96.3641034
PAST SALE,August-1-2019,Vacant Land,10325 County Road 304 BLANK,Terrell,TX,75160,145900,,,Jc Hale A-202,,543498,12.48,426," $11,694 ",,Sold,,,http://www.redfin.com/TX/Terrell/10325-Co-Rd-304-75160/home/52042648,HARMLS,40025601,N,Y,32.705975,-96.306944
PAST SALE,February-7-2020,Vacant Land,113A County Road 4074,Scurry,TX,75158,150000,0,,WA Thompson,,609840,14.00,236," $10,714 ",,Sold,,,http://www.redfin.com/TX/Scurry/75158-County-Road-4074-75158/home/170292745,NTREIS,14238717,N,Y,32.401306,-96.4147018
PAST SALE,February-4-2020,Vacant Land,County Road 4096,Kaufman,TX,75142,152250,0,,A RENSHAW,,644557,14.80,239," $10,289 ",,Sold,,,http://www.redfin.com/TX/Kaufman/County-Road-4096-75142/home/170225036,NTREIS,14254876,N,Y,32.53398,-96.419095
PAST SALE,June-4-2019,Vacant Land,14261 County Road 4015,Mabank,TX,75147,189000,0,,,,676487,15.53,484," $12,170 ",,Sold,,,http://www.redfin.com/TX/Mabank/14261-County-Road-4015-75147/home/147366540,NTREIS,13944669,N,Y,32.4766539,-96.0983231
PAST SALE,December-30-2019,Vacant Land,County Road 133,Kaufman,TX,75142,210960,0,,Point Place,,765785,17.58,275," $12,000 ",,Sold,,,http://www.redfin.com/TX/Kaufman/Co-Rd-133-75142/home/161645988,NTREIS,14153136,N,Y,32.628132,-96.181737
PAST SALE,January-25-2019,Vacant Land,0 Co Road 4106,Kaufman,TX,75142,142800,0,,Thomas Lowery Abs 285,,777546,17.85,614," $8,000 ",,Sold,,,http://www.redfin.com/TX/Kaufman/Co-Rd-4106-75142/home/146164329,NTREIS,13833579,N,Y,32.596259,-96.3883
PAST SALE,December-6-2019,Vacant Land,0 Co Road 305,Terrell,TX,75160,229000,0,,Ml Swing & Geo W Laws Surv Abs,,784080,18.00,299," $12,722 ",,Sold,,,http://www.redfin.com/TX/Terrell/County-Road-305-75160/home/166918957,NTREIS,14103446,N,Y,32.701522,-96.317324
PAST SALE,May-8-2020,Vacant Land,15910 County Road 4009,Mabank,TX,75147,199500,0,,NA,,790788,18.15,145," $10,989 ",,Sold,,,http://www.redfin.com/TX/Mabank/15910-Co-Rd-4009-75147/home/33770695,NTREIS,14301683,N,Y,32.4177488,-96.089383
PAST SALE,December-21-2018,Vacant Land,11103 Fm 1895,Kemp,TX,75143,130000,0,,Sharp Whitley Surv Abs #565,,827640,19.00,649," $6,842 ",,Sold,,,http://www.redfin.com/TX/Kemp/11103-FM1895-75143/home/146087639,NTREIS,13963854,N,Y,32.48613,-96.206038
PAST SALE,July-28-2020,Vacant Land,County Road 4074,Scurry,TX,75158,189900,0,,WA Thompson,,827640,19.00,64," $9,995 ",,Sold,,,http://www.redfin.com/TX/Scurry/County-Road-4074-75158/home/169197880,NTREIS,14238699,N,Y,32.404234,-96.388358
PAST SALE,July-12-2019,Vacant Land,13287 County Road 236,Terrell,TX,75160,200000,0,,Rural,,862488,19.80,446," $10,101 ",,Sold,,,http://www.redfin.com/TX/Terrell/13287-Co-Rd-236-75160/home/40181291,NTREIS,14099189,N,Y,32.7527795,-96.3368358
PAST SALE,September-26-2019,Vacant Land,CR 4042,Kemp,TX,75143,80000,0,,John Baker Abs 17,,871200,20.00,370," $4,000 ",,Sold,,,http://www.redfin.com/TX/Tool/Church-Rd-75143/home/114017131,NTREIS,14104105,N,Y,32.36995,-96.233071
PAST SALE,January-27-2020,Vacant Land,8723 Fm Road 2728,Terrell,TX,75160,210000,0,,B Kimberling Surv A-265,,925302,21.24,247," $9,886 ",,Sold,,,http://www.redfin.com/TX/Terrell/8723-Farm-to-Market-Road-2728-75161/home/168652851,NTREIS,14162335,N,Y,32.6866741,-96.1960731
PAST SALE,December-19-2019,Vacant Land,0 Valley View Rd,Forney,TX,75126,345000,0,,R Peckham,,947256,21.75,286," $15,865 ",,Sold,,,http://www.redfin.com/TX/FORNEY/VALLEY-VIEW-RD-75126/home/52042936,NTREIS,13966007,N,Y,32.800363,-96.429873
PAST SALE,October-29-2018,Vacant Land,0 Fm Road 741,Forney,TX,75126,275000,0,,A Hyer A-203,,958320,22.00,702," $12,500 ",,Sold,,,http://www.redfin.com/TX/Forney/Farm-to-Market-Rd-741-75126/home/146164618,NTREIS,13781130,N,Y,32.727345,-96.45724
PAST SALE,November-6-2019,Vacant Land,3952 Fm 2578,Terrell,TX,75160,199900,0,,R Anthony,,983193,22.57,329," $8,856 ",,Sold,,,http://www.redfin.com/TX/Terrell/3952-FM2578-75160/home/33859318,NTREIS,14185665,N,Y,32.631701,-96.358313
PAST SALE,September-27-2019,Vacant Land,0 Co Rd 4057,Kemp,TX,75143,146137,0,,J. Hubble,,1060686,24.35,369," $6,002 ",,Sold,,,http://www.redfin.com/TX/Unknown/County-Road-4057-75143/home/169387432,NTREIS,14151595,N,Y,32.408363,-96.299731
PAST SALE,January-11-2019,Vacant Land,0 Valley View Rd,Forney,TX,75126,750000,0,,R Peckham,,1089000,25.00,628," $30,000 ",,Sold,,,http://www.redfin.com/TX/Unknown/Valley-Vw-75126/home/33766105,NTREIS,13963016,N,Y,32.800177,-96.432354
PAST SALE,March-4-2020,Vacant Land,11399 County Road 4019,Kemp,TX,75143,185000,0,,NA,,1097712,25.20,210," $7,341 ",,Sold,,,http://www.redfin.com/TX/Kemp/11399-Co-Rd-4019-75143/home/33816949,NTREIS,14261189,N,Y,32.406247,-96.152101
PAST SALE,December-7-2018,Vacant Land,0 Co Road 4084,Scurry,TX,75158,172000,0,,S Brown,,1132560,26.00,663," $6,615 ",,Sold,,,http://www.redfin.com/TX/Scurry/Unknown-75158/home/145269285,NTREIS,13850459,N,Y,32.467475,-96.389151
PAST SALE,February-12-2020,Vacant Land,0 County Road 4072,Kemp,TX,75143,149000,0,,,,1132560,26.00,231," $5,731 ",,Sold,,,http://www.redfin.com/TX/Seven-Points/Co-Rd-4072-75143/home/146164317,NTREIS,14266431,N,Y,32.392713,-96.381683
PAST SALE,October-25-2019,Vacant Land,15481 CR 4015,Mabank,TX,75147,162000,0,,MABANK,,1136916,26.10,341," $6,207 ",,Sold,,,http://www.redfin.com/TX/Mabank/15481-Co-Rd-4015-75147/home/33768675,NTREIS,14160078,N,Y,32.464311,-96.087447
PAST SALE,November-28-2018,Vacant Land,8304 S Fm Road 148,Scurry,TX,75158,349900,0,,M Boles Abs 35,,1225256,28.13,672," $12,440 ",,Sold,,,http://www.redfin.com/TX/Scurry/8304-FM148-75158/home/145749806,NTREIS,13921137,N,Y,32.5152991,-96.3807683
PAST SALE,September-4-2019,Vacant Land,0 Griffith Ave,Terrell,TX,75160,340000,0,,Wm B Head,,1380460,31.69,392," $10,729 ",,Sold,,,http://www.redfin.com/TX/TERRELL/GRIFFITH-75160/home/33755193,NTREIS,14145491,N,Y,32.774547,-96.306347
PAST SALE,May-1-2020,Vacant Land,15419 County Road 341,Terrell,TX,75161,340000,0,,N D Walling,,1611720,37.00,152," $9,189 ",,Sold,,,http://www.redfin.com/TX/Terrell/15419-County-Road-341-75161/home/166809932,NTREIS,14293176,N,Y,32.7791188,-96.1185885
PAST SALE,August-21-2020,Vacant Land,Hiram Rd,Terrell,TX,75161,550000,0,,,,1780079,40.86,40," $13,459 ",,Sold,,,http://www.redfin.com/TX/TERRELL/HIRAM-RD-75161/home/52042187,NTREIS,14160318,N,Y,32.661942,-96.142336
PAST SALE,February-25-2019,Vacant Land,11650 County Road 4019,Kemp,TX,75143,289900,0,,NA,,2293870,52.66,583," $5,505 ",,Sold,,,http://www.redfin.com/TX/Kemp/11650-Co-Rd-4019-75143/home/35539707,NTREIS,13967715,N,Y,32.404938,-96.144667
PAST SALE,February-27-2019,Vacant Land,0 County Road 114,Kaufman,TX,75142,275000,0,,R Gilpin,,3007034,69.03,581," $3,984 ",,Sold,,,http://www.redfin.com/TX/Unknown/Unknown-75142/home/148722353,NTREIS,14003918,N,Y,32.503242,-96.141016
PAST SALE,June-20-2019,Vacant Land,0 Co Road 4022,Mabank,TX,75143,2390000,0,,CEDAR CREEK COUNTRY CLUB,,4033220,92.59,468," $25,813 ",,Sold,,,http://www.redfin.com/TX/Unknown/COUNTY-ROAD-4022-Unknown/home/145281544,NTREIS,13812710,N,Y,32.395439,-96.171794
