SALE TYPE,SOLD DATE,PROPERTY TYPE,ADDRESS,CITY,STATE OR PROVINCE,ZIP OR POSTAL CODE,PRICE,BEDS,BATHS,LOCATION,SQUARE FEET,LOT SIZE,YEAR BUILT,DAYS ON MARKET,$/SQUARE FEET,HOA/MONTH,STATUS,NEXT OPEN HOUSE START TIME,NEXT OPEN HOUSE END TIME,URL (SEE http://www.redfin.com/buy-a-home/comparative-market-analysis FOR INFO ON PRICING),SOURCE,MLS#,FAVORITE,INTERESTED,LATITUDE,LONGITUDE
PAST SALE,August-3-2018,Vacant Land,2 Jack Harris Ln,Pottsboro,TX,75076,25000,0,,Simmons Shores,,9975,,697,,10,Sold,,,http://www.redfin.com/TX/Pottsboro/Jack-Harris-Ln-75076/home/144580706,NTREIS,13748904,N,Y,33.819816,-96.676806
PAST SALE,September-4-2018,Vacant Land,N COFFEE Cir,Pottsboro,TX,75076,175000,0,,MILLERS COVE,,15298,,665,,,Sold,,,http://www.redfin.com/TX/POTTSBORO/COFFEE-CIR-75076/home/33554546,NTREIS,13770850,N,Y,33.890154,-96.634182
PAST SALE,August-24-2018,Vacant Land,954 Wilson Rd,Whitewright,TX,75491,85000,0,,,,187308,,676,,,Sold,,,http://www.redfin.com/TX/Whitewright/954-Wilson-Rd-75491/home/147008324,NTREIS,13845365,N,Y,33.4555495,-96.4555464
PAST SALE,July-18-2018,Vacant Land,Texoma Terrace Rd,Denison,TX,75020,25000,0,,Thompson Heights Southeast,,23522,,713,,,Sold,,,http://www.redfin.com/TX/DENISON/TEXOMA-TERRACE-RD-75020/home/33563039,NTREIS,13887502,N,Y,33.812841,-96.589116
PAST SALE,August-20-2018,Vacant Land,115 McDaniel Rd,Tioga,TX,76271,320000,0,,Alex H Martin G-0832,,622908,,680,,,Sold,,,http://www.redfin.com/TX/Tioga/115-McDaniel-Rd-76271/home/144266179,NTREIS,13725474,N,Y,33.4941283,-96.9108592
PAST SALE,September-17-2018,Vacant Land,0 Porch St,Tioga,TX,76271,50000,0,,Mershons Add,,22259,,652,,,Sold,,,http://www.redfin.com/TX/TIOGA/PORCH-ST-76271/home/33648231,NTREIS,13924829,N,Y,33.470006,-96.916904
PAST SALE,September-11-2018,Vacant Land,64 Hackberry,Denison,TX,75020,12000,0,,Rocky Point Estate Sec B,,13983,,658,,,Sold,,,http://www.redfin.com/TX/Denison/64-Hackberry-St-75020/home/146163038,NTREIS,13881496,N,Y,33.8439655,-96.6377949
PAST SALE,August-20-2018,Vacant Land,511 N East St,Sherman,TX,75090,14000,0,,Bonds 2nd Add,,17598,,680,,,Sold,,,http://www.redfin.com/TX/Sherman/511-N-East-St-75090/home/33632542,NTREIS,13833811,N,Y,33.641929,-96.605694
PAST SALE,September-12-2018,Vacant Land,ED DUTTON Rd,Pottsboro,TX,75076,222000,0,,,,348044,,657,,,Sold,,,http://www.redfin.com/TX/POTTSBORO/ED-DUTTON-RD-75076/home/52207330,NTREIS,13637057,N,Y,33.79461,-96.749795
PAST SALE,September-20-2018,Vacant Land,Liberty Rd,Whitesboro,TX,76273,199120,0,,Texoma Bluffs,,749232,,649,,,Sold,,,http://www.redfin.com/TX/Whitesboro/Liberty-Rd-76273/home/146207955,NTREIS,13888371,N,Y,33.656218,-96.906948
PAST SALE,September-19-2018,Vacant Land,Knight Rd,Denison,TX,75020,47500,0,,BLACK ADD,,43560,,650,,,Sold,,,http://www.redfin.com/TX/DENISON/KNIGHT-RD-75020/home/33611749,NTREIS,13787227,N,Y,33.707169,-96.570735
PAST SALE,September-14-2018,Vacant Land,0 Middle Rd,Denison,TX,75021,29900,0,,Thomas Mahuren,,43560,,655,,,Sold,,,http://www.redfin.com/TX/Denison/1616-Middle-Rd-75021/home/33576224,NTREIS,13862353,N,Y,33.7456583,-96.4726025
PAST SALE,July-3-2018,Vacant Land,35 Guy Ln,Pottsboro,TX,75076,48900,0,,Brandon V Lake Living,,43560,,728,,,Sold,,,http://www.redfin.com/TX/Pottsboro/35-Guy-Ln-75076/home/33541650,NTREIS,13403406,N,Y,33.8319187,-96.6827336
PAST SALE,August-28-2018,Vacant Land,2605 Riata Dr,Sherman,TX,75092,65000,0,,Ohanlon Ranch Add Ph 3,,22259,,672,,,Sold,,,http://www.redfin.com/TX/Sherman/2605-Riata-Dr-75092/home/35637219,NTREIS,13904199,N,Y,33.6592221,-96.6470058
PAST SALE,July-20-2018,Vacant Land,0 Karsten Ridge Pass Dr,Gunter,TX,75058,50000,0,,Bridges At Preston Xing Sec 1,,22216,,711,,67,Sold,,,http://www.redfin.com/TX/GUNTER/KARSTEN-RIDGE-PASS-DR-75058/home/33543676,NTREIS,13818167,N,Y,33.432144,-96.717511
PAST SALE,September-11-2018,Vacant Land,6 Delphia Dr,Denison,TX,75021,55999,0,,Blagg James,,261360,,658,,,Sold,,,http://www.redfin.com/TX/Unknown/Delphia-Dr-75021/home/146705000,NTREIS,13914795,N,Y,33.754255,-96.413187
PAST SALE,September-14-2018,Vacant Land,Ila Dr,Pottsboro,TX,75076,25000,0,,Simmons Shores,,14985,,655,,8,Sold,,,http://www.redfin.com/TX/POTTSBORO/ILA-DR-75076/home/33562828,NTREIS,13826464,N,Y,33.821745,-96.674794
PAST SALE,August-9-2018,Vacant Land,0 Windsor Dr,Pottsboro,TX,75076,17500,0,,Cambridge Shores Unit 2,,8712,,691,,,Sold,,,http://www.redfin.com/TX/POTTSBORO/WINDSOR-DR-75076/home/33568462,NTREIS,13678039,N,Y,33.811975,-96.727918
PAST SALE,October-29-2018,Vacant Land,3519 Bethel Cannon Rd Unit 2.2,Van Alstyne,TX,75495,84900,0,,Trinity Meadows,,98707,,610,,,Sold,,,http://www.redfin.com/TX/Van-Alstyne/3519-Bethel-Cannon-Rd-75495/unit-22/home/145230366,NTREIS,13802325,N,Y,33.4469787,-96.4601041
PAST SALE,August-12-2019,Vacant Land,Knothole Rd,Whitewright,TX,75491,99500,0,,Knothole Add,,217800,,323,,,Sold,,,http://www.redfin.com/TX/WHITEWRIGHT/KNOT-HOLE-RD-75491/home/109652627,NTREIS,14116266,N,Y,33.42573,-96.408807
PAST SALE,April-4-2019,Vacant Land,401 W Elm St,Denison,TX,75020,14000,0,,Patterson Add,,7492,,453,,,Sold,,,http://www.redfin.com/TX/Denison/401-W-Elm-St-75020/home/33587878,NTREIS,14033165,N,Y,33.764241,-96.539783
PAST SALE,September-26-2019,Vacant Land,321 W Bond St,Denison,TX,75020,11500,0,,Otp Denison,,,,278,,,Sold,,,http://www.redfin.com/TX/Denison/321-W-Bond-St-75020/home/33587989,NTREIS,14152271,N,Y,33.7609102,-96.5392085
PAST SALE,January-23-2020,Vacant Land,7 Johnson St,Denison,TX,75021,17000,0,,OTP DENISON,,7500,,159,,,Sold,,,http://www.redfin.com/TX/Denison/7-Johnson-St-75021/home/160597453,NTREIS,14032796,N,Y,33.762458,-96.533001
PAST SALE,March-6-2020,Vacant Land,511 W Johnson St,Denison,TX,75020,15500,0,,Lelandoux Add,,7492,,116,,,Sold,,,http://www.redfin.com/TX/Denison/511-W-Johnson-St-75020/home/167029915,NTREIS,14106853,N,Y,33.7631682,-96.5417027
PAST SALE,March-12-2020,Vacant Land,Bluebonnet Cir,Denison,TX,75020,55500,0,,Northern Hills,,80586,,110,,,Sold,,,http://www.redfin.com/TX/Denison/Bluebonnet-Cir-75020/home/52207657,NTREIS,14142905,N,Y,33.807091,-96.557226
PAST SALE,June-19-2020,Vacant Land,Martin Luther King St,Denison,TX,75020,16900,0,,Washington Heights Add,,5009,,11,,,Sold,,,http://www.redfin.com/TX/DENISON/MARTIN-LUTHER-KING-ST-75020/home/33582853,NTREIS,14363230,N,Y,33.765343,-96.544414
PAST SALE,June-22-2020,Vacant Land,212 E Walker St,Denison,TX,75021,125000,0,,Otp Denison,,41556,,8,,,Sold,,,http://www.redfin.com/TX/Denison/212-E-Walker-St-75021/home/35639213,NTREIS,14327929,N,Y,33.76126,-96.532576
PAST SALE,December-28-2018,Vacant Land,0 W Bond Shr,Denison,TX,75020,7000,0,,Millers 2nd Add,,9017,,550,,,Sold,,,http://www.redfin.com/TX/Denison/W-Bond-75020/home/109652554,NTREIS,13923537,N,Y,33.76215,-96.549715
PAST SALE,June-24-2020,Vacant Land,150 Freeman Rd,Denison,TX,75021,145000,0,,Multiple Abstracts,,653400,,6,,,Sold,,,http://www.redfin.com/TX/Denison/150-Freeman-Rd-75021/home/169586227,NTREIS,14336819,N,Y,33.7614997,-96.4974992
PAST SALE,November-30-2018,Vacant Land,Shoshone Dr,Gordonville,TX,76245,3850,0,,Sherwood Shores,,5009,,578,,,Sold,,,http://www.redfin.com/TX/Gordonville/456-Shoshone-Dr-76245/home/33560452,NTREIS,13968405,N,Y,33.845074,-96.81318
PAST SALE,March-26-2019,Vacant Land,Gage,Sherman,TX,76273,52900,0,,Gage Road Addition,,133076,,462,,,Sold,,,http://www.redfin.com/TX/Whitesboro/Gage-76273/home/148569136,NTREIS,13995658,N,Y,33.640602,-96.812987
PAST SALE,March-26-2019,Vacant Land,99 Bluebird Lane / Mano Ln,Sadler,TX,76264,9500,0,,Aloha Gardens Sub,,15638,,462,,,Sold,,,http://www.redfin.com/TX/Unknown/99-Mano-Ln-76264/home/160614018,NTREIS,14038304,N,Y,33.779913,-96.820357
PAST SALE,April-6-2020,Vacant Land,311 Cambridge,Gordonville,TX,76245,10500,0,,Sherwood Shores,,10019,,85,,,Sold,,,http://www.redfin.com/TX/Gordonville/311-Cambridge-76245/home/170361072,NTREIS,14264330,N,Y,33.851869,-96.821203
PAST SALE,June-10-2019,Vacant Land,Needham Rd,Pottsboro,TX,75076,79500,0,,Mill Creek Homesite,,52272,,386,,,Sold,,,http://www.redfin.com/TX/POTTSBORO/NEEDHAM-RD-75076/home/33568277,NTREIS,14002999,N,Y,33.82892,-96.789108
PAST SALE,June-23-2019,Vacant Land,133 Lost Tree Ct,Gordonville,TX,76245,54900,0,,Palisades Ph 3,,8407,,373,,83,Sold,,,http://www.redfin.com/TX/Unknown/Lost-Tree-Ct-76245/home/146704234,NTREIS,13914786,N,Y,33.818622,-96.84582
PAST SALE,June-3-2019,Vacant Land,0 Mano Ln/Whippoorwill Ln,Sadler,TX,76264,14500,0,,Aloha Gardens Sub,,23087,,393,,,Sold,,,http://www.redfin.com/TX/SADLER/MANO-LN-76264/home/33574306,NTREIS,14081060,N,Y,33.779917,-96.81781
PAST SALE,June-3-2019,Vacant Land,371 Oak Trl,Gordonville,TX,76245,40000,0,,Sherwood Shores S,,19994,,393,,,Sold,,,http://www.redfin.com/TX/Gordonville/371-Oak-Trail-Dr-76245/home/33552642,NTREIS,14049347,N,Y,33.8432736,-96.8129899
PAST SALE,May-1-2019,Vacant Land,107 Bandana Dr,Southmayd,TX,76268,36900,0,,Village Of Southmayd Add Ph I,,47916,2000,426,,,Sold,,,http://www.redfin.com/TX/Southmayd/107-Bandana-Dr-76268/home/33536754,NTREIS,14058098,N,Y,33.61485,-96.7724244
PAST SALE,June-4-2020,Vacant Land,538 Choctaw Dr,Gordonville,TX,76245,14995,0,,Sherwood Shores,,9975,1900,26,,,Sold,,,http://www.redfin.com/TX/Gordonville/538-Choctaw-Dr-76245/home/170588793,NTREIS,14283208,N,Y,33.8443284,-96.8141019
PAST SALE,December-8-2019,Vacant Land,54 Summit Rock Dr,Gordonville,TX,76245,59900,0,,Pasadera Ph 2,,11151,,205,,83,Sold,,,http://www.redfin.com/TX/Gordonville/Unknown-76245/home/146701115,NTREIS,13914502,N,Y,33.818622,-96.84582
PAST SALE,December-16-2018,Vacant Land,95 Lost Tree Ct,Gordonville,TX,76245,79900,0,,Palisades Ph 3,,8799,,562,,83,Sold,,,http://www.redfin.com/TX/Unknown/Lost-Tree-Ct-76245/home/146703968,NTREIS,13914761,N,Y,33.818622,-96.84582
PAST SALE,June-28-2019,Vacant Land,Bandana Dr,Southmayd,TX,76268,38000,0,,Village Of Southmayd Add Ph I,,56628,,368,,,Sold,,,http://www.redfin.com/TX/Southmayd/Bandana-Dr-76273/home/148581514,NTREIS,13992796,N,Y,33.614268,-96.771934
PAST SALE,February-14-2020,Vacant Land,Ivanhoe,Gordonville,TX,76245,5100,0,,Sherwood Shores,,5009,,137,,,Sold,,,http://www.redfin.com/TX/GORDONVILLE/IVANHOE-DR-76245/home/33557386,NTREIS,14193090,N,Y,33.856089,-96.814147
PAST SALE,January-17-2019,Vacant Land,Arapaho Dr,Gordonville,TX,75755,5750,0,,Sherwood Shores,,5009,,530,,,Sold,,,http://www.redfin.com/TX/GORDONVILLE/ARAPAHO-DR-75755/home/33560336,NTREIS,13968393,N,Y,33.844266,-96.812474
PAST SALE,April-17-2019,Vacant Land,5775 Southmayd Rd,Collinsville,TX,76233,45000,0,,n: G-0820 MEREDITH DAVID W A-G0820,,87120,,440,,,Sold,,,http://www.redfin.com/TX/Collinsville/5775-Southmayd-Rd-76233/home/35640899,NTREIS,14008219,N,Y,33.576246,-96.813076
PAST SALE,July-10-2019,Vacant Land,30 South Rd,Whitesboro,TX,76273,189000,0,,John Hughes Survey,,479160,,356,,,Sold,,,http://www.redfin.com/TX/Whitesboro/30-South-Rd-76273/home/167054460,NTREIS,14110182,N,Y,33.645745,-96.893752
PAST SALE,August-12-2019,Vacant Land,5 Brooks Ln,Sadler,TX,76264,82000,0,,HOMESTEAD HOMES SUBDIVISION,,250165,,323,,,Sold,,,http://www.redfin.com/TX/Sadler/5-Brooks-Ln-76264/home/148534864,NTREIS,13991604,N,Y,33.7130681,-96.8452081
PAST SALE,January-28-2020,Vacant Land,315 Wilson St,Whitesboro,TX,76273,37500,0,,Center City Addition,,9409,,154,,,Sold,,,http://www.redfin.com/TX/Whitesboro/315-Wilson-St-76273/home/169436489,NTREIS,14204422,N,Y,33.6599802,-96.9021665
PAST SALE,January-31-2020,Vacant Land,123 Copper Branch Rd,Whitesboro,TX,76273,70000,0,,Copper Branch Estates,,126324,,151,,,Sold,,,http://www.redfin.com/TX/Whitesboro/123-Copper-Branch-Rd-76273/home/40333205,NTREIS,14208073,N,Y,33.714588,-96.89975
PAST SALE,February-7-2020,Vacant Land,5880 Fm 901,Whitesboro,TX,76273,87500,0,,Patterson Addition,,304920,,144,,,Sold,,,http://www.redfin.com/TX/Whitesboro/5880-Farm-to-Market-Road-901-76273/home/169592929,NTREIS,14148786,N,Y,33.6396029,-96.8624778
PAST SALE,February-20-2020,Vacant Land,105 Byrom Ct,Whitesboro,TX,76273,37500,0,,"Center City Addition, Phase 3",,8538,,131,,,Sold,,,http://www.redfin.com/TX/Whitesboro/105-Byrom-CT-76273/home/169436448,NTREIS,14204461,N,Y,33.656218,-96.906948
PAST SALE,March-19-2019,Vacant Land,550 Crow Rd,Whitesboro,TX,76273,41900,0,,Crow Estates Ph Two,,18687,,469,,,Sold,,,http://www.redfin.com/TX/Whitesboro/550-Watson-Rd-76273/home/160369397,NTREIS,14014284,N,Y,33.6651779,-96.8906354
PAST SALE,April-30-2019,Vacant Land,0 Gunter,Whitesboro,TX,76273,88500,0,,Sunrise Acres,,160693,,427,,,Sold,,,http://www.redfin.com/TX/WHITESBORO/GUNTER-RD-76273/home/33678095,NTREIS,14045072,N,Y,33.625703,-96.873155
PAST SALE,April-30-2020,Vacant Land,214 Meadowcreek Dr,Whitesboro,TX,76273,34000,0,,Jordan Meadow Add,,20473,,61,,,Sold,,,http://www.redfin.com/TX/Whitesboro/214-Meadowcreek-Dr-76273/home/33540320,NTREIS,14238285,N,Y,33.661347,-96.9150219
PAST SALE,April-3-2020,Vacant Land,3900 Saddle Creek Blvd,Denison,TX,75020,124900,0,,Saddle Creek Addn. Phase One,,26964,,88,,100,Sold,,,http://www.redfin.com/TX/Denison/3900-Saddle-Crk-75020/home/109652694,NTREIS,14232285,N,Y,33.7211891,-96.5968749
PAST SALE,November-2-2018,Vacant Land,E FM 120 C,Denison,TX,75021,114599,0,,G-0499 Henderson W T,,501681,,606,,,Sold,,,http://www.redfin.com/TX/Denison/3882-FM-120-75020/home/35638664,NTREIS,13530865,N,Y,33.7577795,-96.5945491
PAST SALE,June-7-2019,Vacant Land,Peachtree,Denison,TX,75020,39000,0,,Cold Creek Add Ph 1,,12327,,389,,,Sold,,,http://www.redfin.com/TX/DENISON/PEACHTREE-CT-75020/home/33541350,NTREIS,13522857,N,Y,33.736162,-96.603223
PAST SALE,June-7-2019,Vacant Land,4318 Peachtree Ln,Denison,TX,75020,37500,0,,Cold Creek Add Ph 1,,10846,,389,,,Sold,,,http://www.redfin.com/TX/Denison/4318-Peachtree-Ln-75020/home/33541359,NTREIS,13523110,N,Y,33.7365454,-96.6019935
PAST SALE,December-21-2018,Vacant Land,415 N Grand Ave,Sherman,TX,75090,14000,0,,College Park Add,,8494,,557,,,Sold,,,http://www.redfin.com/TX/Sherman/415-N-Grand-Ave-75090/home/33632652,NTREIS,13975767,N,Y,33.6434927,-96.5934176
PAST SALE,October-11-2018,Vacant Land,7849 FM 1753,Denison,TX,75021,54000,0,,Farmer Allen,,174240,,628,,,Sold,,,http://www.redfin.com/TX/Denison/Unknown-75021/home/147113343,NTREIS,13880667,N,Y,33.693347,-96.409412
PAST SALE,January-27-2020,Vacant Land,Cold Springs Rd,Van Alstyne,TX,75495,109000,0,,G-0201 CREAGER WM A-G0201,,108900,,155,,,Sold,,,http://www.redfin.com/TX/VAN-ALSTYNE/COLD-SPRINGS-RD-75495/home/101330284,NTREIS,14175349,N,Y,33.401018,-96.548621
PAST SALE,January-22-2019,Vacant Land,4460 CR 265,Collinsville,TX,76233,99900,0,,NELSON W 0795 Acres 8.85,,148540,,525,,,Sold,,,http://www.redfin.com/TX/Collinsville/265-Collinsville-St-76233/home/147936427,NTREIS,13964390,N,Y,33.5618416,-96.9104416
PAST SALE,June-4-2019,Vacant Land,400 White St,Whitesboro,TX,76273,60000,0,,Bacon W A,,33933,,392,,,Sold,,,http://www.redfin.com/TX/Whitesboro/400-White-St-76273/home/33653200,NTREIS,14080806,N,Y,33.6592031,-96.9094889
PAST SALE,April-10-2019,Vacant Land,Wade,Whitesboro,TX,76273,37500,0,,RITCHEY WILLIAM,,16117,,447,,,Sold,,,http://www.redfin.com/TX/WHITESBORO/WADE-76273/home/143706342,NTREIS,14003002,N,Y,33.652916,-96.905947
PAST SALE,June-12-2020,Vacant Land,1494 W Line Rd,Whitesboro,TX,76273,183000,0,,James Browning Surv Abs #97,,531432,,18,,,Sold,,,http://www.redfin.com/TX/Whitesboro/1494-W-Line-Rd-76273/home/35640797,NTREIS,14313892,N,Y,33.638289,-96.928762
PAST SALE,April-18-2019,Vacant Land,200 Cutler St,Tioga,TX,76271,85000,0,,Mershons Add,,39596,,439,,,Sold,,,http://www.redfin.com/TX/Tioga/200-Cutler-St-76271/home/52059173,NTREIS,14047774,N,Y,33.4694848,-96.9172442
PAST SALE,October-17-2018,Vacant Land,437 Ridgeview Dr,Sherman,TX,75090,75000,0,,,,43865,,622,,,Sold,,,http://www.redfin.com/TX/Sherman/437-Ridgeview-Dr-75090/home/147006813,NTREIS,13951010,N,Y,33.5819788,-96.5617931
PAST SALE,August-5-2019,Vacant Land,301 N Sherman Ln,Van Alstyne,TX,75495,35990,0,,Divisions Van Alstyne,,11064,,330,,,Sold,,,http://www.redfin.com/TX/Van-Alstyne/301-N-Sherman-St-75495/home/33699563,NTREIS,14086995,N,Y,33.4245733,-96.5738565
PAST SALE,August-19-2019,Vacant Land,263 N Sherman Ln,Van Alstyne,TX,75495,36900,0,,Divisions Van Alstyne,,11413,,316,,,Sold,,,http://www.redfin.com/TX/Van-Alstyne/263-N-Sherman-St-75495/home/33651858,NTREIS,14152625,N,Y,33.4243778,-96.5738553
PAST SALE,September-15-2019,Vacant Land,48 Vistaview Ct,Van Alstyne,TX,75495,195000,0,,Enclave at Chapel Creek Farm,,67082,,289,,90,Sold,,,http://www.redfin.com/TX/Van-Alstyne/48-Vistaview-CT-Unknown/home/167549808,NTREIS,14127664,N,Y,33.4215,-96.577211
PAST SALE,January-4-2019,Vacant Land,0 Clements,Van Alstyne,TX,75495,24000,0,,Greers 2nd,,7405,,543,,,Sold,,,http://www.redfin.com/TX/Van-Alstyne/Clements-Ave-75495/home/146857236,NTREIS,13921106,N,Y,33.426874,-96.576207
PAST SALE,February-3-2020,Vacant Land,2590 Brynlee James Ln,Van Alstyne,TX,75495,175000,0,,M R Roberts Surv Abs 742,,217800,,148,,,Sold,,,http://www.redfin.com/TX/Van-Alstyne/2590-Brynlee-James-LN-Unknown/home/169807789,NTREIS,14227498,N,Y,33.4215,-96.577211
PAST SALE,July-15-2019,Vacant Land,1253 N Hill St,Van Alstyne,TX,75495,545000,0,,James Mckinney Surv Abs 770,,1224472,,351,,,Sold,,,http://www.redfin.com/TX/Van-Alstyne/1253-Hill-St-75495/home/35590635,NTREIS,14046850,N,Y,33.4322678,-96.5727054
PAST SALE,February-25-2019,Vacant Land,2104 Rivercrest Cir,Denison,TX,75020,37900,0,,Summer Creek Estates II,,15290,,491,,,Sold,,,http://www.redfin.com/TX/Denison/2104-Rivercrest-Cir-75020/home/33706492,NTREIS,13956578,N,Y,33.7541439,-96.568663
PAST SALE,December-28-2018,Vacant Land,Flora Ln,Denison,TX,75020,35000,0,,Forgin Estates,,11805,,550,,,Sold,,,http://www.redfin.com/TX/DENISON/FLORA-LN-75020/home/143701578,NTREIS,13650812,N,Y,33.756862,-96.574258
PAST SALE,July-31-2018,Vacant Land,0 Diamond Glenn Ln,Pilot Point,TX,76258,216000,0,,Emerald Glenn,,815008,,700,,,Sold,,,http://www.redfin.com/TX/Unknown/Diamond-Glenn-Ln-76258/home/143702248,NTREIS,13836268,N,Y,33.42371,-96.869899
PAST SALE,May-22-2019,Vacant Land,Welch School Rd,Collinsville,TX,76233,198000,0,,Salmon Hatcher Surv,,479160,,405,,,Sold,,,http://www.redfin.com/TX/Collinsville/451-Welch-School-Rd-76233/home/35641543,NTREIS,13862702,N,Y,33.5292601,-96.8900992
PAST SALE,April-1-2019,Vacant Land,443 Palisades Dr,Gordonville,TX,76245,139900,0,,Palisades Ph 2,,16379,,456,,83,Sold,,,http://www.redfin.com/TX/Gordonville/443-Palisades-Dr-76245/home/52207163,NTREIS,13902032,N,Y,33.857492,-96.8915491
PAST SALE,February-3-2019,Vacant Land,578 Palisades Dr,Gordonville,TX,76245,209900,0,,Palisades Ph 2,,11195,,513,,83,Sold,,,http://www.redfin.com/TX/Gordonville/578-Palisades-Dr-76245/home/148562602,NTREIS,13993999,N,Y,33.8592772,-96.890752
PAST SALE,April-14-2019,Vacant Land,281 Palmilla Dr,Gordonville,TX,76245,229900,0,,Palmilla,,26528,,443,,83,Sold,,,http://www.redfin.com/TX/Unknown/281-Palmilla-Dr-76245/home/147485480,NTREIS,13950175,N,Y,33.825249,-96.905033
PAST SALE,April-21-2019,Vacant Land,231 Memorial St,Gordonville,TX,76245,67900,0,,Muirfield,,7187,,436,,83,Sold,,,http://www.redfin.com/TX/Gordonville/231-Memorial-St-76245/home/145300371,NTREIS,13815089,N,Y,33.8287404,-96.9042659
PAST SALE,December-18-2018,Vacant Land,26 Coyote Creek Dr,Gordonville,TX,76245,26000,0,,Rock Creek,,14810,,560,,83,Sold,,,http://www.redfin.com/TX/Gordonville/26-Coyote-Creek-Dr-76245/home/56846727,NTREIS,13780067,N,Y,33.8174935,-96.9048602
PAST SALE,November-10-2019,Vacant Land,86 Coyote Creek Dr,Gordonville,TX,76245,57900,0,,Pronghorn,,26136,,233,,83,Sold,,,http://www.redfin.com/TX/Gordonville/86-Coyote-Creek-Dr-76245/home/146857572,NTREIS,13921200,N,Y,33.8162194,-96.9046545
PAST SALE,November-10-2019,Vacant Land,52 Coyote Creek Dr,Gordonville,TX,76245,59900,0,,Pronghorn,,18992,,233,,83,Sold,,,http://www.redfin.com/TX/Gordonville/52-Coyote-Creek-Dr-76245/home/146857540,NTREIS,13921190,N,Y,33.817081,-96.9042898
PAST SALE,November-10-2019,Vacant Land,101 Palmilla Dr,Gordonville,TX,76245,197400,0,,Palmilla,,28270,,233,,83,Sold,,,http://www.redfin.com/TX/Unknown/Palmilla-Dr-76245/home/146857669,NTREIS,13921232,N,Y,33.822781,-96.904738
PAST SALE,July-25-2019,Vacant Land,65 S Glenmoor Ln,Gordonville,TX,76245,8900,0,,Toscana Add,,10803,,341,,83,Sold,,,http://www.redfin.com/TX/Gordonville/65-Glenmoor-Ln-76245/home/33552980,NTREIS,13987380,N,Y,33.8487502,-96.8979734
PAST SALE,July-21-2019,Vacant Land,268 Dove Canyon Dr,Gordonville,TX,76245,49900,0,,Pronghorn,,13329,,345,,83,Sold,,,http://www.redfin.com/TX/Gordonville/268-Dove-Canyon-Dr-76245/home/146214029,NTREIS,13889595,N,Y,33.8205089,-96.9053029
PAST SALE,June-2-2019,Vacant Land,267 Barrington Cir,Gordonville,TX,76245,169900,0,,Barrington,,11021,,394,,83,Sold,,,http://www.redfin.com/TX/Gordonville/267-Barrington-Cir-76245/home/66774128,NTREIS,13942506,N,Y,33.8543105,-96.8846807
PAST SALE,June-12-2019,Vacant Land,10 Bay Creek Ln,Gordonville,TX,76245,9500,0,,Bear Lakes Add,,6011,,384,,83,Sold,,,http://www.redfin.com/TX/Gordonville/10-Bay-Creek-Ln-76245/home/145326415,NTREIS,13818837,N,Y,33.8508219,-96.8950661
PAST SALE,June-5-2019,Vacant Land,Memorial St,Gordonville,TX,76245,5000,0,,Muirfield Add,,7187,,391,,83,Sold,,,http://www.redfin.com/TX/GORDONVILLE/MEMORIAL-ST-76245/home/101329736,NTREIS,13912535,N,Y,33.828553,-96.903681
PAST SALE,July-28-2019,Vacant Land,56 Pine Hills Ln,Gordonville,TX,76245,155600,0,,Palisades Ph 3,,9104,,338,,83,Sold,,,http://www.redfin.com/TX/Unknown/Pine-Hls-76245/home/146433811,NTREIS,13902058,N,Y,33.855488,-96.890209
PAST SALE,June-16-2019,Vacant Land,357 Palmilla Dr,Gordonville,TX,76245,173800,0,,Palmilla,,27486,,380,,83,Sold,,,http://www.redfin.com/TX/Unknown/357-Palmilla-Dr-76245/home/147581191,NTREIS,13952879,N,Y,33.826061,-96.903401
PAST SALE,July-7-2019,Vacant Land,121 Pine Hills Ln,Gordonville,TX,76245,57900,0,,Palisades Ph 3,,9845,,359,,83,Sold,,,http://www.redfin.com/TX/Unknown/Pine-Hls-76245/home/146704665,NTREIS,13914807,N,Y,33.855114,-96.889034
PAST SALE,July-22-2019,Vacant Land,20 Memorial St,Gordonville,TX,76245,7500,0,,Rock Creek,,7187,,344,,104,Sold,,,http://www.redfin.com/TX/Gordonville/20-Memorial-St-76245/home/40287167,NTREIS,14055235,N,Y,33.8317662,-96.9035171
PAST SALE,August-11-2019,Vacant Land,34 Roaring Fork Cir,Gordonville,TX,76245,189900,0,,Roaring Fork,,9801,,324,,83,Sold,,,http://www.redfin.com/TX/Gordonville/34-Roaring-Fork-Cir-76245/home/35637306,NTREIS,13952978,N,Y,33.8435038,-96.9003779
PAST SALE,March-4-2019,Vacant Land,2417 N Hickory St,Sherman,TX,75092,55000,0,,J B MCANAIR,,43124,,484,,,Sold,,,http://www.redfin.com/TX/Sherman/2417-N-Hickory-St-75092/home/33621201,NTREIS,14011553,N,Y,33.659728,-96.618625
PAST SALE,December-20-2019,Vacant Land,2205 Norwood,Sherman,TX,75092,74980,0,,"Underwood Addition , LOT 3, ACRES 1.538",,66995,,193,,,Sold,,,http://www.redfin.com/TX/Sherman/2205-Norwood-St-75092/home/146206202,NTREIS,13887597,N,Y,33.6548044,-96.6525522
PAST SALE,December-17-2019,Vacant Land,2217 Norwood,Sherman,TX,75092,65417,0,,"OAKS OF NORWOOD, LOT 5, ACRES 1.551",,67562,,196,,,Sold,,,http://www.redfin.com/TX/Sherman/2217-Norwood-St-75092/home/147113934,NTREIS,13887607,N,Y,33.6545469,-96.6502348
PAST SALE,May-13-2020,Vacant Land,2916 Canyon Creek Dr,Sherman,TX,75092,49900,0,,O'Hanlon Ranch Addn - Phase 1A,,12197,,48,,,Sold,,,http://www.redfin.com/TX/Sherman/2916-Canyon-Creek-Dr-75092/home/35565931,NTREIS,13929355,N,Y,33.6604773,-96.6441981
PAST SALE,June-26-2019,Vacant Land,2015 Norwood St,Sherman,TX,75092,130000,0,,Kings Ridge,,87425,,370,,,Sold,,,http://www.redfin.com/TX/Sherman/2015-Norwood-St-75092/home/144222540,NTREIS,14021438,N,Y,33.652451,-96.653393
PAST SALE,November-25-2018,Vacant Land,254 La Paloma Cir,Gordonville,TX,76245,59900,0,,La Paloma Ph 1,,4792,,583,,83,Sold,,,http://www.redfin.com/TX/Gordonville/254-La-Paloma-Cir-76245/home/147405546,NTREIS,13947980,N,Y,33.8205666,-96.9023187
PAST SALE,December-23-2018,Vacant Land,259 Pronghorn Dr,Gordonville,TX,76245,77300,0,,Pronghorn,,25003,,555,,83,Sold,,,http://www.redfin.com/TX/Gordonville/259-Pronghorn-Dr-76245/home/148558135,NTREIS,13993126,N,Y,33.8176683,-96.9071648
PAST SALE,November-4-2018,Vacant Land,184 Castle Pines Cir,Gordonville,TX,76245,126200,0,,Castle Pines,,14854,,604,,83,Sold,,,http://www.redfin.com/TX/Gordonville/184-Castle-Pines-Cir-76245/home/146855807,NTREIS,13920823,N,Y,33.8332135,-96.9030841
PAST SALE,October-6-2019,Vacant Land,75 Pasadera Cir,Gordonville,TX,76245,77500,0,,Pasadera Ph 1,,9583,,268,,83,Sold,,,http://www.redfin.com/TX/Gordonville/Unknown-76245/home/146122517,NTREIS,13878638,N,Y,33.830757,-96.851638
PAST SALE,August-5-2018,Vacant Land,95 Pasadera Cir,Gordonville,TX,76245,64900,0,,Pasadera Ph 1,,9235,,695,,83,Sold,,,http://www.redfin.com/TX/Gordonville/Unknown-76245/home/146122499,NTREIS,13878628,N,Y,33.830757,-96.851638
PAST SALE,September-2-2019,Vacant Land,91 Pronghorn Dr,Gordonville,TX,76245,59900,0,,Pronghorn,,13939,,302,,83,Sold,,,http://www.redfin.com/TX/Gordonville/91-Pronghorn-Dr-76245/home/146213973,NTREIS,13889573,N,Y,33.8180676,-96.9046655
PAST SALE,June-23-2019,Vacant Land,32 Timber Bank Dr,Gordonville,TX,76245,64900,0,,Palisades Ph 3,,9801,,373,,83,Sold,,,http://www.redfin.com/TX/Gordonville/32-Timber-Bank-Dr-76245/home/148571249,NTREIS,13996272,N,Y,33.854736,-96.887559
PAST SALE,August-26-2018,Vacant Land,108 Castle Pines Cir,Gordonville,TX,76245,140200,0,,Castle Pines,,9627,,674,,83,Sold,,,http://www.redfin.com/TX/Gordonville/108-Castle-Pines-Cir-76245/home/146213685,NTREIS,13889464,N,Y,33.8332135,-96.9030841
PAST SALE,July-28-2019,Vacant Land,0 Pine Hills Ln,Gordonville,TX,76245,84900,0,,Palisades Ph 3,,9409,,338,,83,Sold,,,http://www.redfin.com/TX/Gordonville/Pine-Hls-76245/home/146433928,NTREIS,13902085,N,Y,33.855584,-96.886777
PAST SALE,July-12-2019,Vacant Land,112 Texoma Bluffs Cir,Gordonville,TX,76245,43830,0,,Texoma Bluffs Ph 1,,75228,,354,,83,Sold,,,http://www.redfin.com/TX/Gordonville/112-Texoma-Bluffs-Cir-76245/home/35579817,NTREIS,13888186,N,Y,33.833652,-96.8565325
PAST SALE,July-15-2019,Vacant Land,94 Stonewolf Ct,Gordonville,TX,76245,16500,0,,Pronghorn Add,,12023,,351,,83,Sold,,,http://www.redfin.com/TX/Gordonville/94-Stonewolf-Ct-76245/home/35595201,NTREIS,13704710,N,Y,33.8177996,-96.9082768
PAST SALE,May-26-2019,Vacant Land,233 Pine Hills Ln,Gordonville,TX,76245,144300,0,,Palisades Ph 3,,11151,,401,,83,Sold,,,http://www.redfin.com/TX/Gordonville/233-Pine-Hls-76245/home/148571394,NTREIS,13996315,N,Y,33.8554128,-96.8867294
PAST SALE,May-19-2019,Vacant Land,241 Palmilla Dr,Gordonville,TX,76245,173800,0,,Palmilla,,17032,,408,,83,Sold,,,http://www.redfin.com/TX/Unknown/241-Palmilla-Dr-76245/home/147485291,NTREIS,13950160,N,Y,33.824744,-96.905056
PAST SALE,May-19-2019,Vacant Land,510 Palmilla Dr,Gordonville,TX,76245,85000,0,,Palmilla,,10367,,408,,83,Sold,,,http://www.redfin.com/TX/Unknown/510-Palmilla-Dr-76245/home/147581884,NTREIS,13952935,N,Y,33.823721,-96.903869
PAST SALE,July-3-2019,Vacant Land,312 Pine Hills Ln,Gordonville,TX,76245,51900,0,,Palisades Ph 3,,10585,,363,,83,Sold,,,http://www.redfin.com/TX/Gordonville/312-Pine-Hls-76245/home/146433742,NTREIS,13902040,N,Y,33.8553862,-96.8894051
PAST SALE,September-22-2019,Vacant Land,384 Palisades Dr,Gordonville,TX,76245,189900,0,,Palisades Ph 2,,18077,,282,,83,Sold,,,http://www.redfin.com/TX/Gordonville/384-Palisades-Dr-76245/home/146433438,NTREIS,13902018,N,Y,33.8568033,-96.8925125
PAST SALE,June-16-2019,Vacant Land,89 Pine Hills Ln,Gordonville,TX,76245,145900,0,,Palisades Ph 3,,9322,,380,,83,Sold,,,http://www.redfin.com/TX/Unknown/89-Pine-Hls-76245/home/148570316,NTREIS,13996055,N,Y,33.855091,-96.889592
PAST SALE,November-10-2019,Vacant Land,375 Desert Mountain Dr,Gordonville,TX,76245,82500,0,,Pasadera Ph 2,,16509,,233,,83,Sold,,,http://www.redfin.com/TX/Unknown/Desert-Mountain-Dr-76245/home/146701005,NTREIS,13914478,N,Y,33.831191,-96.900122
PAST SALE,August-4-2019,Vacant Land,60 Summit Rock Dr,Gordonville,TX,76245,61900,0,,Pasadera Ph 2,,17511,,331,,83,Sold,,,http://www.redfin.com/TX/Gordonville/Unknown-76245/home/146701146,NTREIS,13914506,N,Y,33.818622,-96.84582
PAST SALE,May-26-2019,Vacant Land,55 Lost Tree Ct,Gordonville,TX,76245,129900,0,,Palisades Ph 3,,8407,,401,,83,Sold,,,http://www.redfin.com/TX/Unknown/Lost-Tree-Ct-76245/home/146703617,NTREIS,13914752,N,Y,33.854629,-96.888496
PAST SALE,August-11-2019,Vacant Land,386 La Paloma Cir,Gordonville,TX,76245,46900,0,,La Paloma Ph 1,,6011,,324,,83,Sold,,,http://www.redfin.com/TX/Gordonville/386-La-Paloma-Cir-76245/home/146705341,NTREIS,13914872,N,Y,33.8189524,-96.9022596
PAST SALE,February-24-2019,Vacant Land,79 Lost Tree Ct,Gordonville,TX,76245,114300,0,,Palisades Ph 3,,8407,,492,,83,Sold,,,http://www.redfin.com/TX/Unknown/Lost-Tree-Ct-76245/home/146703369,NTREIS,13914739,N,Y,33.818622,-96.84582
PAST SALE,October-27-2019,Vacant Land,169 La Paloma Cir,Gordonville,TX,76245,49900,0,,La Paloma Ph 1,,9583,,247,,83,Sold,,,http://www.redfin.com/TX/Gordonville/169-La-Paloma-Cir-76245/home/146729052,NTREIS,13915300,N,Y,33.8205666,-96.9023187
PAST SALE,May-5-2019,Vacant Land,175 La Paloma Cir,Gordonville,TX,76245,89900,0,,La Paloma Ph 1,,13460,,422,,83,Sold,,,http://www.redfin.com/TX/Gordonville/175-La-Paloma-Cir-76245/home/146729121,NTREIS,13915304,N,Y,33.8205666,-96.9023187
PAST SALE,May-5-2019,Vacant Land,257 Palmilla Dr,Gordonville,TX,76245,191000,0,,Palmilla,,19166,,422,,83,Sold,,,http://www.redfin.com/TX/Unknown/257-Palmilla-Dr-76245/home/147485354,NTREIS,13950166,N,Y,33.824973,-96.905074
PAST SALE,September-26-2019,Vacant Land,311 Stone Circle Dr,Gordonville,TX,76245,37000,0,,Sherwood Shores,,39988,,278,,,Sold,,,http://www.redfin.com/TX/Gordonville/311-Stone-Cir-76245/home/33557531,NTREIS,14070096,N,Y,33.853713,-96.824696
PAST SALE,September-17-2019,Vacant Land,43 Toscana Cir,Gordonville,TX,76245,9900,0,,Toscana Add,,11979,,287,,104,Sold,,,http://www.redfin.com/TX/Gordonville/43-Toscana-Cir-76245/home/33552920,NTREIS,14065112,N,Y,33.8495531,-96.8987627
PAST SALE,November-1-2018,Vacant Land,S US Hwy 69,Bells,TX,75414,32500,0,,Corneal P T,,147668,,607,,,Sold,,,http://www.redfin.com/TX/Bells/Unknown-Unknown/home/113067445,NTREIS,13535948,N,Y,33.665378,-96.456269
PAST SALE,May-8-2019,Vacant Land,573 Starr Rd,Denison,TX,75021,120000,0,,BLAGG SAMUEL 10 ACRES,,435600,1984,419,,,Sold,,,http://www.redfin.com/TX/Denison/573-Starr-Rd-75021/home/33667870,NTREIS,14029735,N,Y,33.698883,-96.478361
PAST SALE,October-26-2018,Vacant Land,577 Brandon Way,Pottsboro,TX,75076,48900,0,,Brandon V Lake Living,,43560,,613,,,Sold,,,http://www.redfin.com/TX/Pottsboro/577-Brandon-Way-75076/home/33541694,NTREIS,13403323,N,Y,33.8369261,-96.6834501
PAST SALE,September-10-2019,Vacant Land,207 Sherman Dr,Pottsboro,TX,75076,49500,0,,Preston Shores,,10019,,294,,,Sold,,,http://www.redfin.com/TX/Pottsboro/207-Sherman-Dr-75076/home/33561503,NTREIS,14151838,N,Y,33.8483947,-96.6738482
PAST SALE,December-6-2019,Vacant Land,452 Brandon Way,Pottsboro,TX,75076,48900,0,,Brandon V Lake Living,,43560,,207,,,Sold,,,http://www.redfin.com/TX/Pottsboro/452-Brandon-Way-75076/home/33543353,NTREIS,13403224,N,Y,33.8350238,-96.6829013
PAST SALE,January-21-2020,Vacant Land,543 Brandon Way,Pottsboro,TX,75076,48900,0,,Brandon V Lake Living,,43560,,161,,,Sold,,,http://www.redfin.com/TX/Pottsboro/543-Brandon-Way-75076/home/33541690,NTREIS,13403326,N,Y,33.8363198,-96.6835428
PAST SALE,June-1-2020,Vacant Land,167 Guy Ln,Pottsboro,TX,75076,58000,0,,Brandon V Lake Living,,43560,,29,,,Sold,,,http://www.redfin.com/TX/Pottsboro/167-Guy-Ln-75076/home/33541654,NTREIS,13403664,N,Y,33.8337473,-96.682456
PAST SALE,June-25-2020,Vacant Land,Toy Ln,Pottsboro,TX,75076,21250,0,,Simmons Shores,,10019,,5,,10,Sold,,,http://www.redfin.com/TX/POTTSBORO/TOY-LN-75076/home/33563193,NTREIS,14303951,N,Y,33.820734,-96.673277
PAST SALE,June-25-2020,Vacant Land,Lee Blvd,Pottsboro,TX,75076,21250,0,,Simmons Shores,,10019,,5,,10,Sold,,,http://www.redfin.com/TX/POTTSBORO/LEE-BLVD-75076/home/33563168,NTREIS,14303957,N,Y,33.821008,-96.673267
PAST SALE,June-27-2019,Vacant Land,Black Forest Dr,Pottsboro,TX,75076,25000,0,,Cambridge Shores Unit 1,,15682,,369,,,Sold,,,http://www.redfin.com/TX/Pottsboro/210-Black-Forest-Dr-75076/home/33568572,NTREIS,14039704,N,Y,33.813731,-96.723754
PAST SALE,March-29-2019,Vacant Land,26 Cherokee Blvd,Pottsboro,TX,75076,44000,0,,OD Simpson Subdivision,,30928,,459,,,Sold,,,http://www.redfin.com/TX/Pottsboro/26-Cherokee-Blvd-75076/home/33556280,NTREIS,14003948,N,Y,33.8471679,-96.6843417
PAST SALE,August-3-2018,Vacant Land,2 Parker Dr,Pottsboro,TX,75076,25000,0,,Simmons Shores,,9975,,697,,10,Sold,,,http://www.redfin.com/TX/Pottsboro/2-Parker-Dr-75076/home/144580696,NTREIS,13748902,N,Y,33.8194414,-96.680685
PAST SALE,January-31-2020,Vacant Land,Panorama Cir,Pottsboro,TX,75076,58500,0,,Preston Forrest,,18295,,151,,17,Sold,,,http://www.redfin.com/TX/POTTSBORO/PANORAMA-CIR-75076/home/33556065,NTREIS,13580941,N,Y,33.857598,-96.673505
PAST SALE,February-22-2019,Vacant Land,948 Lazy Acres Cir,Pottsboro,TX,75076,34900,0,,Manning & Lindsey,,10890,,494,,,Sold,,,http://www.redfin.com/TX/Pottsboro/948-Lazy-Acres-Cir-75076/home/33556415,NTREIS,13999025,N,Y,33.8387287,-96.6862635
PAST SALE,April-11-2019,Vacant Land,0 Shady Ln,Pottsboro,TX,75076,6000,0,,Bentwood Acres,,4487,,446,,,Sold,,,http://www.redfin.com/TX/POTTSBORO/SHADY-LN-75076/home/33564754,NTREIS,14020070,N,Y,33.832791,-96.692171
PAST SALE,December-7-2018,Vacant Land,Cedar Oak Dr,Pottsboro,TX,75076,125000,0,,Cedar Oaks,,43386,,571,,,Sold,,,http://www.redfin.com/TX/POTTSBORO/CEDAR-OAK-DR-75076/home/33566204,NTREIS,13966293,N,Y,33.821742,-96.721162
PAST SALE,April-23-2019,Vacant Land,910 S Travis St,Sherman,TX,75090,35000,0,,Moore M B Add,,19994,1940,434,,,Sold,,,http://www.redfin.com/TX/Sherman/910-S-Travis-St-75090/home/33645090,NTREIS,14060421,N,Y,33.6278677,-96.6073526
PAST SALE,May-1-2019,Vacant Land,1108 E Lamar,Sherman,TX,75090,9900,0,,Geren JP Addition,,10350,,426,,,Sold,,,http://www.redfin.com/TX/Sherman/1108-E-Lamar-St-75090/home/33638630,NTREIS,14047105,N,Y,33.6380721,-96.5963378
PAST SALE,April-17-2019,Vacant Land,1725 S Gribble St,Sherman,TX,75090,180000,0,,Sherman,,522720,,440,,,Sold,,,http://www.redfin.com/TX/Sherman/1725-S-Gribble-St-75090/home/33675228,NTREIS,13983211,N,Y,33.6197014,-96.5878903
PAST SALE,February-11-2020,Vacant Land,0 S Maxey St,Sherman,TX,75090,25000,0,,Elliotts W Add,,10498,,140,,,Sold,,,http://www.redfin.com/TX/SHERMAN/MAXEY-ST-75090/home/33638232,NTREIS,14267975,N,Y,33.633307,-96.598423
PAST SALE,March-31-2020,Vacant Land,S 1st St,Sherman,TX,75090,25000,0,,"FITCH W D ADDN, 47.5' OF 4",,6665,,91,,,Sold,,,http://www.redfin.com/TX/Sherman/S-1st-St-75090/home/33643164,NTREIS,14241099,N,Y,33.628273,-96.599237
PAST SALE,June-19-2020,Vacant Land,Pecan Vly,Sherman,TX,75090,169500,0,,Aaron Burleson Surv Abs #61,,592416,,11,,,Sold,,,http://www.redfin.com/TX/Sherman/Pecan-Valley-Ct-75090/home/112924505,NTREIS,14338013,N,Y,33.633526,-96.546411
PAST SALE,May-6-2019,Vacant Land,508 Lyon St N,Tom Bean,TX,75489,85568,0,,,,232959,,421,,,Sold,,,http://www.redfin.com/TX/Tom-Bean/508-Lyon-St-75491/home/33686212,NTREIS,13852349,N,Y,33.526889,-96.479449
PAST SALE,January-8-2020,Vacant Land,State HWY 11,Sherman,TX,75090,300000,0,,Williamson R M,,2872608,,174,,,Sold,,,http://www.redfin.com/TX/Tom-Bean/TX-11-75090/home/113692374,NTREIS,14136572,N,Y,33.550131,-96.53193
PAST SALE,May-10-2019,Vacant Land,S Austin,Sherman,TX,75090,10000,0,,Tatchio Add,,5619,,417,,,Sold,,,http://www.redfin.com/TX/Sherman/1415-S-Austin-St-75090/home/33699664,NTREIS,14057063,N,Y,33.620948,-96.609718
PAST SALE,May-27-2020,Vacant Land,10 Reynolds Rd,Sherman,TX,75092,99000,0,,Watkins W A,,435600,,34,,,Sold,,,http://www.redfin.com/TX/Sherman/10-Reynolds-Ln-75092/home/160613358,NTREIS,14037177,N,Y,33.692096,-96.671789
PAST SALE,October-30-2019,Vacant Land,103 Houston St,Van Alstyne,TX,75076,50000,0,,South Side Add,,9235,,244,,,Sold,,,http://www.redfin.com/TX/Pottsboro/103-Houston-St-75076/home/33537433,NTREIS,14207842,N,Y,33.7626447,-96.6668399
PAST SALE,November-26-2019,Vacant Land,Reeves Rd,Pottsboro,TX,75076,88000,0,,KIMBERLIN SUBDIVISION PHASE 3,,87120,,217,,,Sold,,,http://www.redfin.com/TX/POTTSBORO/REEVES-RD-75076/home/167485372,NTREIS,14199018,N,Y,33.786647,-96.665408
PAST SALE,November-9-2018,Vacant Land,White Dove,Denison,TX,75020,160000,0,,Red Oak,,479160,,599,,,Sold,,,http://www.redfin.com/TX/DENISON/WHITE-DOVE-TRL-75020/home/33536372,NTREIS,13871643,N,Y,33.71259,-96.630883
PAST SALE,June-30-2020,Vacant Land,Prairie Mdw,Pottsboro,TX,75076,39900,0,,north Edge,,8451,,1,,,Sold,,,http://www.redfin.com/TX/Pottsboro/Prairie-Meadow-Ln-75076/home/171980318,NTREIS,14358296,N,Y,33.774973,-96.655891
PAST SALE,December-12-2019,Vacant Land,3412 Sandstone Dr,Sherman,TX,75092,45000,0,,Brookstone Estates,,17685,,201,,,Sold,,,http://www.redfin.com/TX/Sherman/3412-Sandstone-DR-75092/home/169124920,NTREIS,14188493,N,Y,33.614573,-96.640868
PAST SALE,December-12-2019,Vacant Land,1100 Southridge Ln,Sherman,TX,75092,45000,0,,Brookstone Estates,,12981,,201,,,Sold,,,http://www.redfin.com/TX/Sherman/1100-Southridge-Ln-75092/home/169117404,NTREIS,14188085,N,Y,33.613402,-96.6378307
PAST SALE,December-12-2019,Vacant Land,3307 Brookstone Dr,Sherman,TX,75092,45000,0,,Brookstone Estates,,13024,,201,,,Sold,,,http://www.redfin.com/TX/Sherman/3307-Brookstone-Dr-75092/home/169117074,NTREIS,14187284,N,Y,33.613541,-96.640815
PAST SALE,May-31-2019,Vacant Land,0 Travis,Sherman,TX,75092,50000,0,,Alexander & Richards,,148278,,396,,,Sold,,,http://www.redfin.com/TX/Sherman/N-Travis-St-75092/home/146790646,NTREIS,13806670,N,Y,33.683779,-96.621406
PAST SALE,February-11-2019,Vacant Land,0 Belmont Ln,Van Alstyne,TX,75495,98500,0,,Steeplechase Country Estate Sec 2,,81457,,505,,8,Sold,,,http://www.redfin.com/TX/VAN-ALSTYNE/BELMONT-LN-75495/home/33695621,NTREIS,13999735,N,Y,33.414054,-96.633291
PAST SALE,November-8-2018,Vacant Land,107 Whispering Winds Dr,Gunter,TX,75058,81000,0,,Woodlands Of Preston,,64164,,600,,29,Sold,,,http://www.redfin.com/TX/Gunter/107-Whispering-Winds-Dr-75058/home/33705831,NTREIS,13879671,N,Y,33.4746082,-96.7342179
PAST SALE,December-27-2018,Vacant Land,Sparrow Hawk Ln,Gunter,TX,75058,69900,0,,Bridges At Preston Xing Sec 1,,16553,,551,,46,Sold,,,http://www.redfin.com/TX/Gunter/1312-Sparrow-Hawk-Ln-75058/home/33542072,NTREIS,13770537,N,Y,33.430685,-96.715362
PAST SALE,February-26-2019,Vacant Land,Covered Bridge Ct,Gunter,TX,75058,58500,0,,Bridges At Preston Xing Sec 1,,19602,,490,,25,Sold,,,http://www.redfin.com/TX/Gunter/1601-Covered-Bridge-Ct-75058/home/33542053,NTREIS,13848893,N,Y,33.431013,-96.717711
PAST SALE,October-12-2018,Vacant Land,1068 Bounds Rd,Gunter,TX,75058,195000,0,,Douglas Henry & Hrs,,382980,,627,,,Sold,,,http://www.redfin.com/TX/Gunter/1068-Bounds-Rd-75058/home/146165313,NTREIS,13627959,N,Y,33.4717,-96.747003
PAST SALE,October-25-2019,Vacant Land,8247 Farmington Rd,Gunter,TX,75058,45000,0,,OTP Farmington,,22956,,249,,,Sold,,,http://www.redfin.com/TX/Gunter/8247-Farmington-Rd-75058/home/33690908,NTREIS,14189786,N,Y,33.470172,-96.646112
PAST SALE,December-14-2018,Vacant Land,Prado Dr,Gunter,TX,75058,299900,0,,G-1437 Gunter J & HT & BRR A-G1437,,459079,,564,,,Sold,,,http://www.redfin.com/TX/Gunter/Prado-Dr-75058/home/146966237,NTREIS,13927956,N,Y,33.452717,-96.731884
PAST SALE,August-9-2019,Vacant Land,0 Taylor Ct,Gunter,TX,75206,65000,0,,Bridges At Preston Crossing Sec 1,,23087,,326,,67,Sold,,,http://www.redfin.com/TX/Gunter/Taylor-Ct-75058/home/33543629,NTREIS,14095812,N,Y,33.433132,-96.720905
PAST SALE,January-24-2019,Vacant Land,0 Farmington Rd,Van Alstyne,TX,75495,89500,0,,R Moore Add,,84724,,523,,,Sold,,,http://www.redfin.com/TX/Van-Alstyne/Farmington-Rd-Unknown/home/35642689,NTREIS,13856508,N,Y,33.442723,-96.643805
PAST SALE,July-9-2018,Vacant Land,Hidden Lakes Blvd,Gunter,TX,75058,80000,0,,Hidden Lakes Section 2,,57064,,722,,21,Sold,,,http://www.redfin.com/TX/GUNTER/HIDDEN-LAKES-BLVD-75058/home/101331859,NTREIS,13839555,N,Y,33.47317,-96.7028
PAST SALE,April-15-2019,Vacant Land,Bent Tree Ln,Gunter,TX,75058,69900,0,,Bridges At Preston Xing Sec 1,,23087,,442,,46,Sold,,,http://www.redfin.com/TX/GUNTER/HANGING-ROCK-TRCE-75058/home/33543722,NTREIS,13978583,N,Y,33.435418,-96.718516
PAST SALE,March-20-2020,Vacant Land,1136 Macgregor Ln,Gunter,TX,75058,69500,0,,Bridges At Preston Xing Sec 1,,22216,,102,,100,Sold,,,http://www.redfin.com/TX/Gunter/1136-Macgregor-Ln-75058/home/33545194,NTREIS,14240524,N,Y,33.432168,-96.71931
PAST SALE,April-8-2020,Vacant Land,505 Paxton Rd,Gunter,TX,75058,130000,0,,Hidden Lakes Ranch Sec Four,,64469,,83,,21,Sold,,,http://www.redfin.com/TX/Gunter/505-Paxton-Rd-75058/home/65938392,NTREIS,14289393,N,Y,33.4730176,-96.6948887
PAST SALE,April-23-2019,Vacant Land,1 Paxton Rd,Gunter,TX,75058,88000,0,,Bull Run Estates,,69696,,434,,,Sold,,,http://www.redfin.com/TX/Gunter/1-Paxton-Rd-75058/home/161270785,NTREIS,14060885,N,Y,33.466387,-96.696083
PAST SALE,May-6-2020,Vacant Land,1100 Indigo Creek Way,Gunter,TX,75058,79000,0,,Bridges At Preston Xing Sec 1,,22216,,55,,100,Sold,,,http://www.redfin.com/TX/Gunter/1100-Indigo-Creek-Way-75058/home/33545470,NTREIS,14240532,N,Y,33.434856,-96.719208
PAST SALE,May-29-2020,Vacant Land,2117 FOX BEND Trce,Gunter,TX,75058,69900,0,,Bridges At Preston Xing Sec 1,,19166,,32,,46,Sold,,,http://www.redfin.com/TX/Gunter/2117-Fox-Bend-Trce-75058/home/33545172,NTREIS,14297102,N,Y,33.4341662,-96.7061561
PAST SALE,February-28-2019,Vacant Land,209 High Bridge Ct,Gunter,TX,75058,59000,0,,Bridges At Preston Xing Sec 1,,16117,,488,,42,Sold,,,http://www.redfin.com/TX/Gunter/Highbridge-Ct-75058/home/146072729,NTREIS,13869266,N,Y,33.43127,-96.715979
PAST SALE,April-24-2020,Vacant Land,1300 SPARROW HAWK Ln,Gunter,TX,75058,69900,0,,Bridges At Preston Xing Sec 1,,15682,,67,,46,Sold,,,http://www.redfin.com/TX/Gunter/1300-Sparrow-Hawk-Ln-75058/home/33545326,NTREIS,14287515,N,Y,33.431322,-96.714716
PAST SALE,April-30-2019,Vacant Land,Indigo Creek Way,Gunter,TX,75058,69900,0,,Bridges At Preston Xing Sec 1,,24829,,427,,100,Sold,,,http://www.redfin.com/TX/Gunter/1121-Indigo-Creek-Way-75058/home/33542039,NTREIS,13863303,N,Y,33.4330697,-96.7194222
PAST SALE,January-4-2019,Vacant Land,248 Stonebridge Pass,Gunter,TX,75058,68000,0,,Bridges At Preston Xing Sec 1,,15246,,543,,46,Sold,,,http://www.redfin.com/TX/Gunter/248-Stone-Bridge-Pass-75058/home/146680117,NTREIS,13856218,N,Y,33.4337902,-96.7141732
PAST SALE,May-11-2020,Vacant Land,1243 Eagle Glen Pass,Gunter,TX,75058,69900,0,,Bridges at Preston Crossings,,16988,,50,,38,Sold,,,http://www.redfin.com/TX/Gunter/1243-Eagle-Glen-Pass-75058/home/33545087,NTREIS,14262891,N,Y,33.4313966,-96.7137381
PAST SALE,September-6-2019,Vacant Land,Blackthorn Dr,Van Alstyne,TX,75495,85000,0,,Blackthorn Meadow,,43560,,298,,,Sold,,,http://www.redfin.com/TX/Unknown/Blackthorn-Dr-75495/home/168791631,NTREIS,13908523,N,Y,33.424499,-96.635317
PAST SALE,June-12-2020,Vacant Land,4888 Fm 121,Van Alstyne,TX,75495,415000,0,,,,388991,,18,,,Sold,,,http://www.redfin.com/TX/Van-Alstyne/4888-Farm-to-Market-121-75495/home/171037066,NTREIS,14295881,N,Y,33.4394608,-96.472957
PAST SALE,April-14-2020,Vacant Land,Shelby Trl,Bells,TX,75414,27500,0,,Thoroughbred Heights,,43560,,77,,,Sold,,,http://www.redfin.com/TX/BELLS/SHELBY-TRL-75414/home/40332891,NTREIS,14274476,N,Y,33.60329,-96.418936
PAST SALE,September-9-2018,Vacant Land,118 S Oakmont Ct,Gordonville,TX,76245,79900,0,,Wynstone,,14767,,660,,83,Sold,,,http://www.redfin.com/TX/Gordonville/118-S-Oakmont-Ct-76245/home/146855636,NTREIS,13920807,N,Y,33.849646,-96.899805
PAST SALE,December-1-2019,Vacant Land,290 La Paloma Cir,Gordonville,TX,76245,46900,0,,La Paloma Ph 1,,4704,,212,,83,Sold,,,http://www.redfin.com/TX/Gordonville/290-La-Paloma-Cir-76245/home/147405893,NTREIS,13948014,N,Y,33.8189524,-96.9022596
PAST SALE,February-18-2020,Vacant Land,Glen Ellen Rd,Pottsboro,TX,75076,45000,0,,The Woods Of Glen Ellen,,43560,,133,,,Sold,,,http://www.redfin.com/TX/Unknown/Glen-Ellen-Rd-75076/home/169027703,NTREIS,14182128,N,Y,33.846953,-96.682515
PAST SALE,July-21-2019,Vacant Land,130 Desert Mountain Dr,Gordonville,TX,76245,54900,0,,Pasadera Ph 1,,7187,,345,,83,Sold,,,http://www.redfin.com/TX/Unknown/Desert-Mountain-Dr-76245/home/146857402,NTREIS,13921163,N,Y,33.831191,-96.900122
PAST SALE,May-16-2019,Vacant Land,0 Shoshone,Gordonville,TX,76245,40000,0,,Sherwood Shores,,19341,,411,,,Sold,,,http://www.redfin.com/TX/GORDONVILLE/SHOSHONE-76245/home/33560441,NTREIS,14054820,N,Y,33.850082,-96.813698
PAST SALE,December-3-2018,Vacant Land,87 Lazy Acres Cir,Pottsboro,TX,75076,89000,0,,Shields Booker,,130462,,575,,,Sold,,,http://www.redfin.com/TX/Pottsboro/87-Lazy-Acres-Cir-75076/home/146265132,NTREIS,13889072,N,Y,33.8371587,-96.6795222
PAST SALE,June-14-2019,Vacant Land,307 Allen A Dl,Gordonville,TX,76245,37500,0,,Sherwood Shores,,19994,,382,,,Sold,,,http://www.redfin.com/TX/Gordonville/307-Allen-A-Dl-76245/home/164389633,NTREIS,14078061,N,Y,33.8561114,-96.8101627
PAST SALE,March-8-2020,Vacant Land,488 Pasadera Cir,Gordonville,TX,76245,52900,0,,Pasadera Ph 2,,7405,,114,,104,Sold,,,http://www.redfin.com/TX/Gordonville/488-Pasadera-Cir-76245/home/148562353,NTREIS,13993899,N,Y,33.827644,-96.900746
PAST SALE,November-17-2018,Vacant Land,181 Lost Tree Ct,Gordonville,TX,76245,114300,0,,Palisades Ph 3,,8581,,591,,83,Sold,,,http://www.redfin.com/TX/Unknown/Lost-Tree-Ct-76245/home/146704422,NTREIS,13914793,N,Y,33.818622,-96.84582
PAST SALE,November-10-2019,Vacant Land,318 La Paloma Cir,Gordonville,TX,76245,46900,0,,La Paloma Ph 1,,4792,,233,,83,Sold,,,http://www.redfin.com/TX/Gordonville/318-La-Paloma-Cir-76245/home/146705318,NTREIS,13914853,N,Y,33.8189524,-96.9022596
PAST SALE,March-16-2020,Vacant Land,2 Old Sadler Rd,Sadler,TX,76264,44500,0,,Aloha Gardens Sub,,87904,,106,,,Sold,,,http://www.redfin.com/TX/Unknown/Old-Sadler-Rd-76264/home/146810899,NTREIS,14279301,N,Y,33.779057,-96.82292
PAST SALE,June-7-2019,Vacant Land,382 Guy Ln,Pottsboro,TX,75076,48900,0,,Brandon V Lake Living,,44867,,389,,,Sold,,,http://www.redfin.com/TX/Pottsboro/382-Guy-Ln-75076/home/33541736,NTREIS,13403658,N,Y,33.8367148,-96.681166
PAST SALE,December-18-2018,Vacant Land,Hickory-Fir Dr,Pottsboro,TX,75076,31500,0,,Simmons Shores,,1,,560,,10,Sold,,,http://www.redfin.com/TX/POTTSBORO/HICKORY-DR-75076/home/33564527,NTREIS,13936346,N,Y,33.822285,-96.679241
PAST SALE,July-26-2018,Vacant Land,0 N HWY 377 Rd,Pilot Point,TX,76258,1413750,0,,Jeffries J,,4926636,,705,,,Sold,,,http://www.redfin.com/TX/Pilot-Point/Unknown-76258/home/115314516,NTREIS,13619792,N,Y,33.416141,-96.939335
PAST SALE,July-29-2019,Vacant Land,1116 Stonebridge Pass,Gunter,TX,75058,69900,0,,Bridges At Preston Xing Sec 1,,14810,,337,,59,Sold,,,http://www.redfin.com/TX/Gunter/1116-Stone-Bridge-Pass-75058/home/33545397,NTREIS,14098795,N,Y,33.434266,-96.71266
PAST SALE,August-2-2019,Vacant Land,1152 Stonebridge Pass,Gunter,TX,75058,69000,0,,The Bridges at Preston Crossing,,15246,,333,,59,Sold,,,http://www.redfin.com/TX/Gunter/1152-Stone-Bridge-Pass-75058/home/33545504,NTREIS,14085362,N,Y,33.432792,-96.714606
PAST SALE,September-30-2019,Vacant Land,431 E Day St Lot 16,Denison,TX,75021,16000,0,,Winans Add,,7405,,274,,,Sold,,,http://www.redfin.com/TX/Denison/431-E-Day-St-75021/unit-16/home/167226912,NTREIS,14127658,N,Y,33.7483075,-96.5293308
PAST SALE,October-23-2019,Vacant Land,1120 W Owings St,Denison,TX,75020,16500,0,,MILLERS 2ND ADDN,,6011,,251,,,Sold,,,http://www.redfin.com/TX/Denison/1120-W-Owings-St-75020/home/33595288,NTREIS,13994347,N,Y,33.752782,-96.551941
PAST SALE,September-24-2018,Vacant Land,428 E Nelson St,Denison,TX,75021,3750,0,,Winans Add,,,,645,,,Sold,,,http://www.redfin.com/TX/Denison/428-E-Nelson-St-75021/home/33598952,NTREIS,13914935,N,Y,33.749963,-96.529346
PAST SALE,March-5-2019,Vacant Land,228 E Hull St,Denison,TX,75021,16500,0,,DUMAS J P ADDN,,8625,,483,,,Sold,,,http://www.redfin.com/TX/Denison/228-E-Hull-St-75021/home/33600823,NTREIS,13993664,N,Y,33.745786,-96.532963
PAST SALE,April-4-2019,Vacant Land,0 Amsden Cir,Denison,TX,75020,12000,0,,College Park,,12981,,453,,,Sold,,,http://www.redfin.com/TX/DENISON/AMSDEN-CIR-75020/home/33612174,NTREIS,13925128,N,Y,33.7257,-96.553101
PAST SALE,July-13-2018,Vacant Land,430 E Day St,Denison,TX,75020,19000,0,,Winans,,7405,,718,,,Sold,,,http://www.redfin.com/TX/Denison/430-E-Day-St-75021/home/33598883,NTREIS,13867056,N,Y,33.747814,-96.529262
PAST SALE,February-18-2020,Vacant Land,E Texas St,Denison,TX,75021,69900,0,,Ramon Rubio Surv Abs 996,,190923,,133,,,Sold,,,http://www.redfin.com/TX/DENISON/E-TEXAS-ST-75021/home/33600731,NTREIS,14265360,N,Y,33.744777,-96.534955
PAST SALE,March-6-2020,Vacant Land,0 S 8th,Denison,TX,75020,15000,0,,Rhamys Addition,,8973,,116,,,Sold,,,http://www.redfin.com/TX/Denison/Hawthorne-Ave-75021/home/33608452,NTREIS,14287781,N,Y,33.738719,-96.524691
PAST SALE,March-8-2019,Vacant Land,417 Ridgeview Dr,Sherman,TX,75092,60000,0,,Ridgeview Court Estates,,58022,,480,,,Sold,,,http://www.redfin.com/TX/Sherman/417-Ridgeview-Dr-75090/home/143702118,NTREIS,13872757,N,Y,33.632537,-96.647106
PAST SALE,December-12-2019,Vacant Land,3306 Sandstone Dr,Sherman,TX,75092,45000,0,,Brookstone Estates,,12284,,201,,,Sold,,,http://www.redfin.com/TX/Sherman/3306-Sandstone-DR-75092/home/169119050,NTREIS,14188171,N,Y,33.614651,-96.639504
PAST SALE,December-12-2019,Vacant Land,3310 Sandstone Dr,Sherman,TX,75092,45000,0,,Brookstone Estates,,12894,,201,,,Sold,,,http://www.redfin.com/TX/Sherman/3310-Sandstone-DR-75092/home/169119234,NTREIS,14188179,N,Y,33.614649,-96.639875
PAST SALE,December-12-2019,Vacant Land,3400 Sandstone Dr,Sherman,TX,75092,45000,0,,Brookstone Estates,,13460,,201,,,Sold,,,http://www.redfin.com/TX/Sherman/3400-Sandstone-DR-75092/home/169124248,NTREIS,14188461,N,Y,33.614683,-96.640279
PAST SALE,December-12-2019,Vacant Land,1206 Southridge Ln,Sherman,TX,75092,45000,0,,Brookstone Estates,,12110,,201,,,Sold,,,http://www.redfin.com/TX/Sherman/1206-Southridge-Ln-75092/home/169117080,NTREIS,14188066,N,Y,33.613402,-96.6378307
PAST SALE,December-12-2019,Vacant Land,3311 Brookstone Dr,Sherman,TX,75092,45000,0,,Brookstone Estates,,13504,,201,,,Sold,,,http://www.redfin.com/TX/Sherman/3311-Brookstone-Dr-75092/home/169117079,NTREIS,14187272,N,Y,33.613668,-96.64039
PAST SALE,December-13-2018,Vacant Land,John Fielder Dr,Southmayd,TX,75092,12500,0,,Westview Add,,12023,,565,,,Sold,,,http://www.redfin.com/TX/SHERMAN/JOHN-FIELDER-75092/home/33677779,NTREIS,13979706,N,Y,33.623645,-96.695376
PAST SALE,January-10-2020,Vacant Land,Burke Rd,Gunter,TX,75058,46500,0,,"G-0497 HALL G H A-G0497, ACRES 1.0",,43560,,172,,,Sold,,,http://www.redfin.com/TX/GUNTER/BURKE-RD-75058/home/33695492,NTREIS,14163598,N,Y,33.415295,-96.692268
PAST SALE,February-14-2019,Vacant Land,Beavers Dr,Southmayd,TX,75092,12500,0,,Westview Add,,10498,,502,,,Sold,,,http://www.redfin.com/TX/SHERMAN/BEAVERS-DR-75092/home/33677759,NTREIS,13979689,N,Y,33.623444,-96.694876
PAST SALE,March-20-2019,Vacant Land,5752 SOUTHMAYD,Collinsville,TX,76233,110000,0,,TROUTZ CHRISTOPHER,,217800,,468,,,Sold,,,http://www.redfin.com/TX/Collinsville/5752-Southmayd-Rd-76233/home/33684525,NTREIS,14013886,N,Y,33.573541,-96.812364
PAST SALE,July-14-2019,Vacant Land,435 Palmilla Dr,Gordonville,TX,76245,54900,0,,Palmilla,,12720,,352,,83,Sold,,,http://www.redfin.com/TX/Unknown/435-Palmilla-Dr-76245/home/147581735,NTREIS,13952915,N,Y,33.824648,-96.902829
PAST SALE,July-14-2019,Vacant Land,148 N Oakmont Ct,Gordonville,TX,76245,54900,0,,Wynstone,,13809,,352,,83,Sold,,,http://www.redfin.com/TX/Gordonville/148-N-Oakmont-Ct-76245/home/147285242,NTREIS,13942482,N,Y,33.851352,-96.896017
PAST SALE,July-14-2019,Vacant Land,266 Roaring Fork Cir,Gordonville,TX,76245,139900,0,,Roaring Fork,,11369,,352,,83,Sold,,,http://www.redfin.com/TX/Gordonville/266-Roaring-Fork-Cir-76245/home/35637316,NTREIS,13817095,N,Y,33.8457017,-96.8979025
PAST SALE,August-4-2019,Vacant Land,134 Pine Hills Ln,Gordonville,TX,76245,64900,0,,Palisades Ph 3,,9104,,331,,83,Sold,,,http://www.redfin.com/TX/Gordonville/134-Pine-Hls-76245/home/148570102,NTREIS,13995969,N,Y,33.8554128,-96.8867294
PAST SALE,August-11-2019,Vacant Land,120 Pine Hills Ln,Gordonville,TX,76245,64900,0,,Palisades Ph 3,,9104,,324,,83,Sold,,,http://www.redfin.com/TX/Unknown/120-Pine-Hls-76245/home/148570091,NTREIS,13995964,N,Y,33.855583,-96.889083
PAST SALE,August-11-2019,Vacant Land,206 Roaring Fork Cir,Gordonville,TX,76245,229900,0,,Roaring Fork,,10542,,324,,83,Sold,,,http://www.redfin.com/TX/Gordonville/206-Roaring-Fork-Cir-76245/home/35637325,NTREIS,13953129,N,Y,33.8444912,-96.8973444
PAST SALE,August-18-2019,Vacant Land,240 Roaring Fork Cir,Gordonville,TX,76245,229900,0,,Roaring Fork,,9235,,317,,83,Sold,,,http://www.redfin.com/TX/Gordonville/240-Roaring-Fork-Cir-76245/home/35637320,NTREIS,13817076,N,Y,33.8450886,-96.8973438
PAST SALE,September-8-2019,Vacant Land,65 N Oakmont Ct,Gordonville,TX,76245,40000,0,,Wynstone,,13068,,296,,83,Sold,,,http://www.redfin.com/TX/Gordonville/65-N-Oakmont-Ct-76245/home/146700858,NTREIS,13914442,N,Y,33.851306,-96.897734
PAST SALE,September-8-2019,Vacant Land,143 N Oakmont Ct,Gordonville,TX,76245,141400,0,,Wynstone,,18949,,296,,83,Sold,,,http://www.redfin.com/TX/Gordonville/143-N-Oakmont-Ct-76245/home/147285151,NTREIS,13942464,N,Y,33.851642,-96.896743
PAST SALE,September-8-2019,Vacant Land,109 N Oakmont Ct,Gordonville,TX,76245,116100,0,,Wynstone,,17860,,296,,83,Sold,,,http://www.redfin.com/TX/Gordonville/109-N-Oakmont-Ct-76245/home/147285107,NTREIS,13942458,N,Y,33.851553,-96.896974
PAST SALE,September-22-2019,Vacant Land,343 Palmilla Dr,Gordonville,TX,76245,59900,0,,Palmilla,,31494,,282,,83,Sold,,,http://www.redfin.com/TX/Unknown/343-Palmilla-Dr-76245/home/147485783,NTREIS,13950208,N,Y,33.826228,-96.903663
PAST SALE,October-27-2019,Vacant Land,35 N Oakmont Ct,Gordonville,TX,76245,87900,0,,Wynstone,,9496,,247,,83,Sold,,,http://www.redfin.com/TX/Gordonville/35-N-Oakmont-Ct-76245/home/147036305,NTREIS,13933355,N,Y,33.852158,-96.898746
PAST SALE,November-4-2018,Vacant Land,482 Palmilla Dr,Gordonville,TX,76245,117500,0,,Palmilla,,12110,,604,,83,Sold,,,http://www.redfin.com/TX/Unknown/482-Palmilla-Dr-76245/home/147581925,NTREIS,13952945,N,Y,33.824198,-96.903812
PAST SALE,September-23-2018,Vacant Land,60 Dublin Cir,Gordonville,TX,76245,64900,0,,Muirfield,,7362,,646,,83,Sold,,,http://www.redfin.com/TX/Gordonville/60-Dublin-Cir-76245/home/101329749,NTREIS,13815073,N,Y,33.8304276,-96.9026026
PAST SALE,September-23-2018,Vacant Land,16 S Oakmont Ct,Gordonville,TX,76245,129100,0,,Wynstone,,14985,,646,,83,Sold,,,http://www.redfin.com/TX/GORDONVILLE/16-S-OAKMONT-CT-76245/home/33550859,NTREIS,13889371,N,Y,33.850513,-96.898752
PAST SALE,April-14-2019,Vacant Land,473 Palisades Dr,Gordonville,TX,76245,141900,0,,Palisades Ph 2,,10498,,443,,83,Sold,,,http://www.redfin.com/TX/Gordonville/473-Palisades-Dr-76245/home/52207161,NTREIS,13902035,N,Y,33.8579454,-96.8914137
PAST SALE,November-18-2018,Vacant Land,240 Castle Pines Cir,Gordonville,TX,76245,136800,0,,Castle Pines,,23000,,590,,83,Sold,,,http://www.redfin.com/TX/Gordonville/240-Castle-Pines-Cir-76245/home/147404786,NTREIS,13947884,N,Y,33.835662,-96.901811
PAST SALE,January-5-2020,Vacant Land,113 Summit Rock Dr,Gordonville,TX,76245,52900,0,,Pasadera Ph 2,,6839,,177,,83,Sold,,,http://www.redfin.com/TX/Gordonville/113-Summit-Rock-Dr-76245/home/148562324,NTREIS,13993890,N,Y,33.827651,-96.900262
PAST SALE,February-3-2019,Vacant Land,391 Palmilla Dr,Gordonville,TX,76245,208900,0,,Palmilla,,46871,,513,,83,Sold,,,http://www.redfin.com/TX/Unknown/391-Palmilla-Dr-76245/home/147581635,NTREIS,13952907,N,Y,33.82557,-96.902612
PAST SALE,June-9-2019,Vacant Land,86 Lost Tree Ct,Gordonville,TX,76245,111300,0,,Palisades Ph 3,,8320,,387,,83,Sold,,,http://www.redfin.com/TX/Unknown/Lost-Tree-Ct-76245/home/146433909,NTREIS,13902078,N,Y,33.854112,-96.887916
PAST SALE,December-21-2019,Vacant Land,553 La Paloma Cir,Gordonville,TX,76245,64900,0,,La Paloma Ph 1,,4748,,192,,83,Sold,,,http://www.redfin.com/TX/Gordonville/553-La-Paloma-Cir-76245/home/145300356,NTREIS,13815173,N,Y,33.8189524,-96.9022596
PAST SALE,January-12-2020,Vacant Land,548 La Paloma Cir,Gordonville,TX,76245,46900,0,,La Paloma Ph 1,,5576,,170,,83,Sold,,,http://www.redfin.com/TX/Gordonville/548-La-Paloma-Cir-76245/home/145300365,NTREIS,13815190,N,Y,33.8189524,-96.9022596
PAST SALE,January-5-2020,Vacant Land,267 Desert Mountain Dr,Gordonville,TX,76245,81900,0,,Pasadera Ph 2,,14375,,177,,83,Sold,,,http://www.redfin.com/TX/Unknown/Desert-Mountain-Dr-76245/home/146122775,NTREIS,13878729,N,Y,33.83134,-96.901477
PAST SALE,August-12-2018,Vacant Land,105 Pasadera Cir,Gordonville,TX,76245,75300,0,,Pasadera Ph 1,,10977,,688,,83,Sold,,,http://www.redfin.com/TX/Gordonville/Unknown-76245/home/146122464,NTREIS,13878608,N,Y,33.830757,-96.851638
PAST SALE,November-10-2019,Vacant Land,131 Palmilla Dr,Gordonville,TX,76245,197400,0,,Palmilla,,21606,,233,,83,Sold,,,http://www.redfin.com/TX/Unknown/Palmilla-Dr-76245/home/146218824,NTREIS,13890139,N,Y,33.823117,-96.904833
PAST SALE,April-28-2019,Vacant Land,216 Palisades Dr,Gordonville,TX,76245,104900,0,,Palisades Ph 2,,9453,,429,,83,Sold,,,http://www.redfin.com/TX/Gordonville/216-Palisades-Dr-76245/home/148562369,NTREIS,13993906,N,Y,33.8547533,-96.8914848
PAST SALE,February-2-2020,Vacant Land,502 Pasadera Cir,Gordonville,TX,76245,52900,0,,Pasadera Ph 2,,7883,,149,,83,Sold,,,http://www.redfin.com/TX/Gordonville/Unknown-76245/home/142954978,NTREIS,13653586,N,Y,33.83134,-96.901477
PAST SALE,March-25-2020,Vacant Land,62 Roaring Fork Cir,Gordonville,TX,76245,135700,0,,Rock Creek Roaring Fork Add,,9801,,97,,104,Sold,,,http://www.redfin.com/TX/Gordonville/62-Roaring-Fork-Cir-76245/home/35637304,NTREIS,13795009,N,Y,33.8435392,-96.8999111
PAST SALE,June-7-2020,Vacant Land,245 Desert Mountain Dr,Gordonville,TX,76245,85900,0,,Pasadera Ph 2,,19471,,23,,104,Sold,,,http://www.redfin.com/TX/Unknown/245-Desert-Mountain-Dr-76245/home/146122763,NTREIS,13878722,N,Y,33.83134,-96.901477
PAST SALE,May-19-2020,Vacant Land,Bay Creek Ln,Gordonville,TX,76245,9000,0,,Bear Lakes Add,,6011,,42,,83,Sold,,,http://www.redfin.com/TX/GORDONVILLE/BAY-CREEK-LN-76245/home/33552514,NTREIS,14280196,N,Y,33.852003,-96.892872
PAST SALE,August-19-2018,Vacant Land,35 Palmilla Ct,Gordonville,TX,76245,275800,0,,Palmilla,,63380,,681,,83,Sold,,,http://www.redfin.com/TX/Unknown/Palmilla-Ct-76245/home/146219575,NTREIS,13890269,N,Y,33.823117,-96.904833
PAST SALE,April-30-2020,Vacant Land,80 Texoma Bluffs Cir,Gordonville,TX,76245,29900,0,,Texoma Bluffs Ph 1,,96877,,61,,83,Sold,,,http://www.redfin.com/TX/Gordonville/80-Texoma-Bluffs-Cir-76245/home/33552580,NTREIS,14253392,N,Y,33.834126,-96.856096
PAST SALE,December-4-2018,Vacant Land,28 Coyote Creek Dr,Gordonville,TX,76245,12000,0,,Rock Creek,,11195,,574,,83,Sold,,,http://www.redfin.com/TX/Gordonville/28-Coyote-Creek-Dr-76245/home/35592129,NTREIS,13740718,N,Y,33.8175836,-96.9043797
PAST SALE,May-19-2019,Vacant Land,17 Palmilla Ct,Gordonville,TX,76245,259900,0,,Palmilla,,34020,,408,,83,Sold,,,http://www.redfin.com/TX/Unknown/17-Palmilla-Ct-76245/home/147485549,NTREIS,13950182,N,Y,33.82564,-96.905
PAST SALE,April-20-2020,Vacant Land,Dove Canyon Dr,Gordonville,TX,76245,50000,0,,Pronghorn Add,,24263,,71,,104,Sold,,,http://www.redfin.com/TX/GORDONVILLE/DOVE-CANYON-DR-76245/home/101329831,NTREIS,14290395,N,Y,33.818421,-96.905292
PAST SALE,March-8-2020,Vacant Land,560 La Paloma Cir,Gordonville,TX,76245,46900,0,,La Paloma Ph 1,,5009,,114,,104,Sold,,,http://www.redfin.com/TX/Gordonville/560-La-Paloma-Cir-76245/home/145300366,NTREIS,13815211,N,Y,33.8189524,-96.9022596
PAST SALE,March-8-2020,Vacant Land,198 Sunny Field Dr,Gordonville,TX,76245,72900,0,,Pasadera Ph 2,,10890,,114,,104,Sold,,,http://www.redfin.com/TX/Gordonville/198-Sunny-Field-DR-76245/home/145303934,NTREIS,13816047,N,Y,33.81859,-96.845772
PAST SALE,March-8-2020,Vacant Land,210 Sunny Field Dr,Gordonville,TX,76245,62900,0,,Pasadera Ph 2,,8973,,114,,104,Sold,,,http://www.redfin.com/TX/Gordonville/210-Sunny-Field-DR-76245/home/145303919,NTREIS,13816024,N,Y,33.818688,-96.845847
PAST SALE,March-15-2020,Vacant Land,117 Desert Mountain Dr,Gordonville,TX,76245,64900,0,,Pasadera Ph 1,,7057,,107,,104,Sold,,,http://www.redfin.com/TX/Unknown/117-Desert-Mountain-Dr-76245/home/146122557,NTREIS,13878646,N,Y,33.83134,-96.901477
PAST SALE,July-21-2019,Vacant Land,272 Pine Hills Ln,Gordonville,TX,76245,42900,0,,Palisades Ph 3,,17206,,345,,83,Sold,,,http://www.redfin.com/TX/Gordonville/272-Pine-Hls-76245/home/146433756,NTREIS,13902041,N,Y,33.8553862,-96.8894051
PAST SALE,September-8-2019,Vacant Land,354 Palisades Dr,Gordonville,TX,76245,254600,0,,Palisades Ph 2,,45302,,296,,83,Sold,,,http://www.redfin.com/TX/Gordonville/354-Palisades-Dr-76245/home/146433433,NTREIS,13902015,N,Y,33.8559965,-96.8923803
PAST SALE,December-2-2018,Vacant Land,81 Timber Bank Dr,Gordonville,TX,76245,181900,0,,Palisades Ph 3,,13504,,576,,83,Sold,,,http://www.redfin.com/TX/Unknown/Timber-Bank-Dr-76245/home/146433920,NTREIS,13902084,N,Y,33.854162,-96.886861
PAST SALE,June-16-2019,Vacant Land,26 Lost Tree Ct,Gordonville,TX,76245,111300,0,,Palisades Ph 3,,7797,,380,,83,Sold,,,http://www.redfin.com/TX/Gordonville/26-Lost-Tree-Ct-76245/home/148571297,NTREIS,13996282,N,Y,33.855025,-96.887929
PAST SALE,November-11-2018,Vacant Land,160 Castle Pines Cir,Gordonville,TX,76245,128400,0,,Castle Pines,,16379,,597,,83,Sold,,,http://www.redfin.com/TX/Gordonville/160-Castle-Pines-Cir-76245/home/146700941,NTREIS,13914457,N,Y,33.8332135,-96.9030841
PAST SALE,October-6-2019,Vacant Land,550 Palisades Dr,Gordonville,TX,76245,229900,0,,Palisades Ph 2,,14854,,268,,83,Sold,,,http://www.redfin.com/TX/Gordonville/550-Palisades-Dr-76245/home/146702377,NTREIS,13914685,N,Y,33.8593278,-96.8913494
PAST SALE,July-31-2018,Vacant Land,30 Coyote Creek Dr,Gordonville,TX,76245,10500,0,,Rock Creek,,11195,,700,,83,Sold,,,http://www.redfin.com/TX/Gordonville/30-Coyote-Creek-Dr-76245/home/40326497,NTREIS,13806876,N,Y,33.8175338,-96.9043731
PAST SALE,June-15-2020,Vacant Land,Dublin Cir,Gordonville,TX,76245,15000,0,,Muirfield Add,,7579,,15,,83,Sold,,,http://www.redfin.com/TX/GORDONVILLE/DUBLIN-CIR-76245/home/40332980,NTREIS,13968806,N,Y,33.830371,-96.90457
PAST SALE,May-20-2020,Vacant Land,Dublin Cir,Gordonville,TX,76245,22000,0,,MUIRFIELD ADDITION,,11805,,41,,,Sold,,,http://www.redfin.com/TX/GORDONVILLE/DUBLIN-CIR-76245/home/101329817,NTREIS,14267137,N,Y,33.827918,-96.902647
PAST SALE,July-28-2019,Vacant Land,202 Pine Hills Ln,Gordonville,TX,76245,64900,0,,Palisades Ph 3,,9104,,338,,83,Sold,,,http://www.redfin.com/TX/Gordonville/202-Pine-Hls-76245/home/148570161,NTREIS,13995993,N,Y,33.8554128,-96.8867294
PAST SALE,October-25-2018,Vacant Land,Dublin Cir,Gordonville,TX,76245,10000,0,,Muirfield Add,,7579,,614,,83,Sold,,,http://www.redfin.com/TX/GORDONVILLE/DUBLIN-CIR-76245/home/101329720,NTREIS,13699531,N,Y,33.831926,-96.904477
PAST SALE,December-27-2019,Vacant Land,0 Bear Lakes Dr,Gordonville,TX,76245,13000,0,,Bear Lakes Add,,13416,,186,,104,Sold,,,http://www.redfin.com/TX/GORDONVILLE/BEAR-LAKES-DR-76245/home/33551153,NTREIS,14108888,N,Y,33.850607,-96.894333
PAST SALE,March-25-2019,Vacant Land,207 Pine Hills Ln,Gordonville,TX,76245,144300,0,,Palisades Ph 3,,10149,,463,,83,Sold,,,http://www.redfin.com/TX/Gordonville/207-Pine-Hls-76245/home/109651838,NTREIS,13996309,N,Y,33.855163,-96.88757
PAST SALE,May-21-2020,Vacant Land,15 Dublin Cir,Gordonville,TX,76245,9000,0,,Muirfield Add,,7187,,40,,104,Sold,,,http://www.redfin.com/TX/Gordonville/15-Dublin-Cir-76245/home/144901655,NTREIS,14054465,N,Y,33.82977,-96.9032281
PAST SALE,June-24-2020,Vacant Land,2214 Carriage Estates Rd,Sherman,TX,75092,46000,0,,Carriage House Estates 3r Repl,,43560,,6,,,Sold,,,http://www.redfin.com/TX/Sherman/2214-Carriage-Estates-Rd-75092/home/168868144,NTREIS,14176149,N,Y,33.649417,-96.698486
PAST SALE,November-22-2019,Vacant Land,2901 Preston Clb,Sherman,TX,75092,20000,0,,Preston Club,,13068,,221,,35,Sold,,,http://www.redfin.com/TX/Sherman/2901-Preston-Club-Dr-75092/home/33669296,NTREIS,14115333,N,Y,33.662538,-96.707145
PAST SALE,January-13-2020,Vacant Land,5331 OLD SHERMAN,Whitesboro,TX,76273,60000,0,,LENOX,,217800,,169,,,Sold,,,http://www.redfin.com/TX/Whitesboro/5331-Old-Sherman-Rd-76273/home/168951925,NTREIS,14180571,N,Y,33.6473968,-96.8712315
PAST SALE,September-25-2019,Vacant Land,7 Baker Rd,Sherman,TX,75090,69000,0,,MCGLOTHLIN,,307664,1900,279,,,Sold,,,http://www.redfin.com/TX/Sherman/7-Baker-Rd-75090/home/167143545,NTREIS,14105467,N,Y,33.663367,-96.585884
PAST SALE,September-20-2019,Vacant Land,0 W Lamberth,Sherman,TX,75090,232120,0,,G-1020,,442134,,284,,,Sold,,,http://www.redfin.com/TX/Sherman/E-Lamberth-Rd-Unknown/home/33540663,NTREIS,14171321,N,Y,33.658518,-96.631514
PAST SALE,March-21-2019,Vacant Land,1 Oliver Ln,Sherman,TX,75090,276720,0,,Hilltop Estates,,1004494,,467,,,Sold,,,http://www.redfin.com/TX/Tom-Bean/1-Oliver-Ln-75090/home/148033577,NTREIS,13967418,N,Y,33.683946,-96.583469
PAST SALE,April-15-2020,Vacant Land,Dripping Spgs,Sherman,TX,75090,79000,0,,Midway Ind. Park,,217800,,76,,,Sold,,,http://www.redfin.com/TX/SHERMAN/DRIPPING-SPRINGS-RD-75090/home/33669238,NTREIS,14305898,N,Y,33.683584,-96.547589
PAST SALE,June-17-2019,Vacant Land,4515 Vista Lagos Dr,Sherman,TX,75090,59900,0,,Dos Laos,,39640,,379,,,Sold,,,http://www.redfin.com/TX/Sherman/4515-Vista-Lagos-Dr-75090/home/164425460,NTREIS,14078649,N,Y,33.6899911,-96.5552883
PAST SALE,June-23-2020,Vacant Land,0 MARLOW Rd,Bells,TX,75414,159900,0,,14 AC OUT OF THE G-0263 CARPENTER A A-GO2634,,609840,,7,,,Sold,,,http://www.redfin.com/TX/Bells/Marlow-Rd-75414/home/144865941,NTREIS,14214821,N,Y,33.566217,-96.419838
PAST SALE,May-20-2020,Vacant Land,5 OL AMBROSE Rd,Bells,TX,75414,59000,0,,PRESTON BROOKE ADD PH I,,220414,,41,,,Sold,,,http://www.redfin.com/TX/Bells/5-Ole-Ambrose-Rd-75414/home/171312885,NTREIS,14320577,N,Y,33.620824,-96.410923
PAST SALE,August-26-2019,Vacant Land,398 Watson Rd,Bells,TX,75414,50000,0,,Davidson Robert & Hrs,,87120,,309,,,Sold,,,http://www.redfin.com/TX/Bells/398-Watson-Rd-75414/home/33673919,NTREIS,14149440,N,Y,33.6390087,-96.4581898
PAST SALE,July-29-2019,Vacant Land,Johnson Trl,Bells,TX,75414,40000,0,,Thoroughbred Heights,,81022,,337,,,Sold,,,http://www.redfin.com/TX/BELLS/JOHNSON-TRL-75414/home/33539605,NTREIS,14128178,N,Y,33.602778,-96.420316
PAST SALE,November-16-2018,Vacant Land,Frio St,Bells,TX,75414,30000,0,,Riatta Bend Ph 1,,12589,,592,,,Sold,,,http://www.redfin.com/TX/Bells/209-Frio-St-75414/unit-68/home/33543642,NTREIS,13906075,N,Y,33.634895,-96.406942
PAST SALE,June-26-2020,Vacant Land,1764 Ward Neal Rd Rd,Bells,TX,75414,59000,0,,Rattlesnake Ranch Estates,,90953,,4,,,Sold,,,http://www.redfin.com/TX/Bells/1764-Ward-Neal-Rd-75414/home/40333898,NTREIS,14309168,N,Y,33.60766,-96.488049
PAST SALE,October-29-2018,Vacant Land,3519 Bethel Cannon Rd Unit 2.5,Van Alstyne,TX,75495,89900,0,,Trinity Meadows,,110033,,610,,,Sold,,,http://www.redfin.com/TX/Van-Alstyne/3519-Bethel-Cannon-Rd-75495/unit-25/home/145230360,NTREIS,13802324,N,Y,33.4469787,-96.4601041
PAST SALE,October-12-2018,Vacant Land,5443 FM 121,Van Alstyne,TX,75495,64900,0,,CHAPMAN,,22651,1980,627,,,Sold,,,http://www.redfin.com/TX/Van-Alstyne/5443-FM-121-75495/home/33690926,NTREIS,13895363,N,Y,33.4393131,-96.4823294
PAST SALE,January-25-2019,Vacant Land,2595 Rose Hill Rd,Whitewright,TX,75491,325000,0,,,,1776769,,522,,,Sold,,,http://www.redfin.com/TX/Whitewright/2595-Rose-Hill-Rd-75491/home/35637270,NTREIS,13981176,N,Y,33.491349,-96.4318972
PAST SALE,February-6-2020,Vacant Land,Highway 11,Whitewright,TX,75491,95000,0,,Kentuckytown Estates-Ii,,267241,,145,,,Sold,,,http://www.redfin.com/TX/Whitewright/Unknown-Unknown/home/169055387,NTREIS,14184723,N,Y,33.51357,-96.423114
PAST SALE,March-14-2019,Vacant Land,2 E Cedar,Whitewright,TX,75491,9900,0,,Otp Whitewright,,11369,,474,,,Sold,,,http://www.redfin.com/TX/Whitewright/2-E-Cedar-St-75491/home/160444695,NTREIS,14020460,N,Y,33.5167519,-96.3924017
PAST SALE,June-12-2020,Vacant Land,May&Oak,Whitewright,TX,75491,45000,0,,Sears W T,,71787,,18,,,Sold,,,http://www.redfin.com/TX/Whitewright/May-Oak-75491/home/170231801,NTREIS,14250693,N,Y,33.509739,-96.39963
PAST SALE,October-10-2018,Vacant Land,,Whitewright,TX,75491,19250,0,,Rosehill Heights,,10411,,629,,,Sold,,,http://www.redfin.com/TX/Whitewright/Undisclosed-address-75491/home/143970463,NTREIS,13703274,N,Y,33.504923,-96.402652
PAST SALE,May-15-2020,Vacant Land,0 Bond & Elm St,Whitewright,TX,75491,35000,0,,Otp Whitewright,,35501,,46,,,Sold,,,http://www.redfin.com/TX/Whitewright/Unknown-75491/home/170450909,NTREIS,14268614,N,Y,33.515462,-96.393
PAST SALE,March-29-2019,Vacant Land,Sharon Ln,Whitewright,TX,75491,18500,0,,Rosehill Heights,,9191,,459,,,Sold,,,http://www.redfin.com/TX/WHITEWRIGHT/SHARON-LN-75491/home/33689076,NTREIS,14027118,N,Y,33.502468,-96.403068
PAST SALE,February-5-2020,Vacant Land,Katy Ln,Whitewright,TX,75491,18500,0,,Rosehill Heights,,9191,,146,,,Sold,,,http://www.redfin.com/TX/WHITEWRIGHT/KATY-LN-75491/home/33689062,NTREIS,14228249,N,Y,33.502117,-96.40209
PAST SALE,July-12-2018,Vacant Land,268 Hidden Oaks Trl,Pottsboro,TX,75076,219000,0,,Coffee Holland,,94961,,719,,,Sold,,,http://www.redfin.com/TX/Pottsboro/268-Hidden-Oaks-Trl-75076/home/33661502,NTREIS,13711139,N,Y,33.87757,-96.644745
PAST SALE,February-8-2019,Vacant Land,677 Hanna Dr,Denison,TX,75020,99999,0,,Mariner Cay Estates,,49658,,508,,,Sold,,,http://www.redfin.com/TX/Denison/677-Hanna-Dr-75020/home/109651636,NTREIS,13921115,N,Y,33.849692,-96.6347575
PAST SALE,March-29-2019,Vacant Land,Preston Rd,Denison,TX,75020,149900,0,,Munson Point Ph IV,,43560,,459,,73,Sold,,,http://www.redfin.com/TX/Denison/Preston-Rd-75020/home/101331607,NTREIS,13937186,N,Y,33.829857,-96.6307
PAST SALE,May-31-2019,Vacant Land,0 Preston Bnd,Pottsboro,TX,75076,25000,0,,Lake Sub,,7013,1950,396,,,Sold,,,http://www.redfin.com/TX/DALLAS/PRESTON-BND-75254/home/33554936,NTREIS,13821099,N,Y,33.882758,-96.647802
PAST SALE,January-15-2019,Vacant Land,900 W Rice St,Denison,TX,75020,36000,0,,Sunny Side Sub,,20822,,532,,,Sold,,,http://www.redfin.com/TX/Denison/900-Rice-St-75020/home/33609868,NTREIS,13984720,N,Y,33.731233,-96.549272
PAST SALE,April-4-2019,Vacant Land,0 Amsden CIRCLE Cir,Denison,TX,75020,12000,0,,College Park,,10411,,453,,,Sold,,,http://www.redfin.com/TX/DENISON/AMSDEN-CIR-75020/home/33612179,NTREIS,13925234,N,Y,33.726191,-96.553003
PAST SALE,September-26-2018,Vacant Land,,Denison,TX,75020,250000,0,,Manning J M,,2006374,,643,,,Sold,,,http://www.redfin.com/TX/Denison/Undisclosed-address-75020/home/146790681,NTREIS,13711091,N,Y,33.705429,-96.560953
PAST SALE,July-7-2019,Vacant Land,53 Pine Hills Ln,Gordonville,TX,76245,57900,0,,Palisades Ph 3,,9714,,359,,83,Sold,,,http://www.redfin.com/TX/Unknown/53-Pine-Hls-76245/home/148570358,NTREIS,13996071,N,Y,33.855047,-96.890134
PAST SALE,July-28-2019,Vacant Land,148 Pine Hills Ln,Gordonville,TX,76245,64900,0,,Palisades Ph 3,,9104,,338,,83,Sold,,,http://www.redfin.com/TX/Gordonville/148-Pine-Hls-76245/home/148570123,NTREIS,13995979,N,Y,33.8554128,-96.8867294
PAST SALE,August-4-2019,Vacant Land,620 Palisades Dr,Gordonville,TX,76245,109900,0,,Palisades Ph 2,,11195,,331,,83,Sold,,,http://www.redfin.com/TX/Gordonville/620-Palisades-Dr-76245/home/148562631,NTREIS,13994007,N,Y,33.8607819,-96.8913494
PAST SALE,August-4-2019,Vacant Land,162 Pine Hills Ln,Gordonville,TX,76245,143800,0,,Palisades Ph 3,,9104,,331,,83,Sold,,,http://www.redfin.com/TX/Gordonville/162-Pine-Hls-76245/home/148570129,NTREIS,13995983,N,Y,33.8554128,-96.8867294
PAST SALE,August-18-2019,Vacant Land,218 Desert Mountain Dr,Gordonville,TX,76245,54900,0,,Pasadera Ph 1,,7187,,317,,83,Sold,,,http://www.redfin.com/TX/Unknown/218-Desert-Mountain-Dr-76245/home/147423283,NTREIS,13948803,N,Y,33.831191,-96.900122
PAST SALE,September-2-2019,Vacant Land,155 S Oakmont Ct,Gordonville,TX,76245,81800,0,,Wynstone,,25875,,302,,83,Sold,,,http://www.redfin.com/TX/Gordonville/155-S-Oakmont-Ct-76245/home/146213474,NTREIS,13889403,N,Y,33.849553,-96.900807
PAST SALE,September-15-2019,Vacant Land,210 Desert Mountain Dr,Gordonville,TX,76245,54900,0,,Pasadera Ph 1,,7187,,289,,83,Sold,,,http://www.redfin.com/TX/Unknown/210-Desert-Mountain-Dr-76245/home/147423225,NTREIS,13948796,N,Y,33.831191,-96.900122
PAST SALE,October-27-2019,Vacant Land,14 Palmilla Ct,Gordonville,TX,76245,183200,0,,Palmilla,,38594,,247,,83,Sold,,,http://www.redfin.com/TX/Unknown/14-Palmilla-Ct-76245/home/147485714,NTREIS,13950200,N,Y,33.826362,-96.904297
PAST SALE,November-4-2018,Vacant Land,252 Clubhouse Rd,Gordonville,TX,76245,269900,0,,Grand Cypress,,26180,,604,,83,Sold,,,http://www.redfin.com/TX/Gordonville/252-Clubhouse-Rd-76245/home/146201998,NTREIS,13887337,N,Y,33.840153,-96.904106
PAST SALE,July-21-2019,Vacant Land,230 Memorial St,Gordonville,TX,76245,52900,0,,Muirfield,,7187,,345,,83,Sold,,,http://www.redfin.com/TX/Gordonville/230-Memorial-St-76245/home/145300372,NTREIS,13815102,N,Y,33.8287182,-96.9036724
PAST SALE,September-30-2018,Vacant Land,212 Castle Pines Cir,Gordonville,TX,76245,136700,0,,Castle Pines,,9365,,639,,83,Sold,,,http://www.redfin.com/TX/Gordonville/Castle-Pines-Cir-76245/home/146855834,NTREIS,13920830,N,Y,33.835178,-96.90192
PAST SALE,September-8-2019,Vacant Land,179 Desert Mountain Dr,Gordonville,TX,76245,54900,0,,Pasadera Ph 1,,7971,,296,,83,Sold,,,http://www.redfin.com/TX/Unknown/Desert-Mountain-Dr-76245/home/146857464,NTREIS,13921178,N,Y,33.831191,-96.900122
PAST SALE,September-2-2019,Vacant Land,370 Dove Canyon Dr,Gordonville,TX,76245,64900,0,,Pronghorn,,10672,,302,,83,Sold,,,http://www.redfin.com/TX/Gordonville/370-Dove-Canyon-Dr-76245/home/146214084,NTREIS,13889614,N,Y,33.8218869,-96.9053658
PAST SALE,March-15-2020,Vacant Land,340 Castle Pines Cir,Gordonville,TX,76245,229900,0,,Castle Pines,,11282,,107,,104,Sold,,,http://www.redfin.com/TX/Gordonville/340-Castle-Pines-Cir-76245/home/145308909,NTREIS,13817158,N,Y,33.836551,-96.903271
PAST SALE,February-16-2020,Vacant Land,68 Pine Hills Ln,Gordonville,TX,76245,147400,0,,Palisades Ph 3,,9104,,135,,83,Sold,,,http://www.redfin.com/TX/Unknown/Pine-Hls-76245/home/146433835,NTREIS,13902065,N,Y,33.855509,-96.889985
PAST SALE,July-10-2019,Vacant Land,0 Fm 901 & Frank Wood Rd,Sadler,TX,76264,527220,0,,SSID,,2551745,,356,,,Sold,,,http://www.redfin.com/TX/Sadler/Unknown-75092/home/166759502,NTREIS,14095298,N,Y,33.683772,-96.847925
PAST SALE,July-29-2019,Vacant Land,Dover,Gordonville,TX,76245,17500,0,,Sherwood Shores,,9975,,337,,,Sold,,,http://www.redfin.com/TX/Unknown/Dover-Dr-76245/home/161408925,NTREIS,14048816,N,Y,33.853041,-96.827898
PAST SALE,July-31-2019,Vacant Land,Mano Lane / Hummingbird Rd,Sadler,TX,76264,13000,0,,Aloha Gardens Sub,,15638,,335,,,Sold,,,http://www.redfin.com/TX/Unknown/Unknown-76264/home/167104058,NTREIS,14109807,N,Y,33.779431,-96.819038
PAST SALE,August-16-2019,Vacant Land,Nani Lane / Whippoorwill Ln,Sadler,TX,76264,15900,0,,Aloha Gardens Sub,,30884,,319,,,Sold,,,http://www.redfin.com/TX/Unknown/Unknown-76264/home/147102842,NTREIS,13935820,N,Y,33.782665,-96.820019
PAST SALE,September-28-2018,Vacant Land,Catamaran Ct,Gordonville,TX,76245,20000,0,,Cedar Mills Estates Phase Two,,43560,,641,,,Sold,,,http://www.redfin.com/TX/Gordonville/31-Catamaran-Ct-76245/home/101332001,NTREIS,13696134,N,Y,33.848469,-96.831173
PAST SALE,June-9-2020,Vacant Land,220 Castle Bar Rd Unit IV,Gordonville,TX,76245,15000,0,,Sherwood Shores,,10019,1972,21,,,Sold,,,http://www.redfin.com/TX/Gordonville/220-Castle-Bar-Rd-76245/unit-IV/home/171369678,NTREIS,14324032,N,Y,33.8518211,-96.8268179
PAST SALE,June-23-2019,Vacant Land,67 Lost Tree Ct,Gordonville,TX,76245,54900,0,,Palisades Ph 3,,8407,,373,,83,Sold,,,http://www.redfin.com/TX/Unknown/Lost-Tree-Ct-76245/home/146703507,NTREIS,13914749,N,Y,33.818622,-96.84582
PAST SALE,June-10-2020,Vacant Land,40 Green Oaks Dr,Sadler,TX,76264,115000,0,,J Myers Surv Abs 1443,,435644,,20,,10,Sold,,,http://www.redfin.com/TX/Sadler/40-Green-Oaks-DR-Unknown/home/167687460,NTREIS,14283960,N,Y,33.682606,-96.848335
PAST SALE,February-15-2019,Vacant Land,233 Buck Creek Access,Pilot Point,TX,76258,139900,0,,Wg Pierce Surv Abs # 952,,164221,,501,,,Sold,,,http://www.redfin.com/TX/Pilot-Point/233-Buck-Creek-Access-Rd-76258/home/33541259,NTREIS,13992779,N,Y,33.4426877,-96.9279966
PAST SALE,November-26-2018,Vacant Land,Water St,Whitesboro,TX,76273,22000,0,,Crenshaw Add Rep Lts 3 & 4,,7797,,582,,,Sold,,,http://www.redfin.com/TX/Whitesboro/Water-St-76273/home/33653280,NTREIS,13957094,N,Y,33.655027,-96.910198
PAST SALE,March-20-2019,Vacant Land,552 Goodnight Trl,Whitesboro,TX,76273,136000,0,,Rose Gideon,,313632,,468,,,Sold,,,http://www.redfin.com/TX/Whitesboro/552-Good-Night-Trl-76273/home/33577880,NTREIS,13904767,N,Y,33.7353436,-96.9335412
PAST SALE,November-20-2019,Vacant Land,0 Stonewolf Ct,Gordonville,TX,76245,49900,0,,Pronghorn Add,,34804,,223,,156,Sold,,,http://www.redfin.com/TX/GORDONVILLE/STONEWOLF-CT-76245/home/33546668,NTREIS,14095733,N,Y,33.821111,-96.908205
PAST SALE,May-31-2019,Vacant Land,Buck Creek Rd,Tioga,TX,76271,310000,0,,CASE JOEL G-0239,,610319,,396,,,Sold,,,http://www.redfin.com/TX/Tioga/Buck-Creek-Rd-76271/home/35642081,NTREIS,13966003,N,Y,33.455834,-96.909355
PAST SALE,October-12-2018,Vacant Land,709 Arapaho Dr,Tioga,TX,76271,50000,0,,Tejas Estates,,43560,,627,,,Sold,,,http://www.redfin.com/TX/Tioga/709-Arapaho-Dr-76271/home/33648319,NTREIS,13937769,N,Y,33.478242,-96.912098
PAST SALE,February-4-2019,Vacant Land,255 Guy Ln,Pottsboro,TX,75076,48900,0,,Brandon V Lake Living,,43560,,512,,,Sold,,,http://www.redfin.com/TX/Pottsboro/255-Guy-Ln-75076/home/33541656,NTREIS,13403647,N,Y,33.8349617,-96.6822719
PAST SALE,April-10-2019,Vacant Land,576 Brandon Way,Pottsboro,TX,75076,48900,0,,Brandon V Lake Living,,43996,,447,,,Sold,,,http://www.redfin.com/TX/Pottsboro/576-Brandon-Way-75076/home/33545071,NTREIS,13403178,N,Y,33.8368501,-96.6826242
PAST SALE,March-14-2019,Vacant Land,55 Crescent Dr,Pottsboro,TX,75076,98600,0,,Martin Woods Estates,,43560,,474,,,Sold,,,http://www.redfin.com/TX/Pottsboro/55-Crescent-Dr-75076/home/101329823,NTREIS,13573422,N,Y,33.8479394,-96.6821202
PAST SALE,July-24-2019,Vacant Land,100 Preston Oaks Dr,Pottsboro,TX,75076,109000,0,,PRESTON OAKS,,12197,,342,,,Sold,,,http://www.redfin.com/TX/Pottsboro/100-Preston-Oaks-Dr-75076/home/33556425,NTREIS,14066566,N,Y,33.86346,-96.665238
PAST SALE,April-14-2020,Vacant Land,404 Williams,Pottsboro,TX,75076,34900,0,,Looneys,,7405,,77,,,Sold,,,http://www.redfin.com/TX/Pottsboro/404-E-William-St-75076/home/170651026,NTREIS,14286648,N,Y,33.7608898,-96.6640577
PAST SALE,May-29-2020,Vacant Land,74 Texas Heaven Ln,Pottsboro,TX,75076,89900,0,,Preston Cove Estates,,13765,,32,,,Sold,,,http://www.redfin.com/TX/Pottsboro/74-Texas-Heaven-Ln-75076/home/33554843,NTREIS,13599438,N,Y,33.879149,-96.6421809
PAST SALE,May-29-2020,Vacant Land,116 Oak Hills Dr,Pottsboro,TX,75076,49900,0,,Oak Hills Estates,,24394,,32,,67,Sold,,,http://www.redfin.com/TX/Pottsboro/116-Oak-Hills-Dr-75076/home/33538856,NTREIS,14280444,N,Y,33.818452,-96.717552
PAST SALE,May-11-2020,Vacant Land,0 Lakepoint Loop,Pottsboro,TX,75076,68500,0,,Tanglewood Hills Ctry Cl 1-7,,17206,,50,,,Sold,,,http://www.redfin.com/TX/Pottsboro/Lakepoint-Loop-Unknown/home/146679895,NTREIS,14253394,N,Y,33.817135,-96.716048
PAST SALE,June-23-2020,Vacant Land,3 Sherman Dr,Pottsboro,TX,75076,37000,0,,Preston Shores,,14985,,7,,,Sold,,,http://www.redfin.com/TX/Pottsboro/3-Sherman-Dr-75076/home/171784100,NTREIS,14345488,N,Y,33.8485009,-96.6775247
PAST SALE,August-1-2019,Vacant Land,226 Well Rd,Denison,TX,75020,149500,0,,Lowney Adams Survey,,500940,,334,,,Sold,,,http://www.redfin.com/TX/Denison/226-Well-Rd-75020/home/35637902,NTREIS,14091363,N,Y,33.7516855,-96.6429918
PAST SALE,June-4-2019,Vacant Land,340 Guy Ln,Pottsboro,TX,75076,48900,0,,Brandon V Lake Living,,43560,,392,,,Sold,,,http://www.redfin.com/TX/Pottsboro/340-Guy-Ln-75076/home/33541735,NTREIS,13403629,N,Y,33.8360961,-96.6812584
PAST SALE,April-24-2020,Vacant Land,Lakepoint Loop E,Pottsboro,TX,75076,49900,0,,Tanglewood Hills Ctry Cl 1-7,,17424,,67,,,Sold,,,http://www.redfin.com/TX/Pottsboro/Darter-Ct-75076/home/33566581,NTREIS,14264502,N,Y,33.817497,-96.715381
PAST SALE,April-27-2020,Vacant Land,209 Guy Ln,Pottsboro,TX,75076,48900,0,,Brandon V Lake Living,,43560,,64,,,Sold,,,http://www.redfin.com/TX/Pottsboro/209-Guy-Ln-75076/home/33541655,NTREIS,13403661,N,Y,33.8343512,-96.6823645
PAST SALE,February-1-2019,Vacant Land,97520 Preston Bend Rd,Pottsboro,TX,75076,189000,0,,Coffee Holland A-G0274,,145490,,515,,,Sold,,,http://www.redfin.com/TX/Pottsboro/97520-Preston-Bend-Rd-75076/home/33554119,NTREIS,13892373,N,Y,33.883252,-96.639841
PAST SALE,October-25-2019,Vacant Land,0 Wales Dr,Pottsboro,TX,75076,7500,0,,Cambridge Shores,,4748,,249,,,Sold,,,http://www.redfin.com/TX/POTTSBORO/WALES-DR-75076/home/33568596,NTREIS,14049727,N,Y,33.812841,-96.723508
PAST SALE,July-15-2019,Vacant Land,0 SPOUT Spgs,Pottsboro,TX,75076,249000,0,,ROBERT CARSON SURVEY,,871200,,351,,,Sold,,,http://www.redfin.com/TX/POTTSBORO/SPOUT-SPRINGS-RD-75076/home/33570509,NTREIS,14111451,N,Y,33.796268,-96.718992
PAST SALE,July-31-2019,Vacant Land,119 Prairie Mdw,Pottsboro,TX,75076,39000,0,,North Edge Phase VII,,8538,,335,,,Sold,,,http://www.redfin.com/TX/Pottsboro/119-Prairie-MDW-Unknown/home/160755908,NTREIS,14050630,N,Y,33.774559,-96.655281
PAST SALE,July-26-2018,Vacant Land,848 N Hillcrest,Gordonville,TX,76245,2000,0,,Sherwood Shores,,5009,,705,,,Sold,,,http://www.redfin.com/TX/Unknown/N-Hillcrest-Cir-76245/home/145382029,NTREIS,13823230,N,Y,33.855595,-96.80586
