SALE TYPE,SOLD DATE,PROPERTY TYPE,ADDRESS,CITY,STATE OR PROVINCE,ZIP OR POSTAL CODE, PRICE ,BEDS,BATHS,LOCATION,SQUARE FEET,LOT SIZE,ac,$/ac,YEAR BUILT,DAYS ON MARKET,$/SQUARE FEET,HOA/MONTH,STATUS,NEXT OPEN HOUSE START TIME,NEXT OPEN HOUSE END TIME,URL (SEE http://www.redfin.com/buy-a-home/comparative-market-analysis FOR INFO ON PRICING),SOURCE,MLS#,FAVORITE,INTERESTED,LATITUDE,LONGITUDE
PAST SALE,August-28-2018,Vacant Land,5942 State Highway 34 S,Quinlan,TX,75474," $55,000.00 ",0,,Darnell William,,44867,1.03,53398,,609,,,Sold,,,http://www.redfin.com/TX/Quinlan/5942-TX-34-75474/home/33773443,NTREIS,13840169,N,Y,32.982067,-96.109368
PAST SALE,March-21-2019,Vacant Land,3179 County Road 3406,Lone Oak,TX,75453," $99,900.00 ",0,,See Tax,,88427,2.03,49212,1982,404,,,Sold,,,http://www.redfin.com/TX/Lone-Oak/3179-County-Road-3406-75453/home/160520954,NTREIS,14029241,N,Y,32.9725301,-96.0041021
PAST SALE,October-31-2019,Vacant Land,2034 Cholla Ct,Royse City,TX,75189," $72,900.00 ",0,,The Meadows,,71003,1.63,44724,,180,,,Sold,,,http://www.redfin.com/TX/Royse-City/2034-Cholla-Ct-75189/home/33755756,NTREIS,13942563,N,Y,32.961979,-96.233419
PAST SALE,September-13-2018,Vacant Land,Open Water Pt,Quinlan,TX,75474," $89,000.00 ",0,,Nautical Shores Ph 3,,88427,2.03,43842,,593,,50,Sold,,,http://www.redfin.com/TX/Quinlan/Unknown-75474/home/143500781,NTREIS,13699867,N,Y,32.941922,-96.015517
PAST SALE,October-17-2019,Vacant Land,1401 Kaitlynn Ct,Caddo Mills,TX,75135," $65,000.00 ",0,,Branden Maner Ph III,,65340,1.50,43333,,194,,,Sold,,,http://www.redfin.com/TX/Unknown/Kaitlynn-Ct-75135/home/110169488,NTREIS,14174864,N,Y,33.08716,-96.267784
PAST SALE,August-23-2018,Vacant Land,10 County Road 2526,Royse City,TX,75189," $209,900.00 ",0,,The Dominion,,217800,5.00,41980,,614,,31,Sold,,,http://www.redfin.com/TX/Royse-City/10-Unknown/home/145743016,NTREIS,13847315,N,Y,32.954818,-96.207907
PAST SALE,October-10-2019,Vacant Land,4488 County Road 3132 Rd,Lone Oak,TX,75453," $85,000.00 ",0,,Windy Ridge Acres,,90997,2.09,40689,,201,,,Sold,,,http://www.redfin.com/TX/Lone-Oak/4488-County-Road-3132-75453/home/166825580,NTREIS,14098324,N,Y,33.0225174,-95.97564
PAST SALE,August-31-2018,Vacant Land,0 CR 2226,Caddo Mills,TX,75135," $109,700.00 ",0,,McBride Sherwood,,118309,2.72,40390,,606,,,Sold,,,http://www.redfin.com/TX/Unknown/Unknown-75135/home/147404394,NTREIS,13779083,N,Y,33.020567,-96.192209
PAST SALE,June-18-2018,Vacant Land,14 County Road 2526,Royse City,TX,75189," $189,900.00 ",0,,The Dominion,,217800,5.00,37980,,680,,31,Sold,,,http://www.redfin.com/TX/Royse-City/Unknown-Unknown/home/145302673,NTREIS,13815676,N,Y,32.965353,-96.208338
PAST SALE,January-3-2020,Vacant Land,4939 County Road 2632,Caddo Mills,TX,75135," $75,000.00 ",0,,Wheatland Acres Ph I,,87120,2.00,37500,,116,,,Sold,,,http://www.redfin.com/TX/Caddo-Mills/4939-County-Road-2632-75135/home/169231363,NTREIS,14194730,N,Y,33.0096606,-96.2236964
PAST SALE,June-28-2018,Vacant Land,15 County Road 2526,Royse City,TX,75189," $179,900.00 ",0,,The Dominion,,217800,5.00,35980,,670,,31,Sold,,,http://www.redfin.com/TX/Royse-City/15-Unknown/home/145650296,NTREIS,13841758,N,Y,32.963008,-96.208929
PAST SALE,March-5-2020,Ranch,0 County Rd 2726 Rd,Caddo Mills,TX,75135," $74,900.00 ",0,,Sky Meadows Add Ph I,,92347,2.12,35330,,54,,,Sold,,,http://www.redfin.com/TX/Unknown/County-Road-2726-75135/home/160537977,NTREIS,14193455,N,Y,33.139178,-96.254229
PAST SALE,October-31-2018,Vacant Land,10571 County Road 2460,Terrell,TX,75160," $69,900.00 ",0,,Grande Verde II,,87120,2.00,34950,,545,,,Sold,,,http://www.redfin.com/TX/Unknown/Co-Rd-2460-75160/home/33811202,NTREIS,13935626,N,Y,32.846301,-96.277604
PAST SALE,August-1-2018,Vacant Land,FM 1565,Royse City,TX,75189," $78,000.00 ",0,,1565 Hilltop Addition,,98010,2.25,34667,,636,,,Sold,,,http://www.redfin.com/TX/Royse-City/FM1565-Unknown/home/33739029,NTREIS,13549667,N,Y,32.928986,-96.251736
PAST SALE,February-6-2020,Vacant Land,0 County Rd 2460,Terrell,TX,75160," $69,000.00 ",0,,Grande Verde II,,87120,2.00,34500,,82,,,Sold,,,http://www.redfin.com/TX/Unknown/County-Road-2460-75160/home/170149616,NTREIS,14245364,N,Y,32.8479,-96.27696
PAST SALE,March-28-2019,Vacant Land,907 County Road 2738,Caddo Mills,TX,75135," $89,000.00 ",0,,Caddo Creek,,112820,2.59,34363,,397,,,Sold,,,http://www.redfin.com/TX/Caddo-Mills/907-Co-Rd-2738-75135/home/33780325,NTREIS,13948999,N,Y,33.1306903,-96.276828
PAST SALE,March-12-2020,Vacant Land,2525 Hideaway Ln,Quinlan,TX,75474," $85,000.00 ",0,,Hideaway Estates Ph 1 & 2,,108900,2.50,34000,,47,,,Sold,,,http://www.redfin.com/TX/Quinlan/2525-Hideaway-Ln-75474/home/147447936,NTREIS,14254471,N,Y,32.9582541,-96.0462797
PAST SALE,July-16-2018,Vacant Land,4 County Road 2526,Royse City,TX,75189," $169,900.00 ",0,,The Dominion,,217800,5.00,33980,,652,,31,Sold,,,http://www.redfin.com/TX/Royse-City/I-30-75189/home/145580594,NTREIS,13837031,N,Y,32.958514,-96.211245
PAST SALE,July-19-2019,Vacant Land,2213 FM 36,Farmersville,TX,75442," $69,500.00 ",0,,Pecan Meadows,,90605,2.08,33413,,284,,,Sold,,,http://www.redfin.com/TX/Farmersville/2213-Farm-to-Market-36-75442/home/147133117,NTREIS,14049082,N,Y,33.2077446,-96.277893
PAST SALE,September-20-2019,Vacant Land,8076 Bear Hill Rd,Royse City,TX,75189," $79,500.00 ",0,,Bear Hill Acres,,108159,2.48,32018,,221,,,Sold,,,http://www.redfin.com/TX/Royse-City/8076-Bear-Hill-Rd-75189/home/33877796,NTREIS,14176237,N,Y,32.9262912,-96.2804393
PAST SALE,June-8-2018,Vacant Land,3168 County Road 2526,Royse City,TX,75189," $159,900.00 ",0,,The Dominion,,217800,5.00,31980,,690,,31,Sold,,,http://www.redfin.com/TX/Royse-City/3168-Co-Rd-2526-75189/home/45463143,NTREIS,13760357,N,Y,32.959105,-96.2101969
PAST SALE,May-9-2019,Vacant Land,5756 Fm 1569,Farmersville,TX,75442," $99,500.00 ",0,,Pecan Meadows Ph I,,140176,3.22,30920,,355,,,Sold,,,http://www.redfin.com/TX/Farmersville/5756-Farm-to-Market-Road-1569-75442/home/161075738,NTREIS,14058359,N,Y,33.204985,-96.2743546
PAST SALE,September-28-2018,Vacant Land,1006 County Road 2154,Caddo Mills,TX,75135," $119,000.00 ",0,,William Earl Surv Abs #287,,168577,3.87,30749,,578,,,Sold,,,http://www.redfin.com/TX/Caddo-Mills/1006-Co-Rd-2154-75135/home/35603208,NTREIS,13892511,N,Y,33.115397,-96.218769
PAST SALE,May-10-2019,Vacant Land,3001 Blueberry Hill Rd,Greenville,TX,75401," $60,000.00 ",0,,Home Place Estates,,89821,2.06,29098,,354,,,Sold,,,http://www.redfin.com/TX/Greenville/Unknown-Unknown/home/33726253,NTREIS,14014787,N,Y,33.179794,-96.204516
PAST SALE,September-13-2019,Vacant Land,Blue Berry Hill Rd,Greenville,TX,75401," $57,900.00 ",0,,Home Place Estates,,87120,2.00,28950,,228,,,Sold,,,http://www.redfin.com/TX/Greenville/Blue-Berry-Hill-Rd-75402/home/108485738,NTREIS,14009874,N,Y,33.178997,-96.204569
PAST SALE,July-26-2019,Vacant Land,200 FM 1903,Greenville,TX,75402," $115,000.00 ",0,,Greenville Ranch Estates,,173804,3.99,28822,,277,,,Sold,,,http://www.redfin.com/TX/Greenville/200-FM1903-75402/home/33813218,NTREIS,14069009,N,Y,33.0419049,-96.1117225
PAST SALE,February-28-2020,Vacant Land,0 FM 1564,Lone Oak,TX,75453," $55,000.00 ",0,,,,85813,1.97,27919,,60,,,Sold,,,http://www.redfin.com/TX/Lone-Oak/0-Fm-1564-75453/home/147398534,NTREIS,14222524,N,Y,33.018487,-96.083332
PAST SALE,September-20-2019,Vacant Land,Blue Berry Hill Rd,Greenville,TX,75401," $55,000.00 ",0,,Home Place Estates,,87120,2.00,27500,,221,,,Sold,,,http://www.redfin.com/TX/Greenville/3033-Blueberry-Hill-Rd-75401/home/167576944,NTREIS,14132008,N,Y,33.1809142,-96.2052637
PAST SALE,December-21-2018,Vacant Land,Old Mill Rd,Greenville,TX,75402," $55,000.00 ",0,,,,87120,2.00,27500,,494,,,Sold,,,http://www.redfin.com/TX/Greenville/Old-Mill-Rd-75402/home/33735191,NTREIS,13952421,N,Y,33.071502,-96.095308
PAST SALE,July-31-2018,Vacant Land,0 Hickory St,Commerce,TX,75428," $60,000.00 ",0,,NSCO2,,96616,2.22,27051,,637,,,Sold,,,http://www.redfin.com/TX/Commerce/Hickory-St-75428/home/33766549,NTREIS,13639809,N,Y,33.240845,-95.894906
PAST SALE,February-7-2020,Vacant Land,0 Private Road 3842,Quinlan,TX,75474," $53,900.00 ",0,,Meadowcreek Estates,,87120,2.00,26950,,81,,13,Sold,,,http://www.redfin.com/TX/Quinlan/Unknown-75474/home/144582185,NTREIS,14198710,N,Y,32.91794,-96.114631
PAST SALE,September-14-2018,Vacant Land,0 County Rd 2156,Caddo Mills,TX,75135," $78,500.00 ",0,,Fox Prairie Ph 1a,,132161,3.03,25873,,592,,,Sold,,,http://www.redfin.com/TX/Unknown/Unknown-75135/home/146816517,NTREIS,13917608,N,Y,33.10176,-96.233072
PAST SALE,October-4-2018,Vacant Land,5525 County Road 2648,Royse City,TX,75189," $94,900.00 ",0,,Shelby County 96-1,,162914,3.74,25374,1998,572,,,Sold,,,http://www.redfin.com/TX/Royse-City/5525-County-Road-2648-75189/home/146401640,NTREIS,13897081,N,Y,32.9948502,-96.274296
PAST SALE,December-9-2019,Vacant Land,0 Private Road 2737,Caddo Mills,TX,75135," $124,999.00 ",0,,Caddo Creek Ph II,,219978,5.05,24752,,141,,,Sold,,,http://www.redfin.com/TX/Caddo-Mills/Private-Road-2737-75135/home/160673788,NTREIS,14190889,N,Y,33.119331,-96.274288
PAST SALE,June-29-2018,Vacant Land,0 County Road 2646,Royse City,TX,75189," $96,000.00 ",0,,SHELBY COUNTY SCHOOL,,174240,4.00,24000,,669,,,Sold,,,http://www.redfin.com/TX/Royse-City/Co-Rd-2646-75189/home/144904889,NTREIS,13823637,N,Y,32.999908,-96.266184
PAST SALE,October-30-2019,Vacant Land,8758 Crestview Estate Rd,Quinlan,TX,75474," $52,000.00 ",0,,Crestview Estate,,95919,2.20,23615,,181,,7,Sold,,,http://www.redfin.com/TX/Quinlan/8758-Crestview-Estate-Rd-75474/home/33804010,NTREIS,14186757,N,Y,32.899439,-96.103845
PAST SALE,April-25-2019,Vacant Land,0 Private Road 1169,Farmersville,TX,75442," $120,000.00 ",0,,Wagner Sub,,222592,5.11,23483,,369,,,Sold,,,http://www.redfin.com/TX/Farmersville/Private-Road-1169-75442/home/161021523,NTREIS,14057644,N,Y,33.203862,-96.23564
PAST SALE,May-22-2019,Vacant Land,County Road 2748,Caddo Mills,TX,75135," $100,556.00 ",0,,Johnson Hezekiah,,190444,4.37,23000,,342,,,Sold,,,http://www.redfin.com/TX/Caddo-Mills/County-Road-2748-75135/home/150414750,NTREIS,13968076,N,Y,33.151816,-96.278679
PAST SALE,March-22-2019,Vacant Land,8616 County Road 2412,Quinlan,TX,75474," $140,000.00 ",0,,Fort Longhorn Add,,267023,6.13,22838,,403,,,Sold,,,http://www.redfin.com/TX/Quinlan/8616-County-Road-2412-75474/home/160454903,NTREIS,14021481,N,Y,32.895352,-96.215182
PAST SALE,February-5-2020,Vacant Land,4 FM 1903,Caddo Mills,TX,75135," $89,900.00 ",0,,Cedar Estates,,174240,4.00,22475,,83,,,Sold,,,http://www.redfin.com/TX/Caddo-Mills/4-Farm-to-Market-Road-1903-75135/home/168909436,NTREIS,14178152,N,Y,33.042531,-96.166423
PAST SALE,June-14-2019,Vacant Land,10467 Fm 1565,Quinlan,TX,75474," $89,000.00 ",0,,,,174240,4.00,22250,,319,,,Sold,,,http://www.redfin.com/TX/Quinlan/10467-Fm-1565-75474/home/161421917,NTREIS,14031063,N,Y,32.861521,-96.259534
PAST SALE,September-19-2019,Vacant Land,8840 Private Road 3842,Quinlan,TX,75474," $89,900.00 ",0,,Meadowcreek Estates,,176897,4.06,22137,,222,,19,Sold,,,http://www.redfin.com/TX/Quinlan/Unknown-75474/home/59443098,NTREIS,14136002,N,Y,32.909024,-96.116799
PAST SALE,May-24-2018,Vacant Land,9042 Fm 751,Quinlan,TX,75474," $75,000.00 ",0,,West Lake Acres Add,,152460,3.50,21429,,705,,,Sold,,,http://www.redfin.com/TX/Quinlan/9042-FM-751-75474/home/33872352,NTREIS,13776394,N,Y,32.89199,-96.109768
PAST SALE,February-20-2020,Vacant Land,0 Coit Rd,Quinlan,TX,75474," $240,000.00 ",0,,,,501245,11.51,20857,,68,,,Sold,,,http://www.redfin.com/TX/Unknown/Coit-Rd-75474/home/33725985,NTREIS,14097890,N,Y,32.880577,-96.072241
PAST SALE,January-24-2020,Vacant Land,County Rd 2430,Quinlan,TX,75474," $175,000.00 ",0,,,,370260,8.50,20588,,95,,,Sold,,,http://www.redfin.com/TX/Quinlan/County-Rd-2430-75474/home/167579310,NTREIS,14142388,N,Y,32.838714,-96.095032
PAST SALE,June-26-2018,Vacant Land,1196 Deer Ln,Quinlan,TX,75474," $60,000.00 ",0,,James Hamilton,,130680,3.00,20000,,672,,,Sold,,,http://www.redfin.com/TX/Quinlan/1196-Deer-Ln-75474/home/33757744,NTREIS,13827205,N,Y,32.9553811,-96.0690337
PAST SALE,September-25-2019,Vacant Land,8814 Fm 35,Royse City,TX,75474," $55,200.00 ",0,,William Mason Surv Abs #650,,121576,2.79,19778,,216,,,Sold,,,http://www.redfin.com/TX/Royse-City/8814-FM-35-75189/home/35602666,NTREIS,14145728,N,Y,32.9303,-96.2562669
PAST SALE,November-15-2019,Vacant Land,3309 County Road 2182,Greenville,TX,75402," $88,000.00 ",0,,JACKSON EIGHT ADDN,,199940,4.59,19172,,165,,,Sold,,,http://www.redfin.com/TX/Greenville/3309-Co-Rd-2182-75402/home/168912354,NTREIS,14204786,N,Y,33.057519,-96.124644
PAST SALE,April-15-2019,Vacant Land,5048 Private Road 2249,Greenville,TX,75402," $59,900.00 ",0,,A0167 Chaney Stokley Survey,,136256,3.13,19150,,379,,,Sold,,,http://www.redfin.com/TX/Greenville/5048-Private-Road-2249-75402/home/148123091,NTREIS,13972908,N,Y,33.001923,-96.14913
PAST SALE,December-7-2018,Vacant Land,5996 County Road 2646,Royse City,TX,75189," $220,000.00 ",0,,"A0946 SHELBY COUNTY SCHOOL LAND,TRACT 33, ACR",,513137,11.78,18676,,508,,,Sold,,,http://www.redfin.com/TX/Royse-City/5996-Co-Rd-2646-75189/home/35567638,NTREIS,13960282,N,Y,32.987173,-96.269305
PAST SALE,December-13-2019,Vacant Land,3267 County Road 2152,Caddo Mills,TX,75135," $150,000.00 ",0,,Earl William,,355450,8.16,18382,2006,137,,,Sold,,,http://www.redfin.com/TX/Caddo-Mills/3267-County-Road-2152-75135/home/169419459,NTREIS,14202320,N,Y,33.1149965,-96.2153059
PAST SALE,February-22-2019,Vacant Land,7516 County Road 3223,Lone Oak,TX,75453," $55,000.00 ",0,,,,130680,3.00,18333,2000,431,,,Sold,,,http://www.redfin.com/TX/Lone-Oak/7516-Co-Rd-3223-75453/home/33755931,NTREIS,14006785,N,Y,33.0063371,-95.8738645
PAST SALE,February-21-2020,Vacant Land,0 FM 1569,Greenville,TX,75401," $67,900.00 ",0,,Salem Acres,,174240,4.00,16975,,67,,,Sold,,,http://www.redfin.com/TX/Greenville/Farm-to-Market-Road-1569-Unknown/home/169650823,NTREIS,14219435,N,Y,33.169709,-96.151699
PAST SALE,September-27-2018,Vacant Land,7926 State Highway 34 S,Quinlan,TX,75474," $77,500.00 ",0,,Pollett George,,202554,4.65,16667,,579,,,Sold,,,http://www.redfin.com/TX/Quinlan/7926-State-Highway-34-S-75474/home/146262333,NTREIS,13893304,N,Y,32.931638,-96.120759
PAST SALE,August-30-2018,Vacant Land,Timberwood Trl,Quinlan,TX,75474," $67,900.00 ",0,,High Hollows V Sec C,,178030,4.09,16614,,607,,,Sold,,,http://www.redfin.com/TX/Quinlan/Timberwood-Trl-75474/home/145116376,NTREIS,13792576,N,Y,32.979269,-96.179383
PAST SALE,May-31-2019,Vacant Land,0 County Rd 2580,Royse City,TX,75189," $165,000.00 ",0,,,,435600,10.00,16500,,333,,,Sold,,,http://www.redfin.com/TX/Unknown/County-Road-2580-75189/home/148750303,NTREIS,14007396,N,Y,32.933546,-96.271506
PAST SALE,December-27-2019,Vacant Land,4765 County Road 3408,Lone Oak,TX,75453," $90,000.00 ",0,,,,238709,5.48,16423,,123,,,Sold,,,http://www.redfin.com/TX/Lone-Oak/4765-County-Road-3408-75453/home/167267604,NTREIS,14138677,N,Y,32.9771242,-95.9541871
PAST SALE,January-29-2019,Vacant Land,0 County Rd 2727,Caddo Mills,TX,75135," $136,000.00 ",0,,Martin Winnie,,370260,8.50,16000,,455,,,Sold,,,http://www.redfin.com/TX/Unknown/County-Road-2727-75135/home/148032072,NTREIS,13968510,N,Y,33.11798,-96.23789
PAST SALE,February-24-2020,Vacant Land,5450 Private Road 1162,Farmersville,TX,75442," $156,750.00 ",0,,Thomas E. Rowan Survey Abst No 932,,439956,10.10,15520,,64,,,Sold,,,http://www.redfin.com/TX/Farmersville/Unknown-75442/home/35602524,NTREIS,14037870,N,Y,33.174434,-96.283287
PAST SALE,June-25-2019,Vacant Land,0 Private Road 2427,Poetry,TX,75160," $103,000.00 ",0,,Colonial Estates Ph II,,294030,6.75,15259,,308,,,Sold,,,http://www.redfin.com/TX/Poetry/Private-Road-2427-75160/home/163779233,NTREIS,14072729,N,Y,32.864648,-96.240888
PAST SALE,September-7-2018,Vacant Land,0 Fm 35,Quinlan,TX,75474," $120,000.00 ",0,,George L Hurst Surv Abs 435,,344168,7.90,15188,,599,,,Sold,,,http://www.redfin.com/TX/Union-Valley/0-Fm-35-75474/home/104249169,NTREIS,13902720,N,Y,32.903657,-96.037917
PAST SALE,July-30-2019,Vacant Land,8050 Fm 118,Commerce,TX,75428," $129,000.00 ",0,,C A Warfield Surv Abs #1169,,370347,8.50,15173,,273,,,Sold,,,http://www.redfin.com/TX/Commerce/8050-FM118-75428/home/35602206,NTREIS,14066864,N,Y,33.26412,-96.0136434
PAST SALE,September-4-2018,Vacant Land,0 Private Rd 1169,Farmersville,TX,75442," $60,000.00 ",0,,Wagner Sub,,174240,4.00,15000,,602,,,Sold,,,http://www.redfin.com/TX/Farmersville/Private-Rd-1169-75442/home/146681106,NTREIS,13912276,N,Y,33.203862,-96.23564
PAST SALE,March-1-2019,Vacant Land,10050 County Rd 2448,Royse City,TX,75189," $169,500.00 ",0,,Hidden Oaks Estates # II,,499633,11.47,14778,,424,,,Sold,,,http://www.redfin.com/TX/Royse-City/10050-County-Road-2448-75189/home/146029120,NTREIS,13989526,N,Y,32.863217,-96.2823049
PAST SALE,February-17-2020,Vacant Land,2076 County Road 1032,Greenville,TX,75401," $124,900.00 ",0,,,,369258,8.48,14734,,71,,,Sold,,,http://www.redfin.com/TX/Greenville/2076-Co-Rd-1032-75401/home/33714843,NTREIS,14252345,N,Y,33.196019,-96.138593
PAST SALE,October-9-2018,Vacant Land,Private Road 2739,Caddo Mills,TX,75135," $125,000.00 ",0,,Caddo Creek,,377665,8.67,14418,,567,,,Sold,,,http://www.redfin.com/TX/Caddo-Mills/1159-Private-Road-2739-75135/home/143082238,NTREIS,13804973,N,Y,33.1296015,-96.2704041
PAST SALE,July-25-2019,Vacant Land,0 Private Road 2203,Quinlan,TX,75474," $164,000.00 ",0,,,,505296,11.60,14138,,278,,,Sold,,,http://www.redfin.com/TX/Quinlan/Private-Road-2203-75474/home/148725921,NTREIS,14004770,N,Y,32.90619,-96.147958
PAST SALE,February-4-2019,Vacant Land,0 FM 36S,Caddo Mills,TX,75135," $150,000.00 ",0,,James Lea,,466963,10.72,13993,,449,,,Sold,,,http://www.redfin.com/TX/Caddo-Mills/FM-36S-75135/home/148606848,NTREIS,13998877,N,Y,33.12054,-96.237222
PAST SALE,December-6-2019,Vacant Land,1996 FM 1564 W,Caddo Mills,TX,75135," $159,500.00 ",0,,J Hart Surv Abs 481,,497020,11.41,13979,,144,,,Sold,,,http://www.redfin.com/TX/Caddo-Mills/1996-FM-1564-75135/home/143869588,NTREIS,14178507,N,Y,33.0093792,-96.1675853
PAST SALE,January-8-2020,Vacant Land,0 County Rd 3616,Quinlan,TX,75474," $125,000.00 ",0,,,,392040,9.00,13889,,111,,,Sold,,,http://www.redfin.com/TX/Unknown/County-Road-3616-75474/home/168622943,NTREIS,14158043,N,Y,32.888616,-96.062077
PAST SALE,October-23-2019,Vacant Land,11 CR 1096,Celeste,TX,75423," $145,000.00 ",0,,James W. Harrison,,462607,10.62,13653,,188,,,Sold,,,http://www.redfin.com/TX/Celeste/11-CR-1096-75423/home/169200791,NTREIS,14191869,N,Y,33.26661,-96.247527
PAST SALE,April-13-2020,Vacant Land,2764 County Road 2134,Caddo Mills,TX,75135," $95,000.00 ",0,,NO,,304920,7.00,13571,,15,,,Sold,,,http://www.redfin.com/TX/Caddo-Mills/2764-Co-Rd-2134-75135/home/35532691,NTREIS,14286749,N,Y,33.063573,-96.185328
PAST SALE,March-26-2020,Vacant Land,11012 County Road 2316,Terrell,TX,75160," $211,000.00 ",0,,A0942 Santos joseph,,683979,15.70,13438,,33,,,Sold,,,http://www.redfin.com/TX/Terrell/11012-Co-Rd-2316-75160/home/35553175,NTREIS,14285743,N,Y,32.8574426,-96.2087924
PAST SALE,January-17-2020,Vacant Land,4039 County Road 4119,Campbell,TX,75422," $59,500.00 ",0,,Hartline Addition,,197065,4.52,13152,,102,,,Sold,,,http://www.redfin.com/TX/Campbell/4039-Co-Rd-4119-75422/home/33769304,NTREIS,14198550,N,Y,33.1499581,-95.9073992
PAST SALE,August-23-2018,Vacant Land,0 FM 1903,Caddo Mills,TX,75135," $65,000.00 ",0,,A1142 WILSON WILLIAM TRACT 9-1,,217800,5.00,13000,,614,,,Sold,,,http://www.redfin.com/TX/Caddo-Mills/2226-Farm-to-Market-Road-1903-75135/home/146261997,NTREIS,13893131,N,Y,33.043494,-96.1778339
PAST SALE,October-1-2018,Vacant Land,1832 County Road 4201,Commerce,TX,75428," $99,500.00 ",0,,,,333887,7.66,12981,,575,,,Sold,,,http://www.redfin.com/TX/Commerce/1832-County-Road-4201-75428/home/146510489,NTREIS,13910151,N,Y,33.188638,-96.021166
PAST SALE,August-8-2018,Vacant Land,CR2512,Quinlan,TX,75474," $94,000.00 ",0,,High Hollows V Sec C,,323346,7.42,12663,,629,,,Sold,,,http://www.redfin.com/TX/Quinlan/Co-Rd-2512-75474/home/145116377,NTREIS,13792647,N,Y,32.980867,-96.180895
PAST SALE,July-13-2018,Vacant Land,9370 Long Allen Trl,Quinlan,TX,75474," $65,000.00 ",0,,,,226033,5.19,12526,,655,,,Sold,,,http://www.redfin.com/TX/Quinlan/9370-Long-Allen-Trl-75474/home/35602637,NTREIS,13825381,N,Y,32.8895431,-96.0759245
PAST SALE,November-8-2018,Vacant Land,7026 S US HIGHWAY 69,Lone Oak,TX,75453," $250,000.00 ",0,,,,871200,20.00,12500,,537,,,Sold,,,http://www.redfin.com/TX/Lone-Oak/7026-US-69-75453/home/35603412,NTREIS,13929705,N,Y,33.0088952,-95.9541205
PAST SALE,January-28-2019,Vacant Land,6288 County Road 4717,Commerce,TX,75428," $81,250.00 ",0,,"SADLER J C,TRACT",,283140,6.50,12500,,456,,,Sold,,,http://www.redfin.com/TX/Commerce/6288-Co-Rd-4717-75428/home/33780218,NTREIS,13990610,N,Y,33.3113099,-95.9563788
PAST SALE,February-28-2020,Vacant Land,10 CR 1106,Celeste,TX,75423," $121,200.00 ",0,,Charles Douglas,,439956,10.10,12000,,60,,,Sold,,,http://www.redfin.com/TX/Celeste/10-CR-1106-75423/home/170335330,NTREIS,14263291,N,Y,33.241007,-96.270247
PAST SALE,September-14-2018,Vacant Land,I-30,Campbell,TX,75422," $120,000.00 ",0,,GLASS WM,,435600,10.00,12000,,592,,,Sold,,,http://www.redfin.com/TX/Campbell/I-30-Unknown/home/33731133,NTREIS,13852165,N,Y,33.132973,-95.901013
PAST SALE,October-25-2018,Vacant Land,Tract 11-3 Hwy 34,Greenville,TX,75402," $60,000.00 ",,,Rueben Barker Survey,,217844,5.00,11998,,551,,,Sold,,,http://www.redfin.com/TX/Greenville/Tract-11-3-Hwy-34-75402/home/146169598,HARMLS,32845871,N,Y,33.070882,-96.109533
PAST SALE,July-30-2018,Vacant Land,0 County Road 2620,Caddo Mills,TX,75135," $65,000.00 ",0,,no,,239580,5.50,11818,,638,,,Sold,,,http://www.redfin.com/TX/Unknown/Unknown-75135/home/146003165,NTREIS,13861218,N,Y,33.036551,-96.22307
PAST SALE,January-8-2019,Vacant Land,County Rd 3318,Greenville,TX,75402," $132,000.00 ",0,,William Downing,,486739,11.17,11813,,476,,,Sold,,,http://www.redfin.com/TX/Unknown/Unknown-75402/home/148154046,NTREIS,13975014,N,Y,33.039325,-96.104669
PAST SALE,July-19-2019,Vacant Land,County Rd 1001,Greenville,TX,75401," $70,000.00 ",0,,Tedwill Esram 36-3,,261360,6.00,11667,,284,,,Sold,,,http://www.redfin.com/TX/Unknown/County-Road-1001-75401/home/167076521,NTREIS,14112308,N,Y,33.211706,-96.127971
PAST SALE,February-21-2020,Vacant Land,995 County Road 5075 Lot 2,Leonard,TX,75452," $115,938.00 ",0,,Moore Martin,,443005,10.17,11400,,67,,,Sold,,,http://www.redfin.com/TX/Leonard/995-County-Road-5075-75452/unit-2/home/166588752,NTREIS,14221802,N,Y,33.3528978,-96.23742
PAST SALE,May-1-2019,Vacant Land,8591 County Road 3602,Quinlan,TX,75474," $160,000.00 ",0,,Trail Dust Estates West,,628658,14.43,11086,,363,,,Sold,,,http://www.redfin.com/TX/Quinlan/8591-Co-Rd-3602-75474/home/40134440,NTREIS,14026868,N,Y,32.918065,-96.1207938
PAST SALE,July-9-2019,Vacant Land,0 S Hwy 34,Greenville,TX,75402," $320,000.00 ",,,Lot,,1260191,28.93,11061,,294,,,Sold,,,http://www.redfin.com/TX/Greenville/Unknown-75402/home/167019607,HARMLS,26027725,N,Y,33.028376,-96.107559
PAST SALE,January-3-2019,Vacant Land,4496 Rocky Rd,Royse City,TX,75189," $110,000.00 ",0,,Sabine Valley Acres,,435600,10.00,11000,,481,,,Sold,,,http://www.redfin.com/TX/Royse-City/4496-Rocky-Rd-75189/home/146088811,NTREIS,13873564,N,Y,32.9143871,-96.2768902
PAST SALE,March-22-2019,Vacant Land,0 Fm 2874,Commerce,TX,75428," $193,230.00 ",0,,,,766046,17.59,10988,,403,,,Sold,,,http://www.redfin.com/TX/Commerce/Farm-to-Market-Road-2874-Unknown/home/147799041,NTREIS,13907778,N,Y,33.2287,-95.978569
PAST SALE,August-22-2019,Vacant Land,995 County Road 5075 Lot 1,Leonard,TX,75452," $115,649.00 ",0,,Moore Martin,,462172,10.61,10900,,250,,,Sold,,,http://www.redfin.com/TX/Leonard/995-County-Road-5075-75452/unit-1/home/166588751,NTREIS,14079873,N,Y,33.3528978,-96.23742
PAST SALE,April-2-2019,Vacant Land,13 CR 1110,Farmersville,TX,75442," $109,000.00 ",0,,Roosevelt Estate,,444748,10.21,10676,,392,,,Sold,,,http://www.redfin.com/TX/Farmersville/13-CR-1110-75442/home/148424226,NTREIS,13982401,N,Y,33.214948,-96.257748
PAST SALE,April-8-2019,Vacant Land,5 CR 1110,Farmersville,TX,75442," $109,000.00 ",0,,Roosevelt Estate,,446490,10.25,10634,,386,,,Sold,,,http://www.redfin.com/TX/Farmersville/5th-St-75442/home/33719033,NTREIS,13960734,N,Y,33.21851,-96.286977
PAST SALE,February-13-2020,Vacant Land,CR 1145,Celeste,TX,75423," $105,105.00 ",0,,Moore Martin,,435644,10.00,10509,,75,,,Sold,,,http://www.redfin.com/TX/Celeste/CR-1145-75423/home/169120271,NTREIS,14188245,N,Y,33.33626,-96.22482
PAST SALE,October-24-2018,Vacant Land,20 Fm 751,Quinlan,TX,75474," $200,000.00 ",0,,Rease Price,,831996,19.10,10471,,552,,,Sold,,,http://www.redfin.com/TX/Quinlan/20-Farm-to-Market-Road-751-75474/home/146198250,NTREIS,13886277,N,Y,32.9017861,-96.1091241
PAST SALE,November-7-2018,Vacant Land,,Caddo Mills,TX,75135," $205,000.00 ",0,,Una Lago Estates,,864230,19.84,10333,,538,,,Sold,,,http://www.redfin.com/TX/Caddo-Mills/Undisclosed-address-75135/home/143417665,NTREIS,13680001,N,Y,33.0238351,-96.1653964
PAST SALE,February-11-2019,Vacant Land,5415 County Road 3229,Lone Oak,TX,75453," $61,900.00 ",0,,,,269636,6.19,10000,,442,,,Sold,,,http://www.redfin.com/TX/Lone-Oak/5415-Co-Rd-3229-75453/home/33784993,NTREIS,14001259,N,Y,33.0006995,-95.9307022
PAST SALE,May-15-2019,Vacant Land,10 Deer Park,Quinlan,TX,75474," $88,000.00 ",0,,Rease Price,,383328,8.80,10000,,349,,,Sold,,,http://www.redfin.com/TX/Unknown/10-Deer-Park-Rd-75474/home/148613079,NTREIS,13998307,N,Y,32.881765,-96.102513
PAST SALE,November-19-2019,Vacant Land,2026 County Road 2320,Terrell,TX,75160," $150,000.00 ",0,,Whispering Oaks Ph IV,,653836,15.01,9993,,161,,,Sold,,,http://www.redfin.com/TX/Terrell/2026-Co-Rd-2320-75160/home/35604237,NTREIS,14153669,N,Y,32.8816739,-96.208258
PAST SALE,May-7-2018,Vacant Land,0 CR 3509,Quinlan,TX,75474," $99,900.00 ",0,,SUNSET ESTATE ADDITION,,435600,10.00,9990,,722,,,Sold,,,http://www.redfin.com/TX/Unknown/Unknown-75474/home/145134016,NTREIS,13796927,N,Y,32.985234,-96.068004
PAST SALE,October-5-2018,Vacant Land,0 Hwy 34 Hwy,Quinlan,TX,75474," $170,000.00 ",0,,MCCASLAND JAMES A F,,745137,17.11,9938,,571,,,Sold,,,http://www.redfin.com/TX/Quinlan/Unknown-Unknown/home/146200224,NTREIS,13843290,N,Y,32.924676,-96.122824
PAST SALE,November-27-2019,Vacant Land,0 Private Road 1162,Farmersville,TX,75442," $100,000.00 ",0,,A0932 ROWAN THOMAS E,,439956,10.10,9901,,153,,,Sold,,,http://www.redfin.com/TX/Farmersville/Private-Road-1162-75442/home/168698255,NTREIS,14160400,N,Y,33.173125,-96.27957
PAST SALE,February-7-2020,Vacant Land,995 County Road 5075 Lot 5,Leonard,TX,75452," $100,881.00 ",0,,Moore Martin,,443876,10.19,9900,,81,,,Sold,,,http://www.redfin.com/TX/Leonard/995-County-Road-5075-75452/unit-5/home/166591337,NTREIS,14079915,N,Y,33.3528978,-96.23742
PAST SALE,January-16-2020,Vacant Land,995 County Road 5075 Lot 6,Leonard,TX,75452," $119,592.00 ",0,,Moore Martin,,526205,12.08,9900,,103,,,Sold,,,http://www.redfin.com/TX/Leonard/995-County-Road-5075-75452/unit-6/home/166591779,NTREIS,14079919,N,Y,33.3528978,-96.23742
PAST SALE,October-30-2019,Vacant Land,995 County Road 5075 Unit 24 AC,Leonard,TX,75452," $246,169.00 ",0,,Moore Martin,,1088564,24.99,9851,,181,,,Sold,,,http://www.redfin.com/TX/Leonard/995-County-Road-5075-75452/unit-24-AC/home/168900341,NTREIS,14171235,N,Y,33.3528978,-96.23742
PAST SALE,October-17-2018,Vacant Land,0 S Fm 513,Lone Oak,TX,75453," $97,900.00 ",0,,Murry Bateman,,440304,10.11,9685,,559,,,Sold,,,http://www.redfin.com/TX/Lone-Oak/Unknown-Unknown/home/146438810,NTREIS,13773642,N,Y,32.991896,-95.936514
PAST SALE,January-8-2019,Vacant Land,3 CR 1110,Farmersville,TX,75442," $99,000.00 ",0,,Roosevelt Estate,,446054,10.24,9668,,476,,,Sold,,,http://www.redfin.com/TX/Farmersville/3-CR-1110-75442/home/147819977,NTREIS,13960724,N,Y,33.219714,-96.257973
PAST SALE,July-9-2018,Vacant Land,0 Fm 2101,Quinlan,TX,75474," $98,900.00 ",0,,James Hamilton,,448668,10.30,9602,,659,,,Sold,,,http://www.redfin.com/TX/Quinlan/FM2101-75474/home/33866569,NTREIS,13849206,N,Y,32.961321,-96.04019
PAST SALE,May-13-2019,Vacant Land,1 CR 1110,Farmersville,TX,75442," $99,000.00 ",0,,Roosevelt Estate,,453024,10.40,9519,,351,,,Sold,,,http://www.redfin.com/TX/Farmersville/1-CR-1110-75442/home/147816737,NTREIS,13960472,N,Y,33.219785,-96.258076
PAST SALE,February-4-2019,Vacant Land,0 COUNTY RD 3216,Lone Oak,TX,75453," $190,000.00 ",0,,A0844 PRICE ISAAC,,871200,20.00,9500,,449,,,Sold,,,http://www.redfin.com/TX/Unknown/Co-Rd-3216-75453/home/147710349,NTREIS,13956647,N,Y,33.037956,-95.883227
PAST SALE,April-23-2019,Vacant Land,0 Fm 1571,Lone Oak,TX,75453," $79,900.00 ",0,,Orig Town Of Lone Oak,,371088,8.52,9379,,371,,,Sold,,,http://www.redfin.com/TX/Lone-Oak/Unknown-75453/home/160365745,NTREIS,14014061,N,Y,32.991755,-95.948346
PAST SALE,June-10-2019,Vacant Land,5429 FM 118,Greenville,TX,75401," $70,000.00 ",0,,Greenville,,326700,7.50,9333,,323,,,Sold,,,http://www.redfin.com/TX/Greenville/5429-Farm-to-Market-Road-118-75401/home/160444746,NTREIS,14020466,N,Y,33.2234387,-96.0596562
PAST SALE,September-16-2019,Vacant Land,0 County Rd 3609,Quinlan,TX,75474," $53,394.00 ",0,,Tri-Vet Sec 1,,254608,5.84,9135,,225,,,Sold,,,http://www.redfin.com/TX/Unknown/County-Road-3609-75474/home/168659237,NTREIS,14163416,N,Y,32.903348,-96.064658
PAST SALE,February-19-2020,Vacant Land,12 CR 1079,Greenville,TX,75401," $108,000.00 ",0,,A0654 Moore James,,522720,12.00,9000,,69,,,Sold,,,http://www.redfin.com/TX/Unknown/12-County-Road-1079-75401/home/167106041,NTREIS,14183303,N,Y,33.208531,-96.151074
PAST SALE,October-30-2019,Vacant Land,995 County Road 5075 Lot 3,Leonard,TX,75452," $90,513.00 ",0,,Moore Martin,,443005,10.17,8900,,181,,,Sold,,,http://www.redfin.com/TX/Leonard/995-County-Road-5075-75452/unit-3/home/166591137,NTREIS,14079894,N,Y,33.3528978,-96.23742
PAST SALE,October-10-2018,Vacant Land,7382 S Fm 36,Quinlan,TX,75474," $195,000.00 ",0,,,,966727,22.19,8787,1974,566,,,Sold,,,http://www.redfin.com/TX/Quinlan/7382-FM-36-75474/home/35603549,NTREIS,13713146,N,Y,32.9372957,-96.1677889
PAST SALE,March-27-2019,Vacant Land,County Rd 1033,Celeste,TX,75423," $70,000.00 ",0,,,,348480,8.00,8750,,398,,,Sold,,,http://www.redfin.com/TX/Celeste/County-Rd-1033-75423/home/109500651,NTREIS,14029581,N,Y,33.254675,-96.122436
PAST SALE,January-23-2020,Vacant Land,County Road 3101,Greenville,TX,75402," $65,000.00 ",0,,Stokes Farm Addition,,326700,7.50,8667,,96,,,Sold,,,http://www.redfin.com/TX/Greenville/County-Road-3101-75402/home/170285794,NTREIS,14259909,N,Y,33.127953,-96.054385
PAST SALE,February-26-2020,Vacant Land,0 County Road 1019,Wolfe City,TX,75496," $82,000.00 ",0,,,,435600,10.00,8200,,62,,,Sold,,,http://www.redfin.com/TX/Wolfe-City/County-Road-1019-75496/home/170542696,NTREIS,14278031,N,Y,33.320851,-96.133739
PAST SALE,February-27-2019,Vacant Land,10 AC TBD CR 4306 TR A,Greenville,TX,75401," $79,500.00 ",0,,,,436036,10.01,7942,,426,,,Sold,,,http://www.redfin.com/TX/Unknown/10-County-Road-4306-75401/home/148532037,NTREIS,13990136,N,Y,33.218808,-96.048649
PAST SALE,October-24-2019,Vacant Land,10 CR 1089,Celeste,TX,75423," $79,900.00 ",0,,W R Legg,,439956,10.10,7911,,187,,,Sold,,,http://www.redfin.com/TX/Celeste/10-CR-1089-75423/home/169055112,NTREIS,14184668,N,Y,33.261818,-96.215631
PAST SALE,October-5-2018,Vacant Land,36 COUNTY RD 1143,Leonard,TX,75452," $79,000.00 ",0,,Lincoln Estates,,435644,10.00,7899,,571,,,Sold,,,http://www.redfin.com/TX/Leonard/36-COUNTY-RD-1143-75452/home/146795434,NTREIS,13918875,N,Y,33.345484,-96.224791
PAST SALE,September-30-2019,Vacant Land,37 COUNTY RD 1143,Leonard,TX,75452," $79,000.00 ",0,,Lincoln Estates,,435644,10.00,7899,,211,,,Sold,,,http://www.redfin.com/TX/Leonard/37-COUNTY-RD-1143-75452/home/146795346,NTREIS,13918861,N,Y,33.3466,-96.224583
PAST SALE,July-13-2018,Vacant Land,1573 SIGNAL,Quinlan,TX,75474," $117,500.00 ",0,,Sunset Estate Add,,653400,15.00,7833,,655,,,Sold,,,http://www.redfin.com/TX/Quinlan/1573-Signal-Rd-75474/home/145754775,NTREIS,13849614,N,Y,32.9832332,-96.0645492
PAST SALE,July-12-2019,Vacant Land,Hwy 34,Quinlan,TX,75474," $200,000.00 ",0,,"Jos S. Irvine,",,1112305,25.54,7832,,291,,,Sold,,,http://www.redfin.com/TX/Quinlan/Unknown-Unknown/home/166803986,NTREIS,14096590,N,Y,32.841245,-96.162778
PAST SALE,October-10-2018,Vacant Land,0 County Rd 2126,Greenville,TX,75401," $139,900.00 ",0,,William Paris,,795406,18.26,7662,,566,,,Sold,,,http://www.redfin.com/TX/Greenville/0-County-Rd-2126-75401/home/103638186,NTREIS,13738849,N,Y,33.07804678,-96.12014949
PAST SALE,August-27-2018,Vacant Land,30 Kuykendall St,Quinlan,TX,75474," $225,000.00 ",0,,Issac Hamby,,1306800,30.00,7500,,610,,,Sold,,,http://www.redfin.com/TX/Quinlan/30-N-Kuykendall-St-75474/home/146431168,NTREIS,13901700,N,Y,32.9111649,-96.1333925
PAST SALE,September-28-2018,Vacant Land,10 Acres Hwy. 11,Commerce,TX,75428," $75,000.00 ",0,,G H Moore,,435600,10.00,7500,,578,,,Sold,,,http://www.redfin.com/TX/Commerce/10-Unknown/home/146050705,NTREIS,13867972,N,Y,33.288569,-95.936648
PAST SALE,March-6-2020,Vacant Land,County Road 3707,Wills Point,TX,75169," $69,000.00 ",0,,,,435600,10.00,6900,,53,,,Sold,,,http://www.redfin.com/TX/Unknown/County-Road-3707-75169/home/169592045,NTREIS,14079914,N,Y,32.84876,-96.032906
PAST SALE,April-30-2019,Vacant Land,10 County Road 4606,Commerce,TX,75428," $69,900.00 ",0,,Hanks,,448668,10.30,6786,,364,,,Sold,,,http://www.redfin.com/TX/Unknown/10-County-Road-4606-75428/home/160930452,NTREIS,14055376,N,Y,33.292515,-95.940787
PAST SALE,June-4-2018,Vacant Land,Hwy 66,Royse City,TX,75189," $175,000.00 ",0,,"A0188 J Stephenson, Tract 27-1, Acres 26.83",,1168715,26.83,6523,,694,,,Sold,,,http://www.redfin.com/TX/Royse-City/Unknown-Unknown/home/147434726,NTREIS,13757640,N,Y,33.017938,-96.281694
PAST SALE,April-3-2019,Vacant Land,County Rd 4205,Campbell,TX,75422," $65,000.00 ",0,,MCCHRISTIAN ANTHONY,,435252,9.99,6505,,391,,,Sold,,,http://www.redfin.com/TX/Campbell/County-Road-4205-75422/home/160740721,NTREIS,14049539,N,Y,33.167698,-95.964769
PAST SALE,June-20-2019,Vacant Land,32 County Rd 1092,Celeste,TX,75423," $188,800.00 ",0,,Coolidge Estates,,1393920,32.00,5900,,313,,,Sold,,,http://www.redfin.com/TX/Unknown/32-County-Road-1092-75423/home/148564968,NTREIS,13994475,N,Y,33.28997,-96.224214
PAST SALE,December-17-2019,Vacant Land,CR 1091,Celeste,TX,75423," $76,700.00 ",0,,Coolidge Estates,,566280,13.00,5900,,133,,,Sold,,,http://www.redfin.com/TX/Celeste/CR-1091-75423/home/163558343,NTREIS,14144119,N,Y,33.287396,-96.220144
PAST SALE,September-6-2019,Vacant Land,38 County Rd 4615,Wolfe City,TX,75496," $220,000.00 ",0,,Jesse Farrell Surv Abs 327,,1684117,38.66,5690,,235,,,Sold,,,http://www.redfin.com/TX/Wolfe-City/38-County-Road-4615-75496/home/166468049,NTREIS,14088771,N,Y,33.2850557,-96.0692118
PAST SALE,May-20-2019,Vacant Land,4923 Private Road 2671,Royse City,TX,75189," $84,999.00 ",0,,A0946 Shelby,,653400,15.00,5667,,344,,,Sold,,,http://www.redfin.com/TX/Royse-City/4923-Private-Rd-2671-75189/home/57205218,NTREIS,14034675,N,Y,33.0387806,-96.2708913
PAST SALE,November-15-2019,Vacant Land,9157 Private Road 2320,Terrell,TX,75160," $125,000.00 ",0,,Whispering Oaks Ph III,,1061122,24.36,5131,,165,,,Sold,,,http://www.redfin.com/TX/Terrell/9157-Private-Road-2320-Unknown/home/148705143,NTREIS,13999723,N,Y,32.882036,-96.199632
PAST SALE,September-28-2018,Vacant Land,0 Simmons Dr,Cumby,TX,75433," $69,100.00 ",0,,Turkey Creek Estates,,601999,13.82,5000,,578,,,Sold,,,http://www.redfin.com/TX/Cumby/0-Simmons-Dr-75433/home/145880875,NTREIS,13854113,N,Y,33.078828,-95.874271
PAST SALE,June-19-2018,Vacant Land,0 County Rd 4308,Greenville,TX,75401," $125,000.00 ",0,,Robinson Ranch,,1089000,25.00,5000,,679,,,Sold,,,http://www.redfin.com/TX/Unknown/Unknown-75401/home/147401039,NTREIS,13792550,N,Y,33.212475,-96.041648
PAST SALE,October-3-2019,Vacant Land,2580 PR 1180,Celeste,TX,75423," $196,000.00 ",0,,,,1742400,40.00,4900,,208,,,Sold,,,http://www.redfin.com/TX/Celeste/2580-Private-Road-1180-75423/home/165445309,NTREIS,14085181,N,Y,33.2708306,-96.1890618
PAST SALE,January-17-2020,Vacant Land,0 Hwy 34,Quinlan,TX,75474," $84,900.00 ",0,,,,895506,20.56,4130,,102,,,Sold,,,http://www.redfin.com/TX/Quinlan/Unknown-Unknown/home/170121078,NTREIS,14243403,N,Y,32.885669,-96.141369
PAST SALE,April-30-2018,Vacant Land,County Road 4133,Cumby,TX,75433," $82,800.00 ",0,,H. Parsons Survey,,901692,20.70,4000,,729,,,Sold,,,http://www.redfin.com/TX/Cumby/Co-Rd-4133-75433/home/145165637,NTREIS,13798258,N,Y,33.087962,-95.865242
PAST SALE,February-19-2020,Vacant Land,0 Brooke St,Greenville,TX,75401," $32,500.00 ",0,,Gabe Estates,,8407,0.19,168395,,69,,,Sold,,,http://www.redfin.com/TX/GREENVILLE/BROOKE-ST-75401/home/33749619,NTREIS,14276276,N,Y,33.0665,-96.087476
PAST SALE,November-18-2019,Vacant Land,2511 State Highway 66,Caddo Mills,TX,75135," $36,500.00 ",0,,NO,,9453,0.22,168194,,162,,,Sold,,,http://www.redfin.com/TX/Caddo-Mills/2511-Hwy-66-75135/home/33790785,NTREIS,14211287,N,Y,33.068631,-96.2238409
PAST SALE,February-8-2019,Vacant Land,0 Royal St,Wills Point,TX,75169," $31,000.00 ",0,,Blue Haven Estate,,10019,0.23,134780,,445,,,Sold,,,http://www.redfin.com/TX/Wills-Point/Unknown-75169/home/33790523,NTREIS,14014246,N,Y,32.855649,-96.039306
PAST SALE,June-3-2019,Vacant Land,2314 Mayo St,Commerce,TX,75428," $37,500.00 ",0,,College Add Of Commerce,,13024,0.30,125422,,330,,,Sold,,,http://www.redfin.com/TX/Commerce/2314-Mayo-St-75428/home/33795847,NTREIS,14079923,N,Y,33.2404815,-95.9038088
PAST SALE,January-29-2020,Vacant Land,4121 Stonewall St,Greenville,TX,75401," $23,000.00 ",0,,Orig Town Of Greenville,,8451,0.19,118552,,90,,,Sold,,,http://www.redfin.com/TX/Greenville/4121-Stonewall-St-75401/home/33842837,NTREIS,14253745,N,Y,33.1273709,-96.107148
PAST SALE,March-4-2020,Vacant Land,9971 Brinwood Dr,Wills Point,TX,75169," $25,500.00 ",0,,Brinwood Shores Add Sec B,,9496,0.22,116973,1972,55,,8,Sold,,,http://www.redfin.com/TX/Wills-Point/9971-Brinwood-Dr-75169/home/33793241,NTREIS,14276169,N,Y,32.863541,-96.04585
PAST SALE,March-26-2020,Vacant Land,0 Stonewall St,Greenville,TX,75401," $35,000.00 ",0,,Orig Town Of Greenville,,15682,0.36,97220,,33,,,Sold,,,http://www.redfin.com/TX/GREENVILLE/STONEWALL-ST-75401/home/33845594,NTREIS,14282442,N,Y,33.145683,-96.107387
PAST SALE,February-17-2020,Vacant Land,4401 Washington St,Greenville,TX,75401," $35,000.00 ",0,,College Hill Addition,,16030,0.37,95109,,71,,,Sold,,,http://www.redfin.com/TX/Greenville/4401-Washington-St-75401/home/33798022,NTREIS,14260470,N,Y,33.1389202,-96.126528
PAST SALE,February-13-2020,Vacant Land,2306 Gilmer St,Caddo Mills,TX,75135," $19,900.00 ",0,,Catherine Havins Survey,,9148,0.21,94758,,75,,,Sold,,,http://www.redfin.com/TX/Caddo-Mills/2306-Gilmer-St-75135/home/33771310,NTREIS,14264498,N,Y,33.065115,-96.229072
PAST SALE,October-12-2018,Vacant Land,1703 Washington St,Commerce,TX,75428," $20,000.00 ",0,,Orig Town Of Commerce,,9496,0.22,91744,,564,,,Sold,,,http://www.redfin.com/TX/Commerce/1703-Washington-St-75428/home/33838934,NTREIS,13936451,N,Y,33.2459254,-95.9005909
PAST SALE,September-4-2018,Vacant Land,0 Rodeo Dr,Quinlan,TX,75474," $20,000.00 ",0,,Sunset Shores,,9670,0.22,90093,,602,,,Sold,,,http://www.redfin.com/TX/Quinlan/2665-Rodeo-Dr-75474/home/33726527,NTREIS,13900967,N,Y,32.853955,-96.064672
PAST SALE,May-17-2018,Vacant Land,1206 Speedway St,Greenville,TX,75401," $18,500.00 ",0,,Sayle Drive Add,,9017,0.21,89371,,712,,,Sold,,,http://www.redfin.com/TX/Greenville/1206-Speedway-St-75401/home/33862394,NTREIS,13788651,N,Y,33.148953,-96.121484
PAST SALE,September-4-2018,Vacant Land,0 Rodeo Dr,Quinlan,TX,75474," $20,000.00 ",0,,Sunset Shores,,10367,0.24,84036,,602,,,Sold,,,http://www.redfin.com/TX/Quinlan/2657-Rodeo-Dr-75474/home/33726525,NTREIS,13900922,N,Y,32.854123,-96.064458
PAST SALE,September-17-2019,Vacant Land,4227 Washington,Greenville,TX,75401," $18,500.00 ",0,,West Hill Additiona,,9670,0.22,83336,,224,,,Sold,,,http://www.redfin.com/TX/Greenville/4227-Washington-St-75401/home/33872308,NTREIS,14146969,N,Y,33.138753,-96.124685
PAST SALE,July-9-2019,Vacant Land,Kitsee Knoll Way,Quinlan,TX,75474," $44,900.00 ",0,,Kitsee Knoll Estates,,23827,0.55,82085,,294,,10,Sold,,,http://www.redfin.com/TX/Unknown/Kitsee-Knoll-Way-75474/home/33710097,NTREIS,14073761,N,Y,32.849487,-96.075843
PAST SALE,March-6-2020,Vacant Land,Kuykendall St,Quinlan,TX,75474," $15,500.00 ",0,,Quinlan Oaks,,8407,0.19,80312,,53,,,Sold,,,http://www.redfin.com/TX/Quinlan/N-Kuykendall-St-75474/home/33855278,NTREIS,14245568,N,Y,32.910547,-96.133543
PAST SALE,March-6-2020,Vacant Land,Seay Ln,Quinlan,TX,75474," $15,500.00 ",0,,Quinlan Oaks,,8407,0.19,80312,,53,,,Sold,,,http://www.redfin.com/TX/Quinlan/Seay-Ln-75474/home/33855277,NTREIS,14245567,N,Y,32.912862,-96.133551
PAST SALE,March-6-2020,Vacant Land,Seay Ln,Quinlan,TX,75474," $15,500.00 ",0,,Quinlan Oaks,,8407,0.19,80312,,53,,,Sold,,,http://www.redfin.com/TX/Quinlan/Seay-Ln-75474/home/33855197,NTREIS,14245566,N,Y,32.913135,-96.133553
PAST SALE,March-6-2020,Vacant Land,N Kuykendall,Quinlan,TX,75474," $15,500.00 ",0,,Quinlan Oaks,,8407,0.19,80312,,53,,,Sold,,,http://www.redfin.com/TX/Quinlan/N-Kuykendall-St-75474/home/33855279,NTREIS,14245569,N,Y,32.910547,-96.133217
PAST SALE,December-26-2019,Vacant Land,Kingston St,Celeste,TX,75423," $40,000.00 ",0,,Perrin Add,,21867,0.50,79682,,124,,,Sold,,,http://www.redfin.com/TX/Celeste/Kingston-75423/home/33853741,NTREIS,14246728,N,Y,33.290189,-96.191785
PAST SALE,November-21-2019,Vacant Land,1504 Deer Trl,Commerce,TX,75428," $25,000.00 ",0,,Cornerstone Dev Ph I,,14331,0.33,75989,,159,,,Sold,,,http://www.redfin.com/TX/Commerce/1504-Deer-Trl-75428/home/167132844,NTREIS,14182656,N,Y,33.2320084,-95.9037051
PAST SALE,September-18-2019,Vacant Land,2923 Waters Edge,Quinlan,TX,75474," $42,900.00 ",0,,Waters Edge,,25265,0.58,73965,,223,,8,Sold,,,http://www.redfin.com/TX/Quinlan/2923-Waters-Edge-75474/home/167174985,NTREIS,14130054,N,Y,32.8494242,-96.0674875
PAST SALE,August-9-2019,Vacant Land,0 Clearview Dr,Lone Oak,TX,75453," $20,000.00 ",0,,Rolling Hills Sec I,,12066,0.28,72203,,263,,,Sold,,,http://www.redfin.com/TX/Unknown/Clearview-75453/home/33858926,NTREIS,14033048,N,Y,32.938361,-95.981427
PAST SALE,December-2-2019,Vacant Land,2491 Lakewood Cir,Wills Point,TX,75169," $25,000.00 ",0,,Waco Bay Estates Ph 2,,15769,0.36,69060,,148,,,Sold,,,http://www.redfin.com/TX/Wills-Point/2491-Lakewood-Cir-75169/home/143502481,NTREIS,14097956,N,Y,32.8417847,-96.0279508
PAST SALE,June-1-2018,Vacant Land,1829 College St,Greenville,TX,75401," $13,000.00 ",0,,Little Frank Sub,,8451,0.19,67007,,697,,,Sold,,,http://www.redfin.com/TX/Greenville/1829-College-St-75401/home/33830229,NTREIS,13836570,N,Y,33.143658,-96.124178
PAST SALE,January-17-2020,Vacant Land,9694 Mulberry Ln,Quinlan,TX,75474," $19,900.00 ",0,,Hickory Hollow Add,,13068,0.30,66333,,102,,7,Sold,,,http://www.redfin.com/TX/Quinlan/9694-Mulberry-Ln-75474/home/33815636,NTREIS,14110554,N,Y,32.87455,-96.082212
PAST SALE,March-26-2020,Vacant Land,3702 Mcdougal St,Greenville,TX,75401," $13,700.00 ",0,,Becton Anna S Sub,,9017,0.21,66183,,33,,,Sold,,,http://www.redfin.com/TX/Greenville/3702-McDougal-St-75401/home/33790717,NTREIS,14305752,N,Y,33.146203,-96.117407
PAST SALE,February-1-2019,Vacant Land,1813 Oneal St,Greenville,TX,75401," $14,900.00 ",0,,Orig Town Of Greenville,,9932,0.23,65349,,452,,,Sold,,,http://www.redfin.com/TX/Greenville/1813-Oneal-St-75401/home/33842536,NTREIS,13979126,N,Y,33.1316215,-96.1015604
PAST SALE,November-5-2019,Vacant Land,Mill St,Lone Oak,TX,75453," $20,000.00 ",0,,Orig Town Of Lone Oak,,13591,0.31,64101,,175,,,Sold,,,http://www.redfin.com/TX/LONE-OAK/MILL-ST-75453/home/162142911,NTREIS,14208504,N,Y,32.990786,-95.941729
PAST SALE,October-24-2018,Vacant Land,3197 Cedar Bnd,Quinlan,TX,75474," $17,500.00 ",0,,Brinwood Shores Add Sec A,,12502,0.29,60974,1973,552,,,Sold,,,http://www.redfin.com/TX/Wills-Point/Cedar-St-75169/home/33793394,NTREIS,13936980,N,Y,32.856056,-96.045781
PAST SALE,February-22-2019,Vacant Land,0 Mitchell St,Greenville,TX,75401," $50,000.00 ",0,,Mineral Heights Sub,,37549,0.86,58004,,431,,,Sold,,,http://www.redfin.com/TX/GREENVILLE/MITCHELL-ST-75401/home/33832965,NTREIS,14002936,N,Y,33.109605,-96.117785
PAST SALE,August-12-2019,Vacant Land,1205 Sayle St,Greenville,TX,75401," $20,000.00 ",0,,Orig Town Of Greenville,,15246,0.35,57143,,260,,,Sold,,,http://www.redfin.com/TX/Greenville/1205-Sayle-St-75401/home/33849239,NTREIS,14139654,N,Y,33.14944,-96.115058
PAST SALE,July-3-2018,Vacant Land,2508 Taylor St,Commerce,TX,75428," $17,500.00 ",0,,Cowan S C Add,,13852,0.32,55032,,665,,,Sold,,,http://www.redfin.com/TX/Commerce/2508-Taylor-St-75428/home/33804309,NTREIS,13751107,N,Y,33.2385004,-95.9014908
PAST SALE,December-26-2019,Vacant Land,Amy Dr,Hawk Cove,TX,75474," $15,900.00 ",0,,Whiskers Retreat Instl #1,,12632,0.29,54829,,124,,,Sold,,,http://www.redfin.com/TX/Hawk-Cove/Amy-Dr-75474/home/33873687,NTREIS,14114073,N,Y,32.882348,-96.079231
PAST SALE,March-18-2019,Vacant Land,Karol Jean Way,Quinlan,TX,75474," $35,000.00 ",0,,Kitsee Knoll Estates,,28009,0.64,54433,,407,,10,Sold,,,http://www.redfin.com/TX/Unknown/Karol-Jean-Way-75474/home/33710055,NTREIS,14027217,N,Y,32.850808,-96.072985
PAST SALE,August-7-2019,Vacant Land,Kay St,Hawk Cove,TX,75474," $15,000.00 ",0,,Whiskers Retreat Installment #1,,12197,0.28,53571,,265,,,Sold,,,http://www.redfin.com/TX/Hawk-Cove/Kay-75474/home/33874018,NTREIS,14122469,N,Y,32.886809,-96.084464
PAST SALE,November-5-2019,Vacant Land,601 Rabbit Cove Rd,West Tawakoni,TX,75474," $26,500.00 ",0,,Redhawk Bay Add,,21780,0.50,53000,,175,,4,Sold,,,http://www.redfin.com/TX/West-Tawakoni/601-E-Rabbit-Cove-Rd-75474/home/33857085,NTREIS,13685702,N,Y,32.888717,-96.028689
PAST SALE,January-14-2019,Vacant Land,207 S 4th St,Celeste,TX,75423," $22,000.00 ",0,,Orig Town Of Celeste,,18295,0.42,52382,,470,,,Sold,,,http://www.redfin.com/TX/Celeste/207-S-4th-St-75423/home/33839094,NTREIS,13931915,N,Y,33.2921402,-96.1972251
PAST SALE,July-24-2019,Vacant Land,Colorado St,Greenville,TX,75402," $15,000.00 ",0,,Mineral Heights Subdivision,,12589,0.29,51902,,279,,,Sold,,,http://www.redfin.com/TX/Greenville/Colorado-St-75402/home/40134605,NTREIS,14079900,N,Y,33.110729,-96.117755
PAST SALE,April-9-2020,Vacant Land,9493 Private Road 3826,Quinlan,TX,75474," $35,000.00 ",0,,Woodcreek Estates Add,,29621,0.68,51470,,19,,,Sold,,,http://www.redfin.com/TX/Quinlan/9493-Private-Rd-3826-75474/home/33715018,NTREIS,14271610,N,Y,32.880686,-96.085282
PAST SALE,February-19-2019,Vacant Land,0 Curtis,Quinlan,TX,75474," $18,500.00 ",0,,Epperson,,15682,0.36,51388,,434,,,Sold,,,http://www.redfin.com/TX/Unknown/Curtis-Ln-75474/home/33775351,NTREIS,14012137,N,Y,32.907883,-96.148488
PAST SALE,April-2-2019,Vacant Land,0 St. John St,Greenville,TX,75401," $10,000.00 ",0,,Orig Town Of Greenville,,8625,0.20,50504,,392,,,Sold,,,http://www.redfin.com/TX/Greenville/Saint-John-St-75401/home/147555541,NTREIS,13951156,N,Y,33.149192,-96.108516
PAST SALE,October-25-2019,Vacant Land,Fox Mdws,Caddo Mills,TX,75135," $50,000.00 ",0,,FOX MEADOWS,,43560,1.00,50000,,186,,,Sold,,,http://www.redfin.com/TX/Caddo-Mills/Fox-Ln-75135/home/33746702,NTREIS,14166501,N,Y,33.047685,-96.228918
PAST SALE,June-6-2018,Vacant Land,Waters Edge,Quinlan,TX,75474," $15,000.00 ",0,,Waters Edge,,13068,0.30,50000,,692,,8,Sold,,,http://www.redfin.com/TX/Unknown/Waters-Edge-75474/home/33733002,NTREIS,13822274,N,Y,32.851709,-96.066354
PAST SALE,January-24-2020,Vacant Land,225 Opal Dr,West Tawakoni,TX,75474," $15,900.00 ",0,,Hales Lake Tawakoni Sec 5,,14375,0.33,48181,,95,,,Sold,,,http://www.redfin.com/TX/West-Tawakoni/225-Opal-Dr-75474/home/33815862,NTREIS,14226025,N,Y,32.9065012,-96.0348929
PAST SALE,July-23-2018,Vacant Land,1209 Red Hawk Bay Dr,West Tawakoni,TX,75474," $20,599.00 ",0,,Redhawk Bay Add,,18644,0.43,48128,,645,,4,Sold,,,http://www.redfin.com/TX/West-Tawakoni/1209-Red-Hawk-Bay-Dr-75474/home/33857077,NTREIS,13684878,N,Y,32.887642,-96.028568
PAST SALE,February-10-2020,Vacant Land,9985 Brinwood Dr,Wills Point,TX,75169," $22,500.00 ",0,,Brinwood Shores Add Sec B,,20909,0.48,46875,,78,,3,Sold,,,http://www.redfin.com/TX/Wills-Point/9985-Brinwood-Dr-75169/home/33793247,NTREIS,14231384,N,Y,32.8630425,-96.0455419
PAST SALE,September-10-2019,Vacant Land,2305 Bourland St,Greenville,TX,75401," $8,700.00 ",0,,ORIG TOWN OF GREENVILLE,,8668,0.20,43721,,231,,,Sold,,,http://www.redfin.com/TX/Greenville/2305-Bourland-St-75401/home/168785000,NTREIS,14172475,N,Y,33.143143,-96.1047314
PAST SALE,June-29-2018,Vacant Land,509 E Richmond,Quinlan,TX,75474," $12,500.00 ",0,,Terrell Add,,12589,0.29,43252,,669,,,Sold,,,http://www.redfin.com/TX/Quinlan/509-E-Richmond-Ave-75474/home/33866739,NTREIS,13858530,N,Y,32.909058,-96.129119
PAST SALE,September-11-2018,Vacant Land,2575 Fox Point Cir,Quinlan,TX,75474," $32,750.00 ",0,,Fox Point Club Add 03,,35153,0.81,40582,,595,,27,Sold,,,http://www.redfin.com/TX/Quinlan/2575-Fox-Point-Cir-75474/home/40227671,NTREIS,13749147,N,Y,32.8781485,-96.0639395
PAST SALE,October-31-2018,Vacant Land,2658 County Road  2226,Caddo Mills,TX,75135," $50,000.00 ",0,,Paradise Ranch Estate,,54014,1.24,40323,,545,,,Sold,,,http://www.redfin.com/TX/Caddo-Mills/2658-Co-Rd-2226-75135/home/33852131,NTREIS,13944995,N,Y,33.018788,-96.183255
PAST SALE,January-14-2019,Vacant Land,0 Robin,Hawk Cove,TX,75474," $7,900.00 ",0,,Whiskers Retreat Instl #1,,8538,0.20,40305,,470,,,Sold,,,http://www.redfin.com/TX/Quinlan/9321-Robin-Rd-75474/home/33873884,NTREIS,13805679,N,Y,32.884597,-96.084045
PAST SALE,May-3-2018,Vacant Land,Lewald Ln,West Tawakoni,TX,75474," $19,500.00 ",0,,Lewalds Place Add,,21257,0.49,39960,,726,,4,Sold,,,http://www.redfin.com/TX/Unknown/Lewald-Ln-75474/home/33830122,NTREIS,13772396,N,Y,32.907468,-96.050728
PAST SALE,July-2-2018,Vacant Land,Lewald Ln,West Tawakoni,TX,75474," $19,500.00 ",0,,Lewalds Place Add,,21257,0.49,39960,,666,,4,Sold,,,http://www.redfin.com/TX/Quinlan/401-Lewald-Ln-75474/home/33830128,NTREIS,13772404,N,Y,32.907908,-96.050728
PAST SALE,September-17-2018,Vacant Land,10180 Flower St,Wills Point,TX,75169," $10,500.00 ",0,,Panorama Estates,,12197,0.28,37499,,589,,,Sold,,,http://www.redfin.com/TX/Wills-Point/10180-Flower-St-75169/home/33852407,NTREIS,13893835,N,Y,32.854623,-96.050229
PAST SALE,March-12-2019,Vacant Land,Fm 429,Quinlan,TX,75474," $40,000.00 ",0,,Waters Edge,,46609,1.07,37383,,413,,8,Sold,,,http://www.redfin.com/TX/Quinlan/Unknown-75474/home/146678253,NTREIS,13777832,N,Y,32.853284,-96.066593
PAST SALE,October-18-2019,Vacant Land,1321 Red Hawk Bay Dr,West Tawakoni,TX,75474," $22,500.00 ",0,,Redhawk Bay Add,,26310,0.60,37252,,193,,4,Sold,,,http://www.redfin.com/TX/West-Tawakoni/1321-Red-Hawk-Bay-Dr-75474/home/33857095,NTREIS,13684872,N,Y,32.885822,-96.028135
PAST SALE,January-10-2020,Vacant Land,Heritage Pl,Greenville,TX,75402," $15,000.00 ",0,,Heritage Place,,17642,0.41,37037,,109,,,Sold,,,http://www.redfin.com/TX/Greenville/Heritage-Ln-75402/home/33815745,NTREIS,14194425,N,Y,33.108547,-96.080775
PAST SALE,September-23-2019,Vacant Land,402 Mcbride St,Lone Oak,TX,75453," $15,000.00 ",0,,Orig Town Of Lone Oak,,18295,0.42,35715,,218,,,Sold,,,http://www.redfin.com/TX/Lone-Oak/402-Mc-Bride-St-75453/home/33849401,NTREIS,14152699,N,Y,32.993342,-95.945156
PAST SALE,December-3-2019,Vacant Land,0 Hillside Dr,Lone Oak,TX,75453," $10,000.00 ",0,,Rolling Hills Sec II,,12197,0.28,35714,,147,,,Sold,,,http://www.redfin.com/TX/Unknown/Hillside-75453/home/33858644,NTREIS,14149831,N,Y,32.944025,-95.980439
PAST SALE,April-8-2020,Vacant Land,Karen Sue Ct,Quinlan,TX,75474," $35,000.00 ",0,,Kitsee Knoll Estates,,43560,1.00,35000,,20,,21,Sold,,,http://www.redfin.com/TX/Unknown/Karen-Sue-Ct-75474/home/33710082,NTREIS,14159507,N,Y,32.848064,-96.078449
PAST SALE,August-8-2019,Vacant Land,County Rd 1092,Celeste,TX,75423," $35,000.00 ",0,,Coolidge Estates,,43560,1.00,35000,,264,,,Sold,,,http://www.redfin.com/TX/Unknown/County-Road-1092-75423/home/148564950,NTREIS,13994468,N,Y,33.289981,-96.219744
PAST SALE,May-16-2018,Vacant Land,639 Forrester St,Greenville,TX,75401," $36,000.00 ",0,,Slack Daniel,,45999,1.06,34091,,713,,,Sold,,,http://www.redfin.com/TX/Greenville/639-Forester-St-75401/home/33780414,NTREIS,13774032,N,Y,33.1390799,-96.0666577
PAST SALE,January-10-2020,Vacant Land,Heritage Pl,Greenville,TX,75402," $15,000.00 ",0,,Heritage Place,,19297,0.44,33860,,109,,,Sold,,,http://www.redfin.com/TX/Greenville/Heritage-Ln-75402/home/33815747,NTREIS,14194422,N,Y,33.108743,-96.080501
PAST SALE,January-24-2019,Vacant Land,1517 Sayle St,Greenville,TX,75401," $7,000.00 ",0,,Feagin Add,,9104,0.21,33493,,460,,,Sold,,,http://www.redfin.com/TX/Greenville/1517-Sayle-St-75401/home/33810961,NTREIS,13977520,N,Y,33.146822,-96.115213
PAST SALE,August-29-2019,Vacant Land,8292 County Road 2276,Quinlan,TX,75474," $25,000.00 ",0,,James Mcadams Surv Abs 852,,32670,0.75,33333,,243,,,Sold,,,http://www.redfin.com/TX/Quinlan/8292-Co-Rd-2276-75474/home/33731210,NTREIS,14165966,N,Y,32.9405429,-96.1444763
PAST SALE,December-14-2018,Vacant Land,7718 State Highway 50,Commerce,TX,75428," $25,000.00 ",0,,unk,,32670,0.75,33333,,501,,,Sold,,,http://www.redfin.com/TX/Commerce/7718-TX-50-75428/home/33877825,NTREIS,13818079,N,Y,33.3011593,-95.9067733
PAST SALE,September-10-2018,Vacant Land,2439 Trout Dr,Quinlan,TX,75474," $22,000.00 ",0,,Waco Bay Estates Ph 1,,29185,0.67,32836,,596,,30,Sold,,,http://www.redfin.com/TX/Wills-Point/2439-Trout-St-75169/unit-DRD/home/33710202,NTREIS,13882216,N,Y,32.837912,-96.028107
PAST SALE,May-23-2019,Vacant Land,7320 County Rd 3512,Quinlan,TX,75474," $44,900.00 ",0,,Little Creek Acres Add,,60548,1.39,32302,,341,,,Sold,,,http://www.redfin.com/TX/Quinlan/7320-County-Road-3512-75474/home/165557248,NTREIS,14085770,N,Y,32.9484469,-96.0789286
PAST SALE,June-28-2019,Vacant Land,109 Vista Cir,West Tawakoni,TX,75474," $7,900.00 ",0,,Bellavista Una Add,,10716,0.25,32113,,305,,,Sold,,,http://www.redfin.com/TX/West-Tawakoni/109-Vista-Cir-75474/home/33790463,NTREIS,14096907,N,Y,32.906461,-96.031377
PAST SALE,August-8-2019,Vacant Land,7457 Scenic Dr,Lone Oak,TX,75453," $30,000.00 ",0,,Rolling Hills Section 2,,42136,0.97,31014,,264,,,Sold,,,http://www.redfin.com/TX/Lone-Oak/7457-Scenic-Dr-75453/home/33858849,NTREIS,13548898,N,Y,32.9423102,-95.9833419
PAST SALE,June-13-2019,Vacant Land,1234 Raintree Rd,West Tawakoni,TX,75474," $45,000.00 ",0,,,,63685,1.46,30780,,320,,,Sold,,,http://www.redfin.com/TX/West-Tawakoni/1234-Raintree-Rd-75474/home/33757740,NTREIS,14059409,N,Y,32.8879486,-96.0310306
PAST SALE,November-2-2018,Vacant Land,9829 Kathy Lynn Pl,Quinlan,TX,75474," $29,999.00 ",0,,Kitsee Knoll Estates,,43386,1.00,30119,,543,,21,Sold,,,http://www.redfin.com/TX/Quinlan/9829-Kathy-Lynn-Pl-75474/home/33710030,NTREIS,13841226,N,Y,32.8485975,-96.0748517
PAST SALE,February-10-2020,Vacant Land,0 Marshall St,Greenville,TX,75401," $14,990.00 ",0,,Homestead Add,,21736,0.50,30041,,78,,,Sold,,,http://www.redfin.com/TX/GREENVILLE/MARSHALL-ST-75401/home/33821174,NTREIS,14244881,N,Y,33.134209,-96.117604
PAST SALE,October-26-2018,Vacant Land,0 Kuykendall St,Quinlan,TX,75474," $47,500.00 ",0,,,,69652,1.60,29706,,550,,,Sold,,,http://www.redfin.com/TX/Quinlan/N-Kuykendall-St-75474/home/33771403,NTREIS,13923091,N,Y,32.910547,-96.133543
PAST SALE,February-7-2020,Vacant Land,2482 Private Road 2408,Quinlan,TX,75474," $29,900.00 ",0,,Wranglers Rest Add,,43865,1.01,29692,,81,,,Sold,,,http://www.redfin.com/TX/Quinlan/2482-Private-Rd-2408-75474/home/33733091,NTREIS,14260053,N,Y,32.895991,-96.213329
PAST SALE,October-19-2018,Vacant Land,1 County Rd 3324,Greenville,TX,75401," $35,000.00 ",0,,Leisure Acres Subdn South,,51836,1.19,29412,,557,,,Sold,,,http://www.redfin.com/TX/Greenville/1-County-Rd-3324-75401/home/147521144,NTREIS,13951238,N,Y,33.0299,-96.106821
PAST SALE,August-23-2019,Vacant Land,Kay St,Hawk Cove,TX,75474," $14,000.00 ",0,,Whiskers Retreat Instl #1,,20952,0.48,29107,,249,,,Sold,,,http://www.redfin.com/TX/Hawk-Cove/Kay-75474/home/33873757,NTREIS,14099367,N,Y,32.886127,-96.083679
PAST SALE,August-14-2018,Vacant Land,Lot 34 Shady Woods Dr,Quinlan,TX,75474," $19,900.00 ",,,Shady Woods Est,,29795,0.68,29094,,623,,,Sold,,,http://www.redfin.com/TX/Quinlan/Lot-34-Shady-Woods-Dr-75474/home/146169762,HARMLS,16677962,N,Y,32.872809,-96.095101
PAST SALE,August-14-2018,Vacant Land,Shady Woods Dr,Quinlan,TX,75474," $19,900.00 ",0,,Shady Woods Est,,29795,0.68,29094,,623,,,Sold,,,http://www.redfin.com/TX/Quinlan/1654-Shady-Woods-Dr-75474/home/33777158,NTREIS,13882949,N,Y,32.872868,-96.095184
PAST SALE,December-21-2018,Vacant Land,0 Washington St,Commerce,TX,75428," $50,000.00 ",0,,Indian Creek Add #6,,76578,1.76,28442,,494,,,Sold,,,http://www.redfin.com/TX/Commerce/1217-Washington-St-75428/home/146679455,NTREIS,13838241,N,Y,33.2504477,-95.9007977
PAST SALE,July-29-2019,Vacant Land,25 COUNTY RD 1143,Leonard,TX,75452," $49,000.00 ",0,,Lincoln Estates,,76099,1.75,28048,,274,,,Sold,,,http://www.redfin.com/TX/Leonard/25-COUNTY-RD-1143-75452/home/146794265,NTREIS,13918719,N,Y,33.347908,-96.220721
PAST SALE,January-14-2019,Vacant Land,611 N US Highway 69,Celeste,TX,75423," $6,200.00 ",0,,Orig Town Of Celeste,,9714,0.22,27802,,470,,,Sold,,,http://www.redfin.com/TX/Celeste/611-N-U-S-Highway-69-75423/home/148567554,NTREIS,13993163,N,Y,33.2881429,-96.1905886
PAST SALE,August-7-2019,Vacant Land,Scenic Dr,Lone Oak,TX,75453," $6,000.00 ",0,,Holiday Hills,,9583,0.22,27273,,265,,,Sold,,,http://www.redfin.com/TX/Unknown/Scenic-Dr-75453/home/33821376,NTREIS,14082315,N,Y,32.91506,-95.968768
PAST SALE,March-13-2019,Vacant Land,0 Aldridge St,Commerce,TX,75428," $30,000.00 ",0,,Orig Town Of Commerce,,48308,1.11,27051,,412,,,Sold,,,http://www.redfin.com/TX/Commerce/Aldridge-St-75428/home/33766547,NTREIS,14020695,N,Y,33.240021,-95.894635
PAST SALE,January-25-2019,Vacant Land,Fm 499,Campbell,TX,75422," $6,150.00 ",0,,Downing William 19-5,,9975,0.23,26857,,459,,,Sold,,,http://www.redfin.com/TX/Campbell/FM499-Unknown/home/148562546,NTREIS,13993151,N,Y,33.14896,-95.953361
PAST SALE,May-7-2018,Vacant Land,2560 Laurel Oaks,Royse City,TX,75189," $40,000.00 ",0,,THE MEADOWS,,65340,1.50,26667,,722,,,Sold,,,http://www.redfin.com/TX/Royse-City/2560-Laurel-Oaks-75189/home/33755744,NTREIS,13680550,N,Y,32.9623893,-96.2363295
PAST SALE,May-3-2018,Vacant Land,2580 Laurel Oaks,Royse City,TX,75189," $40,000.00 ",0,,THE MEADOWS,,65340,1.50,26667,,726,,,Sold,,,http://www.redfin.com/TX/Royse-City/2580-Laurel-Oaks-75189/home/33755743,NTREIS,13683165,N,Y,32.9628945,-96.2363087
PAST SALE,January-17-2020,Vacant Land,8922 Cr 1143,Leonard,TX,75452," $39,000.00 ",0,,HTW leonard,,65340,1.50,26000,,102,,,Sold,,,http://www.redfin.com/TX/Leonard/8922-Co-Rd-1143-75452/home/168689013,NTREIS,14167269,N,Y,33.3510948,-96.2275017
PAST SALE,December-3-2019,Vacant Land,8906 CR 1143,Leonard,TX,75452," $39,000.00 ",0,,HTW leonard,,65340,1.50,26000,,147,,,Sold,,,http://www.redfin.com/TX/Leonard/8906-Co-Rd-1143-75452/home/168688853,NTREIS,14167230,N,Y,33.3510948,-96.2275017
PAST SALE,August-17-2018,Vacant Land,0 Lago,Quinlan,TX,75474," $18,900.00 ",0,,Waters Edge,,31799,0.73,25890,,620,,8,Sold,,,http://www.redfin.com/TX/Unknown/Lago-Vis-75474/home/33733158,NTREIS,13813210,N,Y,32.850188,-96.068338
PAST SALE,December-17-2019,Vacant Land,108 Sawyers Dr,Quinlan,TX,75474," $20,000.00 ",0,,Last Frontier Add,,33715,0.77,25840,,133,,,Sold,,,http://www.redfin.com/TX/Quinlan/108-Sawyers-Dr-75474/home/33878249,NTREIS,14228807,N,Y,32.901327,-96.11005
PAST SALE,April-1-2019,Vacant Land,7328 County Road 2532,Quinlan,TX,75474," $29,900.00 ",0,,JAMES MCADAMS TRACT CC-39,,51183,1.18,25447,,393,,,Sold,,,http://www.redfin.com/TX/Quinlan/7328-Co-Rd-2532-75474/home/33775329,NTREIS,13979445,N,Y,32.9382407,-96.1743053
PAST SALE,February-11-2020,Vacant Land,11 CR3228,Lone Oak,TX,75453," $39,900.00 ",0,,Elizabeth Estates,,68346,1.57,25430,,77,,,Sold,,,http://www.redfin.com/TX/Unknown/11-County-Road-3228-75453/home/170163555,NTREIS,14246516,N,Y,33.006742,-95.9438
PAST SALE,April-3-2019,Vacant Land,Louise St,Hawk Cove,TX,75474," $14,900.00 ",0,,Whiskers Retreat Instl #1,,25700,0.59,25255,,391,,,Sold,,,http://www.redfin.com/TX/Hawk-Cove/Louise-St-75474/home/33873682,NTREIS,13957228,N,Y,32.881356,-96.079536
PAST SALE,February-5-2020,Vacant Land,4275 Geronimo,Lone Oak,TX,75453," $5,500.00 ",0,,Kiowa Village Add,,9583,0.22,25001,,83,,4,Sold,,,http://www.redfin.com/TX/Lone-Oak/4275-Geronimo-75453/home/33825503,NTREIS,14268258,N,Y,32.9255319,-95.968872
PAST SALE,June-1-2018,Vacant Land,3137 Blueberry Hill Rd,Greenville,TX,75401," $50,000.00 ",0,,Home Place Estates,,87120,2.00,25000,,697,,,Sold,,,http://www.redfin.com/TX/Greenville/Unknown-Unknown/home/145214288,NTREIS,13802246,N,Y,33.178412,-96.205626
PAST SALE,August-26-2019,Vacant Land,Hwy 69 N,Greenville,TX,75401," $25,000.00 ",0,,,,43560,1.00,25000,,246,,,Sold,,,http://www.redfin.com/TX/Greenville/4747-Hwy-69-S-75402/home/143499511,NTREIS,14139223,N,Y,33.0421455,-96.0138141
PAST SALE,December-12-2019,Vacant Land,8513 Private Road 3842,Quinlan,TX,75474," $49,900.00 ",0,,Trail Dust Estates East,,87120,2.00,24950,,138,,13,Sold,,,http://www.redfin.com/TX/Quinlan/Unknown-75474/home/33764053,NTREIS,14078393,N,Y,32.916115,-96.11343
PAST SALE,March-12-2019,Vacant Land,3539 County Road 2618,Caddo Mills,TX,75135," $49,500.00 ",0,,West Caddo Estates,,88078,2.02,24481,,413,,,Sold,,,http://www.redfin.com/TX/Caddo-Mills/3539-Co-Rd-2618-75135/home/33872295,NTREIS,14021653,N,Y,33.044048,-96.2312172
PAST SALE,May-1-2019,Vacant Land,Fox Point Rd,Quinlan,TX,75474," $19,900.00 ",0,,Fox Point Club Sec I,,35981,0.83,24092,,363,,15,Sold,,,http://www.redfin.com/TX/Unknown/Fox-Point-Rd-75474/home/33811384,NTREIS,13982664,N,Y,32.876898,-96.059488
PAST SALE,January-24-2019,Vacant Land,3300 Polk St,Greenville,TX,75401," $41,000.00 ",0,,Orig Town Of Greenville,,74923,1.72,23837,,460,,,Sold,,,http://www.redfin.com/TX/Greenville/3300-Polk-St-75401/home/33848993,NTREIS,13977511,N,Y,33.145406,-96.114405
PAST SALE,January-31-2020,Vacant Land,Fox Point Cir,Quinlan,TX,75474," $11,500.00 ",0,,Fox Point Club Sec III,,21301,0.49,23517,,88,,15,Sold,,,http://www.redfin.com/TX/Unknown/Fox-Point-Cir-75474/home/33773393,NTREIS,14156714,N,Y,32.877434,-96.062967
PAST SALE,August-16-2018,Vacant Land,Fox Point Cir,Quinlan,TX,75474," $9,500.00 ",0,,Fox Point Club Add 03,,17624,0.40,23480,,621,,15,Sold,,,http://www.redfin.com/TX/Quinlan/2453-Fox-Point-Rd-75474/home/33773370,NTREIS,13105419,N,Y,32.8782962,-96.0628136
PAST SALE,March-22-2019,Vacant Land,16 COUNTY RD 1143,Leonard,TX,75452," $35,000.00 ",0,,Lincoln Estates,,65340,1.50,23333,,403,,,Sold,,,http://www.redfin.com/TX/Leonard/16-COUNTY-RD-1143-75452/home/146794218,NTREIS,13918713,N,Y,33.347927,-96.22536
PAST SALE,October-11-2019,Vacant Land,19 COUNTY RD 1143,Leonard,TX,75452," $35,000.00 ",0,,Lincoln Estates,,65340,1.50,23333,,200,,,Sold,,,http://www.redfin.com/TX/Leonard/19-County-Road-1143-75452/home/161770391,NTREIS,14066407,N,Y,33.347914,-96.224186
PAST SALE,January-29-2020,Vacant Land,17 COUNTY RD 1143,Leonard,TX,75452," $35,000.00 ",0,,Lincoln Estates,,65340,1.50,23333,,90,,,Sold,,,http://www.redfin.com/TX/Leonard/17-County-Road-1143-75452/home/161770342,NTREIS,14065822,N,Y,33.34795,-96.225302
PAST SALE,February-23-2020,Vacant Land,18 COUNTY RD 1143,Leonard,TX,75452," $35,000.00 ",0,,Lincoln Estates,,65340,1.50,23333,,65,,,Sold,,,http://www.redfin.com/TX/Leonard/18-County-Road-1143-75452/home/161770387,NTREIS,14066401,N,Y,33.347999,-96.224845
PAST SALE,September-3-2018,Vacant Land,308 Sandy Lynn,West Tawakoni,TX,75474," $18,900.00 ",0,,A1120 WILSON JACKSON,,35501,0.81,23190,,603,,,Sold,,,http://www.redfin.com/TX/Quinlan/308-Sandy-Lynn-75474/home/33782915,NTREIS,13698422,N,Y,32.9000699,-96.0309003
PAST SALE,May-15-2018,Vacant Land,0 Morris Dr,Hawk Cove,TX,75474," $10,500.00 ",0,,Whiskers Retreat,,19820,0.46,23077,,714,,,Sold,,,http://www.redfin.com/TX/Hawk-Cove/Morris-Dr-75474/home/33874808,NTREIS,13741326,N,Y,32.884644,-96.081535
PAST SALE,October-30-2018,Vacant Land,0 County Rd 2326,Terrell,TX,75160," $39,500.00 ",0,,,,75228,1.73,22872,,546,,,Sold,,,http://www.redfin.com/TX/Unknown/Unknown-75160/home/147083310,NTREIS,13935649,N,Y,32.86732,-96.251893
PAST SALE,January-27-2020,Vacant Land,440 County Road 3102,Greenville,TX,75402," $48,000.00 ",0,,ANDERSON BENJAMIN,,91520,2.10,22846,,92,,,Sold,,,http://www.redfin.com/TX/Greenville/440-Co-Rd-3102-75402/home/161989368,NTREIS,14235396,N,Y,33.1267238,-96.042441
PAST SALE,July-31-2018,Vacant Land,0 Hickory St,Commerce,TX,75428," $25,000.00 ",0,,Orig Town Of Commerce,,48308,1.11,22543,,637,,,Sold,,,http://www.redfin.com/TX/Commerce/Hickory-St-75428/home/33766548,NTREIS,13639808,N,Y,33.240158,-95.895209
PAST SALE,February-27-2019,Vacant Land,1004 Hemlock Dr,West Tawakoni,TX,75474," $9,000.00 ",0,,Banner Add,,17424,0.40,22500,,426,,,Sold,,,http://www.redfin.com/TX/West-Tawakoni/1004-Hemlock-Dr-75474/home/33790936,NTREIS,14001620,N,Y,32.890689,-96.013298
PAST SALE,February-19-2019,Vacant Land,9 COUNTY RD 1143,Leonard,TX,75452," $35,000.00 ",0,,Lincoln Estates,,68476,1.57,22265,,434,,,Sold,,,http://www.redfin.com/TX/Leonard/9-COUNTY-RD-1143-75452/home/148437153,NTREIS,13985006,N,Y,33.350495,-96.227115
PAST SALE,February-19-2019,Vacant Land,10 COUNTY RD 1143,Leonard,TX,75452," $35,000.00 ",0,,Lincoln Estates,,68476,1.57,22265,,434,,,Sold,,,http://www.redfin.com/TX/Leonard/10-COUNTY-RD-1143-75452/home/148437184,NTREIS,13985027,N,Y,33.350084,-96.227162
PAST SALE,October-31-2019,Vacant Land,29 COUNTY RD 1143,Leonard,TX,75452," $35,000.00 ",0,,Lincoln Estates,,68476,1.57,22265,,180,,,Sold,,,http://www.redfin.com/TX/Leonard/29-County-Road-1143-75452/home/161770419,NTREIS,14066419,N,Y,33.347161,-96.223156
PAST SALE,November-19-2019,Vacant Land,31 COUNTY RD 1143,Leonard,TX,75452," $35,000.00 ",0,,Lincoln Estates,,68476,1.57,22265,,161,,,Sold,,,http://www.redfin.com/TX/Leonard/31-County-Road-1143-75452/home/161768476,NTREIS,14066423,N,Y,33.347143,-96.225431
PAST SALE,March-16-2020,Vacant Land,8692 COUNTY ROAD 1143,Celeste,TX,75423," $35,000.00 ",0,,Lincoln Estates,,68476,1.57,22265,,43,,,Sold,,,http://www.redfin.com/TX/CELESTE/8692-COUNTY-ROAD-1143-75423/home/168912419,NTREIS,14239371,N,Y,33.346911,-96.223003
PAST SALE,March-22-2019,Vacant Land,34 COUNTY RD 1143,Leonard,TX,75452," $35,000.00 ",0,,Lincoln Estates,,68476,1.57,22265,,403,,,Sold,,,http://www.redfin.com/TX/Leonard/34-COUNTY-RD-1143-75452/home/146856838,NTREIS,13920990,N,Y,33.348151,-96.225198
PAST SALE,March-25-2020,Vacant Land,0 Ash,Wills Point,TX,75169," $46,000.00 ",0,,Wills,,91040,2.09,22010,,34,,,Sold,,,http://www.redfin.com/TX/Wills-Point/Ash-Ln-75169/home/33741895,NTREIS,14103347,N,Y,32.856119,-96.041305
PAST SALE,January-17-2020,Vacant Land,8938 CR 1143,Leonard,TX,75452," $44,000.00 ",0,,HTW Leonard,,87120,2.00,22000,,102,,,Sold,,,http://www.redfin.com/TX/Leonard/8938-Co-Rd-1143-75452/home/168689046,NTREIS,14167283,N,Y,33.3510948,-96.2275017
PAST SALE,January-23-2019,Vacant Land,County Rd 3512,Quinlan,TX,75474," $29,900.00 ",0,,Little Creek Acres Add,,60548,1.39,21511,,461,,,Sold,,,http://www.redfin.com/TX/Unknown/County-Road-3512-75474/home/148153190,NTREIS,13974910,N,Y,32.94835,-96.079178
PAST SALE,July-15-2019,Vacant Land,Post Oak Rd,Wills Point,TX,75169," $39,000.00 ",0,,Lybrand,,79715,1.83,21311,,288,,,Sold,,,http://www.redfin.com/TX/Wills-Point/Post-Oak-Rd-75169/home/33821231,NTREIS,14114130,N,Y,32.854467,-96.014157
PAST SALE,April-3-2020,Vacant Land,Hwy 69,Lone Oak,TX,75453," $42,000.00 ",0,,Heatherbrook Estates,,87120,2.00,21000,,25,,,Sold,,,http://www.redfin.com/TX/Lone-Oak/Unknown-Unknown/home/170464451,NTREIS,14271796,N,Y,33.0014,-95.942021
PAST SALE,December-20-2019,Vacant Land,Mockingbird Rd,Quinlan,TX,75474," $5,000.00 ",0,,Mulberry Cove Estate Add,,10498,0.24,20747,,130,,,Sold,,,http://www.redfin.com/TX/Unknown/Mockingbird-Rd-75474/home/33834687,NTREIS,14233948,N,Y,32.873265,-96.090531
PAST SALE,December-20-2019,Vacant Land,Mockingbird Rd,Quinlan,TX,75474," $5,000.00 ",0,,Mulberry Cove Estate Add,,10498,0.24,20747,,130,,,Sold,,,http://www.redfin.com/TX/Unknown/Mockingbird-Rd-75474/home/33834682,NTREIS,14233958,N,Y,32.873458,-96.090529
PAST SALE,January-10-2020,Vacant Land,Private Road 3782,Quinlan,TX,75474," $27,000.00 ",0,,Sawyer Tom Country,,56846,1.31,20690,,109,,,Sold,,,http://www.redfin.com/TX/Unknown/Private-Road-3782-75474/home/169404755,NTREIS,14200127,N,Y,32.839619,-96.081159
PAST SALE,May-2-2018,Vacant Land,Fm 1569,Farmersville,TX,75442," $45,000.00 ",0,,Pecan Meadows Ph I,,94961,2.18,20642,,727,,,Sold,,,http://www.redfin.com/TX/Farmersville/5668-FM1569-75442/home/33739460,NTREIS,13799781,N,Y,33.205778,-96.272242
PAST SALE,February-23-2020,Vacant Land,905 Cedar St,Commerce,TX,75428," $7,900.00 ",0,,ORIG TOWN OF COMMERCE,,16814,0.39,20467,,65,,,Sold,,,http://www.redfin.com/TX/Commerce/905-Cedar-St-75428/home/33841294,NTREIS,14212346,N,Y,33.253728,-95.8962975
PAST SALE,June-14-2018,Vacant Land,County Rd 3625,Quinlan,TX,75474," $19,000.00 ",0,,,,40990,0.94,20191,,684,,,Sold,,,http://www.redfin.com/TX/Unknown/Unknown-75474/home/147400792,NTREIS,13763332,N,Y,32.869014,-96.100135
PAST SALE,October-1-2019,Vacant Land,2795 Private Road 4127,Greenville,TX,75401," $32,000.00 ",0,,Lancer Estate Add,,70132,1.61,19876,,210,,2,Sold,,,http://www.redfin.com/TX/Greenville/Unknown-Unknown/home/33829851,NTREIS,14162743,N,Y,33.133667,-96.016171
PAST SALE,October-31-2018,Vacant Land,2 County Rd 1032,Greenville,TX,75401," $45,000.00 ",0,,Moore James,,99752,2.29,19651,,545,,,Sold,,,http://www.redfin.com/TX/Unknown/2-75401/home/147067347,NTREIS,13934733,N,Y,33.18347,-96.13588
PAST SALE,January-29-2020,Vacant Land,8677 COUNTY ROAD 1143,Celeste,TX,75423," $37,000.00 ",0,,Lincoln Estates,,83025,1.91,19412,,90,,,Sold,,,http://www.redfin.com/TX/Celeste/8677-County-Road-1143-75423/home/170121677,NTREIS,14243511,N,Y,33.3476627,-96.224315
PAST SALE,December-12-2019,Vacant Land,408 S Spencer St,Wolfe City,TX,75496," $10,000.00 ",0,,ORIG TOWN OF WOLFE CITY,,22651,0.52,19231,,138,,,Sold,,,http://www.redfin.com/TX/Wolfe-City/408-Spencer-St-75496/home/33852007,NTREIS,14212405,N,Y,33.3671606,-96.0655246
PAST SALE,June-7-2018,Vacant Land,8718 Private Road 3842,Quinlan,TX,75474," $38,500.00 ",0,,Meadowcreek Estates,,87686,2.01,19126,,691,,13,Sold,,,http://www.redfin.com/TX/Quinlan/Unknown-75474/home/59441312,NTREIS,13791310,N,Y,32.91292,-96.115939
PAST SALE,May-21-2019,Vacant Land,1717 Northshore Rd,Hawk Cove,TX,75474," $19,900.00 ",0,,Whiskers Retreat Instl #1,,45390,1.04,19098,,343,,,Sold,,,http://www.redfin.com/TX/Quinlan/1717-N-Shore-Rd-75474/home/33873234,NTREIS,14042185,N,Y,32.8882786,-96.0793337
PAST SALE,July-15-2019,Vacant Land,Reata Rd,Quinlan,TX,75474," $34,900.00 ",0,,Nob Hill Estate Add,,79976,1.84,19009,,288,,,Sold,,,http://www.redfin.com/TX/Quinlan/Unknown-75474/home/33835905,NTREIS,14100931,N,Y,32.919128,-96.104655
PAST SALE,August-28-2019,Vacant Land,805 Redoak Dr,West Tawakoni,TX,75474," $22,000.00 ",0,,Banner Add Sec 2,,51488,1.18,18612,,244,,,Sold,,,http://www.redfin.com/TX/West-Tawakoni/805-Redoak-Dr-75474/home/33790867,NTREIS,14138554,N,Y,32.892988,-96.012844
PAST SALE,August-17-2018,Vacant Land,9387 Amy Dr,Hawk Cove,TX,75474," $24,900.00 ",0,,Whiskers Retreat Instl #1,,58414,1.34,18568,,620,,,Sold,,,http://www.redfin.com/TX/Quinlan/9387-Amy-Dr-75474/home/33873328,NTREIS,13810698,N,Y,32.88507,-96.079406
PAST SALE,August-24-2018,Vacant Land,125 Indian Trl,Quinlan,TX,75474," $37,500.00 ",0,,Indian Trails Add,,88645,2.04,18427,,613,,,Sold,,,http://www.redfin.com/TX/West-Tawakoni/125-Indian-Trl-75474/home/33823882,NTREIS,13890688,N,Y,32.89232,-96.036968
PAST SALE,April-5-2019,Vacant Land,420 Rabbit Cove Rd,West Tawakoni,TX,75474," $30,000.00 ",0,,Sundance Acres,,71264,1.64,18337,,389,,,Sold,,,http://www.redfin.com/TX/West-Tawakoni/420-E-Rabbit-Cove-Rd-75474/home/33865172,NTREIS,13685699,N,Y,32.889679,-96.031862
PAST SALE,April-16-2019,Vacant Land,Shady Woods Dr,Quinlan,TX,75474," $27,000.00 ",0,,Shady Woods Estates,,65340,1.50,18000,,378,,,Sold,,,http://www.redfin.com/TX/Unknown/Shady-Woods-Dr-75474/home/33777045,NTREIS,13806739,N,Y,32.872679,-96.097805
PAST SALE,August-16-2019,Vacant Land,10488 W Gaillard Woods,Wills Point,TX,75169," $18,000.00 ",0,,Gaillard Woods,,43560,1.00,18000,1982,256,,,Sold,,,http://www.redfin.com/TX/Wills-Point/10488-Gaillard-Woods-75169/home/33780056,NTREIS,14155929,N,Y,32.8475769,-96.0252638
PAST SALE,September-27-2019,Vacant Land,0 Donna Dr,Hawk Cove,TX,75474," $28,000.00 ",0,,Whiskers Retreat Instl #1,,67954,1.56,17949,,214,,,Sold,,,http://www.redfin.com/TX/Hawk-Cove/Donna-Dr-75474/home/33873853,NTREIS,14098870,N,Y,32.88432,-96.082464
PAST SALE,May-15-2018,Vacant Land,CR 3403,Lone Oak,TX,75453," $35,000.00 ",0,,Heatherbrook Estates,,87120,2.00,17500,,714,,,Sold,,,http://www.redfin.com/TX/Lone-Oak/Unknown-75453/home/144451107,NTREIS,13741270,N,Y,33.008433,-95.97041
PAST SALE,August-1-2018,Vacant Land,0 Private Road 3842,Quinlan,TX,75474," $35,000.00 ",0,,Meadowcreek Estates,,87120,2.00,17500,,636,,13,Sold,,,http://www.redfin.com/TX/Quinlan/Unknown-75474/home/144907448,NTREIS,13781217,N,Y,32.91794,-96.114631
PAST SALE,September-5-2019,Vacant Land,9267 Sabine Dr,Quinlan,TX,75474," $35,000.00 ",0,,North Shore Acres II,,88819,2.04,17165,2017,236,,,Sold,,,http://www.redfin.com/TX/Quinlan/Unknown-75474/home/33731057,NTREIS,14159861,N,Y,32.886141,-96.064726
PAST SALE,November-27-2018,Vacant Land,8643 Private Road 3842,Quinlan,TX,75474," $42,500.00 ",0,,Meadowcreek Estates,,108203,2.48,17110,,518,,13,Sold,,,http://www.redfin.com/TX/Quinlan/8643-Private-Road-3842-75474/home/146731584,NTREIS,13915754,N,Y,32.91204,-96.114679
PAST SALE,February-7-2020,Vacant Land,0 Oak St,Commerce,TX,75428," $31,800.00 ",0,,North Side Add,,82764,1.90,16737,,81,,,Sold,,,http://www.redfin.com/TX/Commerce/Oak-St-75428/home/147374421,NTREIS,13386823,N,Y,33.256356,-95.891647
PAST SALE,May-17-2019,Vacant Land,8649 Private Road 3842,Quinlan,TX,75474," $39,900.00 ",0,,Meadowcreek Estates,,106417,2.44,16332,,347,,13,Sold,,,http://www.redfin.com/TX/Quinlan/8649-Private-Road-3842-75474/home/147395703,NTREIS,14082845,N,Y,32.91199,-96.113313
PAST SALE,September-5-2019,Vacant Land,8757 Private Road 3842,Quinlan,TX,75474," $35,000.00 ",0,,Meadowcreek Estates,,96268,2.21,15837,,236,,13,Sold,,,http://www.redfin.com/TX/Quinlan/8757-Private-Road-3842-75474/home/168679980,NTREIS,14165754,N,Y,32.911514,-96.116635
PAST SALE,December-20-2019,Vacant Land,0 Lone Star Dr,Quinlan,TX,75474," $4,000.00 ",0,,Whiskers Retreat Instl #6,,11021,0.25,15810,,130,,,Sold,,,http://www.redfin.com/TX/Unknown/Lone-Star-Dr-75474/home/33875951,NTREIS,14230731,N,Y,32.885959,-96.090078
PAST SALE,December-10-2019,Vacant Land,1216 Rosemary St,Greenville,TX,75401," $33,900.00 ",0,,Original Town of Greenville,,93654,2.15,15767,,140,,,Sold,,,http://www.redfin.com/TX/Greenville/1216-Rosemary-75401/home/33849191,NTREIS,13870379,N,Y,33.1493834,-96.1168922
PAST SALE,March-12-2019,Vacant Land,34 Amy Dr,Hawk Cove,TX,75474," $11,500.00 ",0,,Whiskers Retreat Instl #1,,32147,0.74,15583,,413,,,Sold,,,http://www.redfin.com/TX/Hawk-Cove/34-Amy-Dr-75474/home/147024168,NTREIS,13932384,N,Y,32.887394,-96.079359
PAST SALE,August-30-2019,Vacant Land,Quail Run Cir,Quinlan,TX,75474," $29,750.00 ",0,,Quail Run Estate Add,,85508,1.96,15155,,242,,8,Sold,,,http://www.redfin.com/TX/Unknown/Quail-Run-Cir-75474/home/33855452,NTREIS,14140819,N,Y,32.900497,-96.046821
PAST SALE,August-3-2018,Vacant Land,9512 Amy Dr,Hawk Cove,TX,75474," $14,900.00 ",0,,Whiskers Retreat Instl #1,,44257,1.02,14665,,634,,,Sold,,,http://www.redfin.com/TX/Quinlan/9512-Amy-Dr-75474/home/33873694,NTREIS,13594347,N,Y,32.8818171,-96.0791271
PAST SALE,October-26-2018,Vacant Land,County Rd 3706,Quinlan,TX,75474," $34,900.00 ",0,,"A0595 LEVINS JAMES, TRACT O, ACRES 2.4",,104544,2.40,14542,,550,,,Sold,,,http://www.redfin.com/TX/Quinlan/County-Rd-3706-75474/home/146414979,NTREIS,13896288,N,Y,32.853723,-96.042003
PAST SALE,April-16-2019,Vacant Land,2 County Rd 3111,Campbell,TX,75422," $28,500.00 ",0,,Caney Creek Estate,,95309,2.19,13026,,378,,,Sold,,,http://www.redfin.com/TX/Unknown/2-County-Road-3111-75422/home/148690505,NTREIS,13999984,N,Y,33.094295,-95.966826
PAST SALE,December-5-2018,Vacant Land,8510 W Ridge Dr,Quinlan,TX,75474," $48,500.00 ",0,,Trails End Sub,,174240,4.00,12125,,510,,,Sold,,,http://www.redfin.com/TX/Quinlan/8510-W-Ridge-Dr-75474/home/33866896,NTREIS,13923258,N,Y,32.9076196,-96.1009292
PAST SALE,October-31-2019,Vacant Land,County Rd 3623,Quinlan,TX,75474," $16,900.00 ",0,,Deer Trails,,60723,1.39,12123,,180,,,Sold,,,http://www.redfin.com/TX/Unknown/County-Road-3623-75474/home/169288979,NTREIS,14199528,N,Y,32.875726,-96.097488
PAST SALE,October-3-2019,Vacant Land,0 N Shore Rd,Quinlan,TX,75474," $35,500.00 ",0,,Reese Price Surv A-822,,130680,3.00,11833,,208,,,Sold,,,http://www.redfin.com/TX/Unknown/N-Shore-Rd-75474/home/33728800,NTREIS,14094169,N,Y,32.888754,-96.057162
PAST SALE,June-22-2018,Vacant Land,3 County Rd 1040,Celeste,TX,75423," $35,000.00 ",0,,,,130680,3.00,11667,,676,,,Sold,,,http://www.redfin.com/TX/Celeste/3-Co-Rd-1040-75423/home/144483575,NTREIS,13745234,N,Y,33.270061,-96.1777222
PAST SALE,June-28-2019,Vacant Land,Acres Dr,Quinlan,TX,75474," $4,900.00 ",0,,E-Z Living Acres East Add,,18513,0.43,11529,,305,,,Sold,,,http://www.redfin.com/TX/Unknown/Acres-Dr-75474/home/33806543,NTREIS,14044531,N,Y,32.884394,-96.068392
PAST SALE,June-15-2018,Vacant Land,0 County Rd 335,Quinlan,TX,75474," $32,500.00 ",0,,NA,,130985,3.01,10808,,683,,,Sold,,,http://www.redfin.com/TX/Quinlan/0-County-Rd-335-75474/home/145897364,NTREIS,13855225,N,Y,32.838797,-96.100803
PAST SALE,October-2-2018,Vacant Land,4784 Marian Ln,Royse City,TX,75189," $20,000.00 ",0,,Hoffman Estates,,87120,2.00,10000,,574,,,Sold,,,http://www.redfin.com/TX/Royse-City/4784-Marian-Ln-75189/home/33716759,NTREIS,13937463,N,Y,32.9684371,-96.2569696
PAST SALE,March-25-2019,Vacant Land,W Ridge Dr,Quinlan,TX,75474," $38,500.00 ",0,,Trails End Sub,,176418,4.05,9506,,400,,,Sold,,,http://www.redfin.com/TX/Quinlan/8498-W-Ridge-Dr-75474/home/33866900,NTREIS,13923237,N,Y,32.905655,-96.100549
PAST SALE,October-22-2018,Vacant Land,0 N Hwy 69,Greenville,TX,75401," $42,500.00 ",0,,Shady Lane Estate,,202118,4.64,9160,,554,,,Sold,,,http://www.redfin.com/TX/Greenville/Unknown-Unknown/home/146258367,NTREIS,13730011,N,Y,33.203814,-96.145338
PAST SALE,December-27-2019,Vacant Land,Longview Ln,Lone Oak,TX,75453," $3,069.00 ",0,,Villages At Lone Oak Ph 2,,14854,0.34,9000,,123,,8,Sold,,,http://www.redfin.com/TX/Unknown/Longview-Ln-75453/home/33731215,NTREIS,14223941,N,Y,32.978276,-96.004949
PAST SALE,June-7-2018,Vacant Land,Lakewood Dr,Quinlan,TX,75474," $6,500.00 ",0,,Waco Bay Estates,,31537,0.72,8978,,691,,,Sold,,,http://www.redfin.com/TX/Quinlan/Lakewood-Dr-75474/home/33869331,NTREIS,13834279,N,Y,32.841315,-96.024629
PAST SALE,October-18-2018,Vacant Land,Overlook Loop,Lone Oak,TX,75453," $2,100.00 ",0,,Villages At Lone Oak Ph 6,,10367,0.24,8824,,558,,,Sold,,,http://www.redfin.com/TX/Lone-Oak/Overlook-Loop-75453/home/146685385,NTREIS,13913948,N,Y,32.986729,-96.000685
PAST SALE,March-22-2019,Vacant Land,4 Fm 1571,Lone Oak,TX,75453," $48,175.00 ",0,,NO,,281833,6.47,7446,,403,,,Sold,,,http://www.redfin.com/TX/Lone-Oak/4-Farm-to-Market-1571-75453/home/148361933,NTREIS,13978865,N,Y,32.9915983,-95.9467282
PAST SALE,May-31-2019,Vacant Land,9017 Whiskers & Church Rd,Quinlan,TX,75474," $36,000.00 ",0,,T H Stewart Surv,,217800,5.00,7200,,333,,,Sold,,,http://www.redfin.com/TX/Quinlan/9017-Church-St-75474/home/166746508,NTREIS,14091338,N,Y,32.896195,-96.081547
PAST SALE,May-17-2018,Vacant Land,Private Road 3845,Quinlan,TX,75474," $35,000.00 ",0,,West Lake Acres Add,,217800,5.00,7000,,712,,,Sold,,,http://www.redfin.com/TX/Unknown/Unknown-75474/home/144958804,NTREIS,13783032,N,Y,32.8909,-96.113056
