SOLD DATE,ADDRESS,CITY,STATE OR PROVINCE,PRICE,LOCATION,LEGAL DESCRIPTION,SQUARE FEET,LOT SIZE,LOT ACREAGE,LATITUDE,LONGITUDE
1/26/2015,"25555 RIVER PINES RD  AGUILAR, CO 81020 ",AGUILAR,CO,"$62,500 ",RIVER PINES RANCH,RIVER PINES RANCH TRACT-13- CONT-40.0 ACRS M/L (AKA SWSE-08-31-65) ALSO: 08-31-65 A TRACT OF LAND LYING IN PT-SESW- CONT-1.0 ACRE M/L,1785960,1785960,41,37.35485719,-104.6928328
6/5/2015,CO ,AGUILAR,CO,"$30,250 ",CIMARRON RANCHES,CIMARRON RANCH 18-32-67 SWSW- CONT-34.07 ACRS M/L,1484089,1484089,34.07,37.25309871,-104.9354394
7/13/2015,"24315 BIGHORN DR  TRINIDAD, CO 81082 ",AGUILAR,CO,"$55,000 ",BIGHORN SHEEP RANCH,BIGHORN SHEEP RANCHETTES LOT-47-CONT-35.16 ACRS M/L (LOCATED IN PT-SW4-30-30-65),1531570,1531570,35.16,37.40357375,-104.7176055
7/16/2015,"25898 COUNTY ROAD 43 7  TRINIDAD, CO 81082 ",AGUILAR,CO,"$82,000 ",SPRING CREEK RANCH,SPRING CREEK RANCH FILING NO-2- LOT-11- CONT-35.08 ACRS M/L (LOCATED IN PT-NWNE-08-31-65),1528085,1528085,35.08,37.36635122,-104.6925285
9/17/2015,"23241 S RIDGELINE DR  TRINIDAD, CO 81082 ",AGUILAR,CO,"$60,000 ",DELAGUA CANYN RNCHS,DELAGUA CANYON RANCHES UNIT-2 LOT-37- CONT-35.559 ACRS M/L (LOCATED IN PT-E2SE-21-31-65),1548994,1548994,35.56,37.33121251,-104.6683383
4/27/2016,CO ,AGUILAR,CO,"$51,500 ",DELAGUA CANYN RNCHS,DELAGUA CANYON RANCHES UNIT-4- LOT-10- CONT-35.831 ACRS M/L (LOCATED IN PT-NENE-34-31-65),1560755,1560755,35.83,37.30714239,-104.6522077
5/18/2016,CO ,AGUILAR,CO,"$61,000 ",BLACKHAWK RANCH,BLAKCHAWK RANCH FILING NO-9- PARCEL-150- CONT-37.55 ACRS M/L (LOCATED IN PT-E2-18-30-65) (TOTAL ACREAGE FOR THIS PARCEL IS 37.64 ACRS ONLY 37.55 ACRS IN LAS ANIMAS COUNTY & 0.09 ACRE IN HUERFANO COUNTY),1635678,1635678,37.55,37.43499794,-104.7093515
9/23/2016,CO ,AGUILAR,CO,"$40,000 ",BLACKHAWK RANCH,BLACKHAWK RANCH FILING NO-2- PARCEL-19- CONT-35.11 ACRS M/L (LOCATED IN PT-SWSW-28- & PT-SESE-29- & PT-NENE-32- IN TWP-29- RNG-65),1529392,1529392,35.11,37.48520808,-104.6866324
10/17/2016,22000 SPIRIT MOUNTAIN DR  CO ,AGUILAR,CO,"$175,000 ",SPIRIT MTN RANCH,SPIRIT MOUNTAIN RANCH FILING NO-1- LOT-14- CONT-35.14 ACRS M/L (LOCATED IN PT-23-31-66),1530698,1530698,35.14,37.32810861,-104.7580277
11/7/2016,CO ,AGUILAR,CO,"$200,000 ",AGUILAR,11-31-66 NENE- CONT-40.55 ACRS M/L,1766358,1766358,40.55,37.3654706,-104.7426837
1/12/2017,CO ,AGUILAR,CO,"$32,500 ",PONDEROSA HILLS,31-31-64 NESW- CONT-40.00 ACRS M/L (AKA TRACT-68-PONDEROSA HILLS),1742400,1742400,40,37.29975223,-104.6046619
2/6/2017,"24030 BERWIND RD  TRINIDAD, CO 81082 ",AGUILAR,CO,"$40,000 ",BLACK HILLS RANCH,BLACKHILLS RANCH FILING NO-3- LOT-4- CONT-35.10 ACRS M/L (LOCATED IN PT-SW4-13-31-64),1528956,1528956,35.1,37.34031869,-104.5135854
3/20/2017,"19499 CONSTANTI RDG  TRINIDAD, CO 81082 ",AGUILAR,CO,"$83,000 ",ASPEN ROSE RANCH,ASPEN ROSE RANCH UNIT-2- PARCEL-24- CONT-37.53 ACRS M/L (LOCATED IN PT-SW4-10-32-68),1634807,1634807,37.53,37.27204793,-104.9884436
3/23/2017,CO ,AGUILAR,CO,"$28,000 ",PONDEROSA HILLS,26-31-65 SESW- CONT-40.0 ACRS M/L (AKA TRACT-22-PONDEROSA HILLS),1742400,1742400,40,37.31090499,-104.6433216
6/14/2017,"43485 COUNTY ROAD 64 8  TRINIDAD, CO 81082 ",AGUILAR,CO,"$11,000 ",LAS ANIMAS RANCH,LAS ANIMAS RANCH 20-29-62 SWSW- CONT-40.0 ACRS M/L,1742400,1742400,40,37.50034576,-104.3693671
10/10/2017,CO ,AGUILAR,CO,"$72,000 ",BLACKHAWK RANCH,BLACKHAWK RANCH FILING NO-9- PARCEL-160- CONT-35.05 ACRS M/L (ONLY 32.34 ACRS IN LAS ANIMAS COUNTY REMAINING 2.71 ACRS IN HUERFANO CNTY) (ABOVE LOCATED IN PT-SESE- 13-30-66 & PT-SWSW-18-30-65),1408730,1408730,32.34,37.42832146,-104.7221214
10/10/2017,CO ,AGUILAR,CO,"$105,000 ",SPANISH PKS RANCH ESTATES,SPANISH PEAKS RANCH ESTATES TRACT- #5 - CONT- 35.29 ACRS M/L,1537232,1537232,35.29,37.3479069,-104.9715253
11/1/2017,24100 HILL TOP RD  CO ,AGUILAR,CO,"$20,000 ",BLACK HILLS RANCH,BLACK HILLS RANCH PHASE-II- LOT-52- CONT- 35.10 ACRS M/L (LOCATED IN PT-NW4-18-31-63),1528956,1528956,35.1,37.34729294,-104.5012221
11/7/2017,CO ,AGUILAR,CO,"$75,000 ",CIMARRON RANCH-2,CIMARRON RANCH PHASE-I- LOT-57- CONT-36.10 ACRS M/L (LOCATED IN PT-07-32-67),1572516,1572516,36.1,37.27277466,-104.9297294
11/14/2017,"23600 BLACK HILLS DR  TRINIDAD, CO 81082 ",AGUILAR,CO,"$24,500 ",BLACK HILLS RANCH,BLACK HILLS RANCH PHASE-II- LOT-25- CONT-35.10 ACRS M/L (LOCATED IN PT-S2S2-24-31-64),1528956,1528956,35.1,37.32611883,-104.5096542
11/14/2017,CO ,AGUILAR,CO,"$44,000 ",BLACKHAWK RANCH,BLACKHAWK RANCH FILING NO-8- PARCEL-135- CONT-35.05 ACRS M/L (LOCATED IN PT-E2SE-08-30-65),1526778,1526778,35.05,37.44562827,-104.6875304
1/3/2018,"28760 COUNTY ROAD 41.4  AGUILAR, CO 81020 ",AGUILAR,CO,"$175,000 ",FOREMAN RANCH,FOREMAN RANCH AKA BIG HORN RANCHES FILING NO-1- TRACT-5- CONT- 35.10 ACRS M/L (LOCATED IN PT-W2-26-30-66),1528956,1528956,35.1,37.40329364,-104.7563367
1/11/2018,"28224 WILLIS LN  TRINIDAD, CO 81082 ",AGUILAR,CO,"$25,500 ",PONDEROSA HILLS,35-31-65 SWNW-CONT-40.00 ACRS M/L (AKA TRACT-33-PONDEROSA HILLS),1742400,1742400,40,37.30363922,-104.647979
2/20/2018,"19557 ASPEN ROSE DR  TRINIDAD, CO 81082 ",AGUILAR,CO,"$140,000 ",ASPEN ROSE RANCH,ASPEN ROSE RANCH UNIT-2- PARCEL-20- CONT-35.18 ACRS M/L (LOCATED IN PT-SE4-09-32-68),1532441,1532441,35.18,37.27068025,-104.9991349
2/27/2018,"23630 BLACK HILLS DR  TRINIDAD, CO 81082 ",AGUILAR,CO,"$20,000 ",BLACK HILLS RANCH,BLACK HILLS RANCH FILING NO-2- LOT-23- CONT-35.10 ACRS M/L (LOCATED IN PT-W2SW-19-31-63 & PT-E2SE-24-31-64),1528956,1528956,35.1,37.32974794,-104.5031451
2/27/2018,CO ,AGUILAR,CO,"$5,500 ",LAS ANIMAS RANCH,LAS ANIMAS RANCH 31-29-62 SWNE- CONT-40.0 ACRS M/L 40,1742400,1742400,40,37.4787151,-104.3793654
3/2/2018,CO ,AGUILAR,CO,"$59,000 ",CIMARRON RANCHES,CIMARRON RANCH 17-32-67 SESW- CONT-40.0 ACRS,1742400,1742400,40,37.25300918,-104.9134952
3/7/2018,CO ,AGUILAR,CO,"$68,445 ",AGUILAR,07-31-66 PT-SWSE- & PT-SESW- TOGETHER CONT-35.10 ACRS M/L,1528956,1528956,35.1,37.31585082,-104.0387165
4/2/2018,CO ,AGUILAR,CO,"$155,000 ",AGUILAR,TIMBER RIDGE AT CORDOVA PASS SUB-DIV PARCEL-4- CONT-35.50 ACRS M/L LOCATED IN PT-NENE-20- & PT-NWNW-21- -31-68:,1546380,1546380,35.5,37.33758707,-105.0081575
4/20/2018,"21510 COUNTY ROAD 40.2  TRINIDAD, CO 81082 ",AGUILAR,CO,"$55,000 ",PONDEROSA HILLS,36-31-65 SWNE- CONT-40.0 ACRS M/L (AKA TRACT #81 PONDEROSA HILLS),1742400,1742400,40,37.30304981,-104.6192038
6/5/2018,CO ,AGUILAR,CO,"$67,000 ",CIMARRON RANCH-2,CIMARRON RANCH PHASE-I- LOT-35- CONT- 35.10 ACRS M/L (LOCATED IN PT-SW4-01 & PT-NW4-12- 32-68),1528956,1528956,35.1,37.2802617,-104.9510747
7/18/2018,20016 WHISKEY CYN  CO ,AGUILAR,CO,"$80,000 ",ASPEN ROSE RANCH,ASPEN ROSE RANCH UNIT-1- TRACT-4- CONT-35.20 ACRS M/L (LOCATED IN PT-NWSW-03- & PT-NESE-04-32-68),1533312,1533312,35.2,37.28636913,-104.9918028
7/23/2018,"31875 COUNT RD 53 7  TRINIDAD, CO 81082 ",AGUILAR,CO,"$77,500 ",RUGBY RANCH,RUGBY RANCH FILING NO-1- LOT-3-CONT-35.10 ACRS M/L (LOCATED IN PT-E2NE-09- & PT-W2NW-10- -30-65) PHYSICAL PROPERTY ADDRESS IS,1528956,1528956,35.1,37.45305691,-104.6644549
8/13/2018,CO ,AGUILAR,CO,"$32,000 ",BLACKHAWK RANCH,BLACKHAWK RANCH FILING NO-10- PARCEL-175- CONT-35.05 ACRS M/L (LOCATED N PT-N2S2-24-30-66),1526778,1526778,35.05,37.41639165,-104.7368443
8/28/2018,CO ,AGUILAR,CO,"$30,000 ",PINON RIDGE ESTATES,PINON RIDGE ESTATES PARCEL -10- CONT-35.10 ACRS M/L (LOCATED IN PT-E2-01-31-65),1528956,1528956,35.1,37.37335917,-104.6135805
9/4/2018,"23585 BIGHORN DR  TRINIDAD, CO 81082 ",AGUILAR,CO,"$65,000 ",BIGHORN SHEEP RANCH,BIGHORN SHEEP RANCHETTES LOT-9- CONT-41.49 ACRS M/L (LOCATED IN PT-E2-25-30-66),1807304,1807304,41.49,37.40310305,-104.7233971
9/20/2018,"22990 RIDGE RD  TRINIDAD, CO 81082 ",AGUILAR,CO,"$30,000 ",BLACK HILLS RANCH,BLACK HILLS RANCH LOT -7- CONT- 42.02 ACRS M/L (LOCATED IN PARTS -22-23-26-27- TWP -31- RNG -64),1830391,1830391,42.02,37.32361745,-104.5412643
10/1/2018,23560 BIGHORN DR  CO ,AGUILAR,CO,"$55,000 ",BIGHORN SHEEP RANCH,BIGHORN SHEEP RANCHETTES LOT-7- CONT- 35.56 ACRS M/L (LOCATED IN PT-25-30-66) 1/2INT- ED F JONES 1/4INT- THOMAS W CHRISTENSEN TRUST WITH THOMAS W CHRISTENSEN & ARDELLA B CHRISTENSEN AS CO-TRUSTEES AS TENANTS IN COMMON 1/4INT- ARDELLA B CHRISTENSEN TRUST WITH ARDELLA B CHRISTENSEN & THOMAS W CHRISTENSEN AS CO-TRUSTEES AS TENANTS IN COMMON:,1548994,1548994,35.56,37.40222517,-104.7293873
10/5/2018,24777 SANDS WOODS DR  CO ,AGUILAR,CO,"$55,000 ",BIGHORN SHEEP RANCH,BIGHORN SHEEP RANCHETTES LOT-32- CONT-35.04 ACRS M/L (LOCATED IN PT-SE4-19-30-65),1526342,1526342,35.04,37.41993439,-104.7060814
10/10/2018,"23870 BLACK BEAR RD  TRINIDAD, CO 81082 ",AGUILAR,CO,"$115,000 ",APISHIPA RIVER RNCH,APISHAPA RIVER RANCH TRACT -54- CONT- 35.022 ACRS M/L (LOCATED IN PT -19-31-65),1525471,1525471,35.02,37.33706994,-104.7144164
10/15/2018,23995 DEER TRL  CO ,AGUILAR,CO,"$65,000 ",APISHIPA RIVER RNCH,APISHAPA RIVER RANCH TRACT-65- CONT-35.002 ACRS M/L (LOCATED IN PT-SECS -17-20- -31-65),1524600,1524600,35,37.33807945,-104.6944771
11/19/2018,CO ,AGUILAR,CO,"$40,000 ",PINON RIDGE ESTATES,PINON RIDGE ESTATES PARCEL-5- CONT-35.12 ACRS M/L (LOCATED IN PT-N2-01-31-65),1529827,1529827,35.12,37.37955914,-104.6222917
1/9/2019,CO ,AGUILAR,CO,"$67,750 ",HIDDEN CANYON RANCH,HIDDEN CANYON RANCH PARCEL-A- CONT-35.22 ACRS M/L LOCATED IN PT-S2-13-31-66,1534183,1534183,35.22,37.34393979,-104.7264132
1/31/2019,CO ,AGUILAR,CO,"$115,000 ",CIMARRON RANCH-2,CIMARRON RANCH PHASE-I- LOT-20- CONT-35.10 ACRS M/L (LOCATED IN PT-NW4-01-32-68),1528956,1528956,35.1,37.29312452,-104.9475774
2/1/2019,"25520 RIDGELINE DR  TRINIDAD, CO 81082 ",AGUILAR,CO,"$40,000 ",DELAGUA CANYN RNCHS,DELAGUA CANYON RANCHES UNIT-3- LOT-57- CONT-35.644 ACRS M/L (LOCATED IN PT OF SECTIONS 3-&-10-31-65),1552478,1552478,35.64,37.36473309,-104.6623125
3/26/2019,CO ,AGUILAR,CO,"$69,000 ",DELAGUA CANYN RNCHS,DELAGUA CANYON RANCHES UNIT-1- LOT-12- CONT-35.50 ACRS M/L (LOCATED IN PT-34-31-65),1546380,1546380,35.5,37.3027325,-104.668013
4/1/2019,CO ,AGUILAR,CO,"$130,000 ",SPIRIT MTN RANCH,SPIRIT MOUNTAIN RANCH FILING NO-2- LOT-36- CONT-35.20 ACRS M/L (LOCATED IN PT-SW4-22-31-66),1533312,1533312,35.2,37.32800962,-104.7737892
5/21/2019,CO ,AGUILAR,CO,"$89,500 ",APISHIPA RIVER RNCH,APISHAPA RIVER RANCH TRACT-36- CONT-35.003 ACRS M/L (LOCATED IN PT-19-31-65),1524600,1524600,35,37.32970169,-104.7163068
5/21/2019,21000 SPIRIT MOUNTAIN DR  CO ,AGUILAR,CO,"$90,800 ",SPIRIT MTN RANCH,SPIRIT MOUNTAIN RANCH FILING NO-1- LOT-7- CONT-35.10 ACRS M/L 35 (LOCATED IN PT-NE4-28-31-66),1528956,1528956,35.1,37.32300751,-104.779164
6/10/2019,CO ,AGUILAR,CO,"$139,300 ",APISHIPA RIVER RNCH,APISHAPA RIVER RANCH TRACT-34- CONT-37.460 ACRS M/L (LOCATED IN PT-24-31-66),1631758,1631758,37.46,37.32895869,-104.7258336
6/28/2019,CO ,AGUILAR,CO,"$59,900 ",PONDEROSA HILLS,31-31-64 NWNW- CONT-40.00 ACRS (AKA TRACT-59-PONDEROSA HILLS),1742400,1742400,40,37.30652436,-104.6093151
7/29/2019,"24020 ADAMS RD  TRINIDAD, CO 81082 ",AGUILAR,CO,"$37,000 ",BLACK HILLS RANCH,BLACK HILLS RANCH FILING NO-5- LOT-5- CONT-35.10 ACRS M/L (LOCATED IN PT-SW4-14-31-64),1528956,1528956,35.1,37.34158706,-104.534911
8/14/2019,CO ,AGUILAR,CO,"$75,000 ",SPANISH PKS RANCH ESTATES,SPANISH PEAKS RANCH ESTATES TRACT-#23- CONT-35.63 ACRS 3,1552043,1552043,35.63,37.3298953,-104.9804598
8/29/2019,"12185 COUNCIL RD  TRINIDAD, CO 81082 ",AGUILAR,CO,"$60,000 ",CIMARRON RANCH-2,CIMARRON RANCH PHASE-I- LOT-26- CONT-39.40 ACRS M/L (LOCATED IN PT-E2E2-01-32-68),1716264,1716264,39.4,37.2880078,-104.9421624
9/17/2019,CO ,AGUILAR,CO,"$65,000 ",APISHIPA RIVER RNCH,APISHAPA RIVER RANCH TRACT-64- CONT-35.010 ACRS M/L (LOCATED IN PT-SECS-20-21--31-65),1525036,1525036,35.01,37.33935121,-104.6907916
9/30/2019,CO ,AGUILAR,CO,"$55,000 ",HIDDEN CANYON RANCH,HIDDEN CANYON RANCH PARCEL-B- CONT-36.62 ACRS M/L (LOCATED IN PT-S2-13-31-66),1595167,1595167,36.62,37.34304643,-104.7297767
9/30/2019,"29823 COUNTY ROAD 40 2  TRINIDAD, CO 81082 ",AGUILAR,CO,"$27,000 ",PONDEROSA HILLS,PONDEROSA HILLS TRACT-27- CONT-40.0 ACRS M/L AKA SWSE-25-31-65,1742400,1742400,40,37.31024133,-104.6192254
10/1/2019,CO ,AGUILAR,CO,"$40,000 ",PONDEROSA HILLS,31-31-64 NWSE- CONT-40.0 ACRS (AKA TRACT #69 PONDEROSA HILLS),1742400,1742400,40,37.30003148,-104.6002243
10/4/2019,CO ,AGUILAR,CO,"$69,900 ",RUGBY RANCH,RUGBY RANCH FILING NO-1-LOT-17-CONT-35.60 ACRS M/L PT-W2 - 04-30-65,1550736,1550736,35.6,37.4627566,-104.6780251
10/9/2019,"32013 COUNTY ROAD 53 7  TRINIDAD, CO 81082 ",AGUILAR,CO,"$69,900 ",RUGBY RANCH,RUGBY RANCH FILING NO-1- LOT-3-CONT-35.10 ACRS M/L (LOCATED IN PT-E2NE-09- & PT-W2NW-10- -30-65) PHYSICAL PROPERTY ADDRESS IS 31875 COUNTY RD 53.7 LOT-4-CONT-35.10 ACRS M/L (LOCATED IN PT-E2NE-09- & PT-W2NW-10- -30-65) PHYSICAL PROPERTY ADDRESS IS 32013 COUNTY RD 53.7,1528956,1528956,35.1,37.45476349,-104.665103
10/25/2019,CO ,AGUILAR,CO,"$75,000 ",APISHIPA RIVER RNCH,APISHAPA RIVER RANCH TRACT-39- CONT-35.001 ACRS M/L (LOCATED IN PT-SECS-19- & -20- 31-65) OTHERS ON DEED; MICHAEL RAY NORRIS,1524600,1524600,35,37.32957573,-104.702164
11/1/2019,"19500 CONSTANTI RDG  TRINIDAD, CO 81082 ",AGUILAR,CO,"$105,000 ",ASPEN ROSE RANCH,ASPEN ROSE RANCH UNIT-2- PARCEL-15- CONT-35.16 ACRS M/L (LOCATED IN PT-SENW-10-32-68),1531570,1531570,35.16,37.27560216,-104.985093
11/14/2019,"33750 S CIRCLE  TRINIDAD, CO 81082 ",AGUILAR,CO,"$35,000 ",BLACK HILLS RANCH,BLACK HILLS RANCH LOT-2- CONT-35.07 ACRS M/L (LOCATED IN PT-S2NE-27-31-64),1527649,1527649,35.07,37.31840758,-104.5415716
11/14/2019,"29753 COUNTY ROAD 40 2  TRINIDAD, CO 81082 ",AGUILAR,CO,"$30,000 ",PONDEROSA HILLS,36-31-65 NWNE- CONT-40.00 ACRS (AKA TRACT-77-PONDEROSA HILLS),1742400,1742400,40,37.30658948,-104.6192237
11/21/2019,CO ,AGUILAR,CO,"$60,000 ",DELAGUA CANYN RNCHS,DELAGUA CANYON RANCHES UNIT-4- LOT-7- CONT-35.5 ACRS M/L (LOCATED IN PT-SESE-34-31-65),1546380,1546380,35.5,37.29702573,-104.6533706
12/9/2019,CO ,AGUILAR,CO,"$15,000 ",PONDEROSA HILLS,31-31-64 NENW- CONT-40.00 ACRS M/L (AKA TRACT-60-PONDEROSA HILLS),1742400,1742400,40,37.3068043,-104.6047328
12/13/2019,CO ,AGUILAR,CO,"$55,000 ",AGUILAR,35-30-65 A TRACT OF LAND LYING IN PT-SWNE-PT-N2SE-PT-NESW-PT-SENW CONT-50.0 AC M/L,2178000,2178000,50,37.38907226,-104.6377139
12/17/2019,"29150 KINDIG DR  TRINIDAD, CO 81082 ",AGUILAR,CO,"$40,000 ",BIGHORN SHEEP RANCH,BIGHORN SHEEP RANCHETTES LOT-37- CONT-35.48 ACRS M/L (LOCATED IN PT-S2-19-30-65),1545509,1545509,35.48,37.1736,-104.5142
12/23/2019,CO ,AGUILAR,CO,"$95,000 ",BLACKHAWK RANCH,BLACKHAWK RANCH FILING NO-9- PARCEL-167- CONT-35.06 ACRS M/L (LOCATED IN PT-SWNE-13- & PT-NWNE-24-30-66),1439222,1439222,33.04,37.42540105,-104.7297387
1/2/2020,CO ,AGUILAR,CO,"$59,900 ",PONDEROSA HILLS,36-31-65 SESW-CONT-40.0 ACRS M/L (AKA TRACT-42-PONDEROSA HILLS),1742400,1742400,40,37.29607458,-104.6241403
1/3/2020,CO ,AGUILAR,CO,"$68,000 ",RUGBY RANCH,RUGBY RANCH FILING NO-1 LOT-15-CONT-35.10 ACRS M/L (LOCATED IN PT- S2 OF 04-30-65),1528956,1528956,35.1,37.46019466,-104.6745088
2/13/2020,CO ,AGUILAR,CO,"$19,900 ",LAS ANIMAS RANCH,LAS ANIMAS RANCH 31-29-62 NWSW- CONT-40.0 ACRS M/L,1742400,1742400,40,37.47516356,-104.3886904
3/10/2020,"24550 WEST LN  TRINIDAD, CO 81082 ",AGUILAR,CO,"$30,000 ",BLACK HILLS RANCH,BLACK HILLS RANCH PHASE -II- LOT -48- CONT- 35.10 ACRS M/L (LOCATED IN PT -W2SE -13-31-64),1528956,1528956,35.1,37.34296935,-104.5094809
4/6/2015,"60651 COUNTY ROAD 78  TRINIDAD, CO 81082 ",HOEHNE,CO,"$26,500 ",LAS ANIMAS RANCH,LAS ANIMAS RANCH 31-28-59 SWSE- CONT-42.79 ACRS M/L,1863932,1863932,42.79,37.55881014,-104.0480836
8/7/2015,CO ,HOEHNE,CO,"$12,500 ",PINON CANYON RANCH,PINON CANYON RANCH LOT-8- CONT-37.349 ACRS M/L (AKA SENE-24-28-61),1626966,1626966,37.35,37.59485642,-104.1716585
12/1/2015,CO ,HOEHNE,CO,"$9,500 ",LAS ANIMAS RANCH,LAS ANIMAS RANCH 22-28-59 NWNW- CONT-40.23 ACRS M/L,1752419,1752419,40.23,37.5998016,-104.0017567
12/14/2015,CO ,HOEHNE,CO,"$15,000 ",LAS ANIMAS RANCH,LAS ANIMAS RANCH 14-28-59 NESE- CONT-40.0 ACRS M/L,1742400,1742400,40,37.60742955,-103.9696814
6/10/2016,CA ,HOEHNE,CA,"$14,000 ",LAS ANIMAS RANCH,LAS ANIMAS RANCH 35-28-59 SWSW-CONT-40.47 ACRS M/L UND 1/2 INT - ROBERT PEREL: UND 1/2 INT - STEVEN BERCU TRUSTEE:,1749805,1749805,40.17,37.55839933,-103.9838199
7/12/2016,CO ,HOEHNE,CO,"$8,000 ",SANTA FE TRL RNCHS,SANTA FE TRAIL RANCHES PHASE-I- RANCH-80- CONT-36.40 ACRS M/L (LOCATED IN PT-S2S2-34-29-61 & PT-N2N2-03-30-61),1585584,1585584,36.4,37.46949111,-104.2180498
11/1/2016,"61987 COUNTY ROAD 78 4  TRINIDAD, CO 81082 ",HOEHNE,CO,"$19,500 ",LAS ANIMAS RANCH,LAS ANIMAS RANCH 32-28-59 SENE- CONT-40.12 ACRS M/L,1747627,1747627,40.12,37.56667348,-104.0249144
11/1/2016,CO ,HOEHNE,CO,"$11,900 ",LONGHORN RANCH,LONGHORN RANCH PHASE-II- BLK-8- LOT-1- CONT-36.08 ACRS M/L,1571645,1571645,36.08,37.2096265,-104.908852
12/2/2016,CO ,HOEHNE,CO,"$14,900 ",LONGHORN RANCH,LONGHORN RANCH PHASE-I- BLK-5- LOT-16- CONT-36.09 ACRS M/L,1572080,1572080,36.09,37.62018129,-104.1485417
12/7/2016,"60222 COUNTY ROAD 78  TRINIDAD, CO 81082 ",HOEHNE,CO,"$17,000 ",LAS ANIMAS RANCH,LAS ANIMAS RANCH 06-29-59 NENW- CONT-41.34 ACRS M/L,1800770,1800770,41.34,37.55519622,-104.0526111
12/7/2016,CO ,HOEHNE,CO,"$14,900 ",LONGHORN RANCH,LONGHORN RANCH PHASE-I- BLK-1- LOT-9- CONT-35.78 ACRS M/L,1558577,1558577,35.78,37.63728593,-104.1466443
12/8/2016,CO ,HOEHNE,CO,"$11,900 ",LONGHORN RANCH,LONGHORN RANCH PHASE-II- BLK-10- LOT-5- CONT-36.00 ACRS M/L,1568160,1568160,36,37.60465344,-104.0692791
12/29/2016,CO ,HOEHNE,CO,"$12,900 ",LONGHORN RANCH,LONGHORN RANCHPHASE-I- BLK-4- LOT-4- CONT-35.16ACRS M/L,1531570,1531570,35.16,37.6152919,-104.1331259
1/3/2017,39722 BEAR SPRINGS TRL  CO ,HOEHNE,CO,"$19,900 ",LAS ANIMAS RANCH,LAS ANIMAS RANCH 35-28-59 NWNE- CONT-39.50 ACRS M/L,1720620,1720620,39.5,37.56960009,-103.9745208
1/12/2017,CO ,HOEHNE,CO,"$13,900 ",LONGHORN RANCH,LONGHORN RANCH PHASE-I- BLK-1- LOT-3- CONT- 46.05 ACRS M/L,2005938,2005938,46.05,37.63849361,-104.1616519
1/12/2017,CO ,HOEHNE,CO,"$14,900 ",LONGHORN RANCH,LONGHORN RANCH PHASE-I- BLK-6- LOT-19- CONT-43.39 ACRS M/L,1890068,1890068,43.39,37.6199527,-104.1683802
2/13/2017,CO ,HOEHNE,CO,"$8,250 ",LONGHORN RANCH,LONGHORN RANCH PHASE-II- BLK-8- LOT-8- CONT-36.00 ACRS M/L,1568160,1568160,36,37.61695483,-104.0701853
2/15/2017,CO ,HOEHNE,CO,"$4,000 ",LONGHORN RANCH,LONGHORN RANCH PHASE-II- BLK-9- LOT-22- CONT-36.00 ACRS M/L,1568160,1568160,36,37.60952556,-104.1016688
3/1/2017,CO ,HOEHNE,CO,"$15,400 ",LAS ANIMAS RANCH,LAS ANIMAS RANCH 13-28-59 NWNW- CONT-40.48 ACRS M/L LAS ANIMAS RANCH 13-28-59 NENW- CONT-40.96 ACRS M/L,1784218,1784218,40.96,37.61396836,-103.9627008
3/20/2017,"58910 COUNTY ROAD 78  TRINIDAD, CO 81082 ",HOEHNE,CO,"$13,600 ",PINON CANYON RANCH,PINON CANYON RANCH LOT-137- CONT-35.240 ACRS M/L AKA NENE-02-29-60,1535054,1535054,35.24,37.55547106,-104.0799984
3/29/2017,CO ,HOEHNE,CO,"$19,900 ",LONGHORN RANCH,LONGHORN RANCH PHASE-I- BLK-2- LOT-15- CONT-36.00 ACRS M/L,1568160,1568160,36,37.62761574,-104.1370309
4/12/2017,"111 N HENDREN AVE  WALSENBURG, CO 81089 ",HOEHNE,CO,"$12,900 ",LONGHORN RANCH,LONGHORN RANCH PHASE-I- BLK-3- LOT-3- CONT-35.14 ACRS M/L,1530698,1530698,35.14,37.61335533,-104.139666
4/12/2017,CO ,HOEHNE,CO,"$14,900 ",SANTA FE TRL RNCHS,SANTA FE TRAIL RANCHES PHASE-I- RANCH-#75- CONT-35.5 ACRS M/L (LOCATED IN PT-SE4-34-29-61),1546380,1546380,35.5,37.47419487,-104.2091959
5/1/2017,CO ,HOEHNE,CO,"$4,000 ",PINON CANYON RANCH,PINON CANYON RANCH LOT-39- CONT-49.168 ACRS M/L (AKA NWNW-30-28-60),2141758,2141758,49.17,37.58396717,-104.1667761
6/12/2017,"22970 BLACK HILLS DR  TRINIDAD, CO 81082 ",HOEHNE,CO,"$30,000 ",BLACK HILLS RANCH,BLACK HILLS RANCH PHASE-II- LOT-12- CONT-37.70 ACRS M/L (LOCATED IN PT-NE4-30-31-63),1642212,1642212,37.7,37.32057267,-104.4914264
6/14/2017,CO ,HOEHNE,CO,"$12,500 ",SANTA FE TRL RNCHS,SANTA FE TRAIL RANCHES PHASE-I- RANCH-1-CONT-36.2 ACRS M/L (LOCATED IN NENW-30-29-61) RANCH-2-CONT-36.3 ACRS M/L (LOCATED IN NWNE-30-29-61),1576872,1576872,36.2,37.4964107,-104.2743459
6/14/2017,CO ,HOEHNE,CO,"$8,000 ",HOEHNE,09-35-61 NWSW- CONT-40.0 ACRS M/L,1742400,1742400,40,37.00718231,-104.2454755
8/3/2017,41088 BEAR SPRINGS TRL  CO ,HOEHNE,CO,"$15,900 ",LAS ANIMAS RANCH,LAS ANIMAS RANCH 23-28-59 SESW- CONT-41.68 ACRS M/L,1815581,1815581,41.68,37.58854597,-103.9789577
9/6/2017,CO ,HOEHNE,CO,"$22,000 ",LAS ANIMAS RANCH,LAS ANIMAS RANCH 13-28-59 NWNW- CONT-40.48 ACRS M/L,1763309,1763309,40.48,37.31585082,-104.0387165
10/10/2017,CO ,HOEHNE,CO,"$21,000 ",LAS ANIMAS RANCH,LAS ANIMAS RANCH 13-28-59 SESW- CONT-40.27 ACRS M/L,1754161,1754161,40.27,37.60319972,-103.9604493
10/19/2017,CO ,HOEHNE,CO,"$20,000 ",RANCHO VERDE,RANCHO VERDE TRACT-103- CONT-40.0 ACRS M/L AKA SWNW-20-32-63 PLAT MAP ON FILE,1742400,1742400,40,37.24482702,-104.4826263
11/30/2017,CO ,HOEHNE,CO,"$12,925 ",HOEHNE,18-32-62 PT-NWSW- & 13-32-63 PT-SE4- TOGETHER CONT-36.93 ACRS M/L,1608671,1608671,36.93,37.31585082,-104.0387165
1/22/2018,"44203 BEAR SPRINGS TRL  TRINIDAD, CO 81082 ",HOEHNE,CO,"$6,000 ",LAS ANIMAS RANCH,LAS ANIMAS RANCH 08-28-58 SENE-CONT-39.79 ACRS M/L,1733252,1733252,39.79,37.6245814,-103.9148689
1/24/2018,CO ,HOEHNE,CO,"$12,979 ",PINON CANYON RANCH,PINON CANYON RANCH LOT-23- CONT-49.507 ACRS M/L (AKA NWSW-19-28-60),2156656,2156656,49.51,37.59123456,-104.1667078
2/8/2018,CO ,HOEHNE,CO,"$13,499 ",LONGHORN RANCH,LONGHORN RANCH PHASE-I- BLK-2- LOT-1- CONT-39.29 ACRS M/L,1711472,1711472,39.29,37.63062128,-104.1558974
2/15/2018,CO ,HOEHNE,CO,"$10,000 ",SANTA FE TRL RNCHS,SANTA FE TRAIL RANCHES PHASE-I- RANCH-8-CONT-36.10 ACRS M/L (LOCATED IN NENE-29-29-61),1572516,1572516,36.1,37.31585082,-104.0387165
2/20/2018,39002 NICOLO RD  CO ,HOEHNE,CO,"$40,000 ",EMERALD VISTA ESTATE,"EMERALD VISTA ESTATES FILING NO-2- LOT-36- CONT-35.04 ACRS M/L (LOCATED IN PT-NW4-15-33-63) 1/2 INT - JEANNE """"ELIZABETH"""" DORIS PARKER TRUSTEE OF THE PARKER 2009 FAMILY TRUST: 1/2 INT - JANICE M DARLING:""""",1526342,1526342,35.04,37.17388112,-104.4475417
3/2/2018,CO ,HOEHNE,CO,"$9,000 ",LONGHORN RANCH,LONGHORN RANCH PHASE-II- BLK-9- LOT-4- CONT-35.50 ACRS M/L,1546380,1546380,35.5,37.61502986,-104.0987037
3/9/2018,CO ,HOEHNE,CO,"$10,997 ",LAS ANIMAS RANCH,LAS ANIMAS RANCH 28-29-62 NWSE- CONT-40.0 ACRS M/L,1742400,1742400,40,37.48938712,-104.3422821
3/30/2018,"22910 BLACK HILLS DR  TRINIDAD, CO 81082 ",HOEHNE,CO,"$23,000 ",BLACK HILLS RANCH,BLACK HILLS RANCH PHASE-II- LOT-5- CONT-35.10 ACRS M/L (LOCATED IN PT-NE4-25-31-64) OTHERS ON DEED: 1/3 INT- PAMELA A DELVANO 1/3 INT- PRISCILLA A TALICH 1/3 INT- PAULETTE GARCIA ALL AS TENANTS IN COMMON,1528956,1528956,35.1,37.32271646,-104.5070497
3/30/2018,CO ,HOEHNE,CO,"$24,900 ",SUNRISE TRAILS,SUNRISE TRAILS FILING NO-1-PARCEL-13- CONT-35.50 ACRS M/L LOCATED IN PT-SW4-03- & PT-E2SE-04-32-63: ABOVE LEGAL PROPERTY,1546380,1546380,35.5,37.2803885,-104.44506
4/2/2018,"18995 SUNRISE TRAILS RD  TRINIDAD, CO 81082 ",HOEHNE,CO,"$22,000 ",SUNRISE TRAILS,SUNRISE TRAILS FILING NO-2- PARCEL-3- CONT-36.25 ACRS M/L LOCATED IN PT-SW4-10-32-63 ABOVE LEGAL PROPERTY ADDRESS 18995 SUNRISE TRAIL RD,1579050,1579050,36.25,37.26795539,-104.4429684
4/3/2018,CO ,HOEHNE,CO,"$7,329 ",LONGHORN RANCH,LONGHORN RANCH PHASE-I- BLK-6- LOT-8- CONT-35.70 ACRS M/L,1555092,1555092,35.7,37.60172878,-104.1517099
4/12/2018,"37300 KUNZITE RD  TRINIDAD, CO 81082 ",HOEHNE,CO,"$35,000 ",EMERALD VISTA ESTATE,EMERALD VISTA ESTATES FILING NO-2- LOT-19- CONT- 35.00 ACRS M/L (LOCATED IN PT-NE4-09-33-63),1524600,1524600,35,37.18692563,-104.4582211
4/23/2018,CO ,HOEHNE,CO,"$19,000 ",LAS ANIMAS RANCH,LAS ANIMAS RANCH 27-28-59 SENW- CONT-41.21 ACRS M/L,1795108,1795108,41.21,37.58111012,-103.9973556
4/23/2018,CO ,HOEHNE,CO,"$6,800 ",HOEHNE,11-28-61 SESE- CONT-40.0 ACRS M/L,1742400,1742400,40,37.31585082,-104.0387165
6/1/2018,"20013 SUNRISE TRAILS RD  TRINIDAD, CO 81082 ",HOEHNE,CO,"$12,500 ",SUNRISE TRAILS,SUNRISE TRAILS FILING NO-1- PARCEL-11- CONT-35.87 ACRS M/L (LOCATED IN PT-SESE-04- & PT-NENE-09--32-63) ABOVE LEGAL PROPERTY ADDRESS 20013 SUNRISE TRAIL RD,1562497,1562497,35.87,37.278802,-104.4508597
6/6/2018,"20770 SUNRISE TRAILS RD  TRINIDAD, CO 81082 ",HOEHNE,CO,"$12,500 ",SUNRISE TRAILS,SUNRISE TRAILS FILING NO-1- PARCEL-3- CONT-35.05 ACRS M/L LOCATED IN PT-NW4-03-32-63 ABOVE LEGAL PROPERTY ADDRESS 20770 SUNRISE TRAIL RD:,1526778,1526778,35.05,37.29227122,-104.4432125
7/24/2018,CO ,HOEHNE,CO,"$25,000 ",PONDEROSA HILLS,31-31-64 PT-NWNE- CONT-37.00 ACRS M/L (AKA PT-TRACT-61- PONDEROSA HILLS),1611720,1611720,37,37.30706071,-104.6001957
8/9/2018,43751 BEAR SPRINGS TRL  CO ,HOEHNE,CO,"$7,500 ",LAS ANIMAS RANCH,LAS ANIMAS RANCH 12-28-59 SWNW- CONT-41.52 ACRS M/L,1808611,1808611,41.52,37.62526442,-103.9651547
8/16/2018,CO ,HOEHNE,CO,"$10,000 ",LAS ANIMAS RANCH,LAS ANIMAS RANCH 24-29-62 SWNW- CONT-40.0 ACRS M/L,1742400,1742400,40,37.50740822,-104.2964055
8/16/2018,CO ,HOEHNE,CO,"$7,146 ",LONGHORN RANCH,LONGHORN RANCH PHASE-I- BLK-4- LT-8- CONT-35.73 ACRS M/L,1556399,1556399,35.73,37.60616329,-104.1351071
8/20/2018,CO ,HOEHNE,CO,"$21,900 ",LAS ANIMAS RANCH,LAS ANIMAS RANCH 22-28-59 SWNE- CONT- 40.46 ACRS M/L,1762438,1762438,40.46,37.5961122,-103.9926648
9/4/2018,"23945 EAST LN  TRINIDAD, CO 81082 ",HOEHNE,CO,"$27,000 ",BLACK HILLS RANCH,BLACK HILLS RANCH PHASE-II- LOT-33- CONT-35.10 ACRS M/L (LOCATED IN PT-E2E2-19-31-63),1528956,1528956,35.1,37.33241841,-104.4863093
9/4/2018,"12900 CORUNDUM RD  TRINIDAD, CO 81082 ",HOEHNE,CO,"$45,000 ",EMERALD VISTA ESTATE,EMERALD VISTA ESTATES FILING NO-1- LOT-3- CONT-34.31 ACRS M/L (LOCATED IN PT-E2NE-17- & PT-S2SE-08- 33-63),1494544,1494544,34.31,37.17724931,-104.4706766
10/10/2018,CO ,HOEHNE,CO,"$5,000 ",LAS ANIMAS RANCH,LAS ANIMAS RANCH 08-28-58 SENW- CONT-39.79 ACRS M/L,1733252,1733252,39.79,37.6242766,-103.9241761
11/16/2018,CO ,HOEHNE,CO,"$7,677 ",LAS ANIMAS RANCH,LAS ANIMAS RANCH 27-28-59 SWSW- CONT-42.77 ACRS M/L,1863061,1863061,42.77,37.57366151,-104.0020161
11/27/2018,CO ,HOEHNE,CO,"$183,320 ",OUTBACK RANCH,OUTBACK RANCH FILING NO -1- LOT -5- CONT-35.10 ACRS M/L (LOCATED IN PT-N2-11-28-61),1528956,1528956,35.1,37.6259344,-104.1967702
12/17/2018,"13245 RUBIA CT  TRINIDAD, CO 81082 ",HOEHNE,CO,"$43,500 ",EMERALD VISTA ESTATE,EMERALD VISTA ESTATES FILING NO-1- LOT-16- CONT-35.12 ACRS M/L (LOCATED IN PT-SE4-08- & PT-SW4- 09-33-63),1529827,1529827,35.12,37.18030831,-104.4671495
12/21/2018,"12450 KUNZITE RD  TRINIDAD, CO 81082 ",HOEHNE,CO,"$39,000 ",EMERALD VISTA ESTATE,EMERALD VISTA ESTATES FILING NO-2- LOT-34- CONT- 35.09 ACRS M/L PROPERTY ADDRESS FOR ABOVE 12338 KUNZITE RD (ABOVE LEGAL LOCATED IN PT-SW4-15-33-63) LOT-35- CONT- 35.00 ACRS M/L PROPERTY ADDRESS FOR ABOVE 12450 KUNZITE RD (ABOVE LEGAL LOCATED IN PT-W2-15-33-63),1524600,1524600,35,37.171716,-104.4450559
4/17/2019,CO ,HOEHNE,CO,"$15,746 ",LAS ANIMAS RANCH,LAS ANIMAS RANCH 15-28-59 NWNE- CONT-39.0 ACRS M/L,1698840,1698840,39,37.61451186,-103.9926372
4/23/2019,CO ,HOEHNE,CO,"$7,123 ",LAS ANIMAS RANCH,LAS ANIMAS RANCH 25-29-62 SESW- CONT-40.0 ACRS M/L,1742400,1742400,40,37.48550089,-104.2921596
4/26/2019,CO ,HOEHNE,CO,"$4,678 ",LONGHORN RANCH,LONGHORN RANCH PHASE-III- LT-387- CONT-46.78 ACRS M/L,2037737,2037737,46.78,37.57837049,-104.2262173
5/21/2019,CO ,HOEHNE,CO,"$15,900 ",LAS ANIMAS RANCH,LAS ANIMAS RANCH 27-28-59 NESE- CONT-41.60 ACRS M/L,1812096,1812096,41.6,37.57728777,-103.9882241
6/19/2019,CO ,HOEHNE,CO,"$4,600 ",SANTA FE TRL RNCHS,SANTA FE TRAIL RANCHES PHASE-1- RANCH #5- CONT-36.30 ACRS M/L (LOCATED IN PT-NW4-29-29-61),1581228,1581228,36.3,37.49654247,-104.2581232
9/23/2019,"51015 COUNTY ROAD 64  MODEL, CO 81059 ",HOEHNE,CO,"$9,997 ",SANTA FE TRL RNCHS,SANTA FE TRAIL RANCHES PHASE-I- RANCH-91- CONT-35.50 ACRS M/L (LOCATED IN PT-E2E2-04-30- 61),1546380,1546380,35.5,37.45900053,-104.2278854
10/9/2019,CO ,HOEHNE,CO,$500 ,LAS ANIMAS RANCH,LAS ANIMAS RANCH 15-28-59 SENE- CONT-39.0 ACRS M/L,1698840,1698840,39,37.61087721,-103.9880824
1/22/2018,CO ,KIM,CO,"$4,000 ",KIM,06-33-55 E PT LT-4- CONT- 11.85 ACRS 06-33-55 W2 LT-3- CONT- 20.075 ACRS OTHERS ON DEED:25% INT - WILLIAM M MALDONADO: 25% INT - LORETTO COMSTOCK: 50% INT - CATHOLIC SOCIAL SERVICES OF ALBUQUERQUE NM,1390871,1390871,31.93,37.20289206,-103.6266014
2/13/2018,CO ,KIM,CO,"$7,000 ",KIM,34-30-56 SWNE-,1742400,1742400,40,37.38890333,-103.6693643
2/9/2015,CO ,PRIMERO,CO,"$35,000 ",PRIMERO,14-33-67 NESW- CONT-40.0 ACRS M/L,1742400,1742400,40,37.178747,-104.5065975
3/27/2015,CO ,PRIMERO,CO,"$25,000 ",PRIMERO,14-33-66 NESW- CONT-40.0 ACRS M/L,1742400,1742400,40,37.16952814,-104.7513959
8/31/2015,8510 GUN BARREL RDG  CO ,PRIMERO,CO,"$35,000 ",EAGLES LANDING,EAGLES LANDING FILING NO-2- LOT-50- CONT-35.38 ACRS M/L (LOCATED IN TWP-33- RNG-68),1541153,1541153,35.38,37.17917681,-104.9714961
9/17/2015,"55511 COUNTY ROAD 32 5  TRINIDAD, CO 81082 ",PRIMERO,CO,"$50,000 ",ROBINSON TRACTS,ROBINSON TRACTS TRACT -2- CONT-35.00 ACRS M/L (LOCATED IN PT-E2SW-27-32- 67),1524600,1524600,35,37.22443425,-104.8773627
6/10/2016,"23711 SAN JUAN MESA TRL  TRINIDAD, CO 81082 ",PRIMERO,CO,"$35,000 ",SAN JUAN MESA RANCH,SAN JUAN MESA RANCH SUB-DIV TRACT-4-CONT-35.45 ACRS M/L (LOCATED IN PT-N2-36-33-66),1544202,1544202,35.45,37.13449095,-104.7269607
2/13/2017,CO ,PRIMERO,CO,"$32,000 ",SAN JUAN MESA RANCH,SAN JUAN MESA RANCH SUB-DIV TRACT-3-CONT-35.15 ACRS M/L (LOCATED IN PT-N2-36-33-66),1531134,1531134,35.15,37.31585082,-104.0387165
5/22/2017,CO ,PRIMERO,CO,"$38,000 ",SAN JUAN MESA RANCH,SAN JUAN MESA RANCH SUB-DIV TRACT-C- CONT-38.30 ACRS M/L (LOCATED IN PT-N2-36-33-66),1668348,1668348,38.3,37.1714705,-104.5196185
5/24/2017,"7880 WIDOW WOMAN CANYON RD  TRINIDAD, CO 81082 ",PRIMERO,CO,"$38,000 ",LONGS CANYON,LONG CANYON RANCH PHASE-II- LOT-231- CONT-35.10 ACRS M/L (LOCATED IN PT-NE4-08- & PT-NW4-09- TWP-34- RNG-65),1528956,1528956,35.1,37.10135422,-104.6844353
6/12/2017,CO ,PRIMERO,CO,"$50,000 ",RANCHO ESCONDIDO,RANCHO ESCONDIDO UNIT-4- LOT-52C- CONT-35.10 ACRS M/L (LOCATED IN PT-SECS-05-08- -33-67),1528956,1528956,35.1,37.19415304,-104.9265081
6/12/2017,CO ,PRIMERO,CO,"$63,500 ",RANCHO ESCONDIDO,RANCHO ESCONDIDO UNIT-1- LOT-8- CONT-40.01 ACRS M/L (LOCATED IN PT-N2N2-18-33-67),1742836,1742836,40.01,37.17317956,-104.9280798
7/31/2017,CO ,PRIMERO,CO,"$16,000 ",PRIMERO,14-33-66 NWSE- CONT-40.0 ACRS M/L,1742400,1742400,40,37.1695592,-104.7468962
11/7/2017,CO ,PRIMERO,CO,"$54,000 ",CIELO GRANDE,CIELO GRANDE SUB-DIV LOT-12-CONT-36.57 ACRS M/L (AKA NENE-21-33-67),1592989,1592989,36.57,37.16335878,-104.8861537
11/14/2017,8475 WIDOW WOMAN CANYON RD  CO ,PRIMERO,CO,"$405,000 ",LONGS CANYON,LONG CANYON RANCH PHASE-II- LOT-207- CONT-35.10 ACRS M/L (LOCATED IN PT-NE4-05-34-65),1528956,1528956,35.1,37.11837083,-104.6885956
11/20/2017,CO ,PRIMERO,CO,"$55,000 ",NORTH FORK PROPRTIES,NORTH FORK PROPERTIES PHASE-2- LOT-19- CONT-35.26 ACRS M/L (LOCATED IN PT-N2-02-33-68),1535926,1535926,35.26,37.20414591,-104.9660327
11/30/2017,26000 MIDDLE FORK TRL  CO ,PRIMERO,CO,"$27,500 ",LONGS CANYON,LONG CANYON RANCH PHASE-II- LOT-240- CONT-35.10 ACRS M/L 35 (LOCATED IN PT-W2-16-34-65),1528956,1528956,35.1,37.08759492,-104.6845155
1/3/2018,"7780 WIDOW WOMAN CYN  TRINIDAD, CO 81082 ",PRIMERO,CO,"$130,000 ",LONGS CANYON,LONG CANYON RANCH PHASE-II- LOT-232- CONT-39.49 ACRS M/L (LOCATED IN PT-NW4-09-34-65),1720184,1720184,39.49,37.09932765,-104.685236
1/22/2018,CO ,PRIMERO,CO,"$30,000 ",PRIMERO RANCH,PRIMERO RANCH TRACT -16- CONT- 35.01 ACRS M/L (LOCATED IN PT- SE4 -22-33-66),1525036,1525036,35.01,37.15324015,-104.7634125
1/24/2018,"13250 SILVER SPRUCE CIR  WESTON, CO 81091 ",PRIMERO,CO,"$15,400 ",LA GARITA,RANCHO LA GARITA FILING NO-8- LOT-291- CONT-15.0 ACRS M/L RANCHO LA GARITA FILING NO-8- LOT-292- CONT-15.0 ACRS M/L MOBILE HOME LOCATED HERE # 9500886510:,1306800,1306800,30,37.18058897,-104.7657622
2/7/2018,8315 GUN BARREL RDG  CO ,PRIMERO,CO,"$58,000 ",EAGLES LANDING,EAGLES LANDING FILING NO-1- LOT-16- CONT-45.98 ACRS M/L (LOCATED IN TWP-33- RNG-68) (HAS FULL INT ON MIN RTS:),2002889,2002889,45.98,37.177186,-104.9807018
2/22/2018,"13802 COUNTY ROAD 53.5  BONCARBO, CO 81024 ",PRIMERO,CO,"$40,000 ",LDS,L D S 07-33-65 NWNE- CONT-37.43 ACRS M/L,1630451,1630451,37.43,37.19132453,-104.7110702
2/27/2018,CO ,PRIMERO,CO,"$67,000 ",RANCHO ESCONDIDO,RANCHO ESCONDIDO UNIT-3- LOT-4C- CONT-38.55 ACRS M/L 38 (LOCATED IN PT-17-33-67),1679238,1679238,38.55,37.17215917,-104.9174808
4/12/2018,CO ,PRIMERO,CO,"$63,671 ",REFLECTION RIDGE RNC,REFLECTION RIDGE RANCH TRACT-4- CONT-41.96 ACRS M/L (AKA NWNW-25-32-68),1827778,1827778,41.96,37.23499495,-104.9539568
5/17/2018,CO ,PRIMERO,CO,"$54,000 ",CIMARRON RANCHES,CIMARRON RANCH 29-32-67 NENW- CONT-40.0 ACRS M/L OTHERS ON DEED: PHILIP J DINAN & MARY JO CHRISTIAN & AMY DINAN JENNINGS,1742400,1742400,40,37.23505098,-104.9135899
7/18/2018,CO ,PRIMERO,CO,"$55,000 ",RANCHO ESCONDIDO,RANCHO ESCONDIDO UNIT-3- LOT-16- CONT-35.000 ACRS M/L (LOCATED IN PT-08-33-67),1524600,1524600,35,37.1815431,-104.9030725
7/18/2018,CO ,PRIMERO,CO,"$69,000 ",TIMBER RIDGE,TIMBER RIDGE FILING TRACT-39- CONT- 35.08 ACRS M/L,1528085,1528085,35.08,37.18869793,-104.8892836
7/24/2018,"13411 NORTHRIDGE RD  TRINIDAD, CO 81082 ",PRIMERO,CO,"$88,000 ",RANCHO ESCONDIDO,RANCHO ESCONDIDO UNIT-4- LOT-30C- CONT-35.40 ACRS M/L (LOCATED IN PT-N2NW-08-33-67),1542024,1542024,35.4,37.19164194,-104.9172125
8/28/2018,14040 PANDO CANYON BREAKS  CO ,PRIMERO,CO,"$54,500 ",EAGLES LANDING,EAGLES LANDING FILING NO-1- LOT-8- CONT- 37.36 ACRS M/L (LOCATED IN TWP-33- RNG-68),1627402,1627402,37.36,37.18771591,-104.9944895
11/15/2018,"26601 MADRID CANYON RD  TRINIDAD, CO 81082 ",PRIMERO,CO,"$40,000 ",LONGS CANYON,LONG CANYON RANCH PHASE-I- LOT-26- CONT-43.90 ACRS M/L (LOCATED IN SESW-04-34-65),1912284,1912284,43.9,37.10804236,-104.6787094
12/27/2018,"10525 PUEBLO RD  TRINIDAD, CO 81082 ",PRIMERO,CO,"$83,000 ",PLAZA DE LA VISTA,PLAZA DE LA VISTA SUB-DIV TRACT-9- CONT- 35.50 ACRS M/L (LOCATED IN PT-S2NW-PT-SWNE-29-33-66),1546380,1546380,35.5,37.14499028,-104.8046681
1/16/2019,"12226 ELK RUN RD  TRINIDAD, CO 81082 ",PRIMERO,CO,"$23,000 ",PRIMERO,24-33-66 NENW-CONT-40.0 ACRS M/L,1742400,1742400,40,37.16243122,-104.7333376
2/25/2019,CO ,PRIMERO,CO,"$85,000 ",BIG PINE RIDGE,BIG PINE RIDGE FILING (RANCHETTES) TRACT-62- CONT-35.10 ACRS M/L,1528956,1528956,35.1,37.17053923,-104.8696315
3/15/2019,CO ,PRIMERO,CO,"$35,000 ",PRIMERO RANCH,PRIMERO RANCH TRACT-25- CONT-35.01 ACRS M/L (LOCATED IN PT-E2SE-22- & PT-W2SW-23- -33-66),1525036,1525036,35.01,37.15384872,-104.7594827
3/15/2019,CO ,PRIMERO,CO,"$75,000 ",RIVER RNCH LONG CNYN,RIVER RANCH LONG CANYON LLC LOT-1- CONT-35.01 ACRS M/L (LOCATED IN PT-S2S2-36-33-65),1525036,1525036,35.01,37.12348713,-104.6267578
3/21/2019,"5851 FARVIEW VALLEY RD  TRINIDAD, CO 81082 ",PRIMERO,CO,"$45,000 ",LONGS CANYON,LONG CANYON RANCH PHASE-I- LOT-15- CONT-35.60 ACRS M/L (LOCATED IN PT-SWNW-11-34-65),1550736,1550736,35.6,37.10185206,-104.6554644
3/22/2019,CO ,PRIMERO,CO,"$33,500 ",PRIMERO,15-33-66 SESE-CONT-40.0 ACRS M/L,1742400,1742400,40,37.16587675,-104.7603001
5/31/2019,CO ,PRIMERO,CO,"$52,112 ",BIG PINE RIDGE,BIG PINE RANCH FILING (RANCHETTES) TRACT-58- CONT-35.99 ACRS M/L,1567724,1567724,35.99,37.19132335,-104.8612098
7/1/2019,CO ,PRIMERO,CO,"$38,000 ",CIMARRON RANCHES,CIMARRON RANCH 20-32-67 SESE- CONT-40.0 ACRS M/L,1742400,1742400,40,37.23851559,-104.9044993
7/3/2019,CO ,PRIMERO,CO,"$145,000 ",TMBR CNYN AT CRDVA PASS,TIMBER RIDGE AT CORDOVA PASS PARCEL-13-CONT-35.12 ACRS M/L (LOCATED IN PT-SW4-17-31-68 & PT-N2N2-20-31-68),1529827,1529827,35.12,,
9/10/2019,"26701 MADRID CANYON RD  TRINIDAD, CO 81082 ",PRIMERO,CO,"$60,000 ",LONGS CANYON,LONG CANYON RANCH PHASE-I- LOT-27- CONT-41.99 ACRS M/L (LOCATED IN PT-S2-04-34-65),1829084,1829084,41.99,37.11007677,-104.6748916
9/10/2019,16511 WILDERNESS RIDGE RD  CO ,PRIMERO,CO,"$40,000 ",SAN PABLO CNYN RNCHS,SAN PABLO CANYON RANCHES LT-54- CONT-40.92 ACRS M/L (AKA PT-SWNE-PT-NWSE-25-32-68),1782475,1782475,40.92,37.22985613,-104.9449122
9/11/2019,CO ,PRIMERO,CO,"$70,000 ",RANCHO ESCONDIDO,RANCHO ESCONDIDO UNIT-1- LOT-9- CONT-40.0 ACRS M/L (AKA PT-W2NW-18-33-67),1742400,1742400,40,37.17592727,-104.9301053
10/3/2019,CO ,PRIMERO,CO,"$30,000 ",PRIMERO,23-33-66 SWNE- CONT-40.0 ACRS M/L,1742400,1742400,40,37.15867436,-104.7467317
10/11/2019,"14456 NORTH RDG  TRINIDAD, CO 81082 ",PRIMERO,CO,"$65,000 ",EAGLES LANDING,EAGLES LANDING FILING NO-1- LOT-1- CONT-35.15 ACRS M/L (LOCATED IN PT-W2-04-33-68),1531134,1531134,35.15,37.18925117,-105.002528
11/6/2019,"16927 PINE RIDGE DR  TRINIDAD, CO 81082 ",PRIMERO,CO,"$14,040 ",PINE RIDGE HIDEAWAY,PINE RIDGE HIDEAWAY PARCEL-8- CONT-35.10 ACRS M/L (LOCATED IN PT-NWSE-11- & PT-NESW-12- 33-67),1528956,1528956,35.1,37.31585082,-104.0387165
12/3/2019,CO ,PRIMERO,CO,"$59,000 ",NORTH FORK PROPRTIES,NORTH FORK PROPERTIES PHASE-I- LOT-10- CONT-37.60 ACRS M/L (LOCATED IN PT-S2SE-02-33- 68),1637856,1637856,37.6,37.19889912,-104.9590609
12/5/2019,CO ,PRIMERO,CO,"$20,000 ",CIMARRON RANCHES,CIMARRON RANCH 33-32-67 NWNE- CONT- 40.0 ACRS M/L,1742400,1742400,40,37.22055279,-104.8908118
12/12/2019,CO ,PRIMERO,CO,"$42,500 ",SAN JUAN MESA RANCH,SAN JUAN MESA RANCH SUB-DIV TRACT-6- CONT-38.77 ACRS M/L LOCATED IN PT-N2-36-33-66:,1688821,1688821,38.77,37.13261292,-104.7231785
1/2/2020,CO ,PRIMERO,CO,"$49,000 ",PRIMERO,03-33-68 PT-SE4- CONT- 35.21 ACRS M/L OTHERS ON DEED: MANFREDI CARNEVALE & MARIA CONCEPCION MARQUES IN CARNEVALE AS JOINT,1533748,1533748,35.21,37.19557831,-104.9801178
1/14/2015,CO ,TRINIDAD,CO,"$35,000 ",FISHER PEAK RANCH,FISHER PEAK RANCH LOT-8- CONT-44.25 ACRS M/L (LOCATED IN PT-S2-27-32-64),1927530,1927530,44.25,37.22814274,-104.5493774
5/18/2015,CO ,TRINIDAD,CO,"$69,000 ",FISHER PEAK RANCH,FISHER PEAK RANCH LOT-7A- CONT-36.10 ACRS M/L (LOCATED IN PT-SE4-27- & PT-NENE-34- -32-64),1572516,1572516,36.1,37.22553143,-104.5410779
5/19/2015,CO ,TRINIDAD,CO,"$38,000 ",FISHER PEAK RANCH,FISHER PEAK RANCH FILING NO-2- LOT-M14- CONT-35.07 ACRS M/L (LOCATED IN PT-N2NE-03-33-64),1527649,1527649,35.07,37.20492881,-104.5456293
8/24/2015,"32790 OLD SOPRIS RD  TRINIDAD, CO 81082 ",TRINIDAD,CO,"$60,000 ",TRINIDAD LAKE RNCHES,TRINIDAD LAKE RANCHES UNIT-2- LT-22-CONT-35.295 AC M/L (04-34-64),1537668,1537668,35.3,37.1160997,-104.5655512
11/12/2015,CO ,TRINIDAD,CO,"$40,250 ",AMERICANA PARK,AMERICANA PARK SUB-DIV LOT-3- CONT-35.10 ACRS M/L (LOCATED IN PT-NE4-14-33-65),1528956,1528956,35.1,37.17405997,-104.6367352
3/2/2016,CO ,TRINIDAD,CO,"$50,000 ",TRINIDAD,20-33-64 A PART OF NWNW-CONT-33.0 ACRS M/L,1437480,1437480,33,37.31585082,-104.0387165
5/24/2016,CO ,TRINIDAD,CO,"$30,000 ",LDS,L D S 28-32-66 NWSW- CONT- 40.0 ACRS M/L,1742400,1742400,40,37.22754122,-104.7920392
8/1/2016,CO ,TRINIDAD,CO,"$37,000 ",TIMBER CANYON,TIMBER CANYON TRACT-158- CONT-40.0 ACRS M/L (AKA SWNE-06-32-64) OTHERS ON DEED: ETHEL M DEWEESE & THEODORE B DEWEESE JR ALL AS JOINT TENANTS,1742400,1742400,40,37.28925907,-104.6004871
8/3/2016,CO ,TRINIDAD,CO,"$32,000 ",TIMBER CANYON,TIMBER CANYON TRACT-165- CONT-39.293 ACRS M/L (AKA NESW-05-32-64),1711472,1711472,39.29,37.28602175,-104.5867738
8/19/2016,"33203 COUNTY ROAD 40  TRINIDAD, CO 81082 ",TRINIDAD,CO,"$39,950 ",PONDEROSA HILLS,PONDEROSA HILLS PHASE-II- TRACT-4- CONT-35.10 ACRS M/L,1528956,1528956,35.1,37.28390092,-104.5499288
10/17/2016,CO ,TRINIDAD,CO,"$45,000 ",LDS,L D S 28-32-66 SWNE- CONT-40.0 ACRS M/L,1742400,1742400,40,37.23113478,-104.7831013
2/8/2017,CO ,TRINIDAD,CO,"$32,500 ",PONDEROSA HILLS,PONDEROSA HILLS PHASE-II- TRACT-127- CONT- 38.09 ACRS M/L (LOCATED IN PT-SWNE- PT-SENW- PT-NWSE- PT-NESW- 08-32-64),1659200,1659200,38.09,37.27321379,-104.5843422
2/8/2017,"33622 VISTA WEST DR  TRINIDAD, CO 81082 ",TRINIDAD,CO,"$39,000 ",SANTA FE TRAIL (OAK),SANTA FE TRAIL RANCH UNIT-2- (OAK PARK) LOT-66- CONT-37.395 ACRS M/L (LOCATED IN TWP-34- RNG-64),1629144,1629144,37.4,37.08848466,-104.5486214
2/13/2017,"34419 OVER LOOK DR  TRINIDAD, CO 81082 ",TRINIDAD,CO,"$30,000 ",SANTA FE TRAIL (OAK),SANTA FE TRAIL RANCH UNIT-1- (OAK PARK) LOT-11- CONT-35.535 AC M/L (LOCATED IN PT-N2S2-&-PT-S2N2-14-34-64),1548122,1548122,35.54,37.08460168,-104.5358541
3/29/2017,"244 HIDDEN MEADOWS LN  TRINIDAD, CO 81082 ",TRINIDAD,CO,"$55,000 ",SANTA FE TRAIL (OAK),SANTA FE TRAIL RANCH UNIT-7B- (OAK PARK) LOT-D90- CONT-35.51 ACRS M/L (LOCATED IN TWP-35- RNG-64),1546816,1546816,35.51,37.02867871,-104.5357744
3/29/2017,"33090 TURKEY CREEK LN  TRINIDAD, CO 81082 ",TRINIDAD,CO,"$107,450 ",SANTA FE TRAIL (OAK),SANTA FE TRAIL RANCH UNIT-4- (MORELY PARK) LOT-B63- CONT-35.100 ACRS M/L (LOCATED IN PT-24-34-64),1528956,1528956,35.1,37.05684827,-104.5351551
4/12/2017,36282 LODGEPOLE TRCE  CO ,TRINIDAD,CO,"$67,000 ",SANTA FE TRAIL (OAK),SANTA FE TRAIL RANCH UNIT-9- (OAK PARK) LOT-F14- CONT-38.08 ACRS M/L (LOCATED IN TWP-35- RNG-64),1658765,1658765,38.08,37.0053894,-104.5174416
5/1/2017,"14946 HIGHVIEW CIR  TRINIDAD, CO 81082 ",TRINIDAD,CO,"$30,000 ",FISHER PEAK RANCH,FISHER PEAK RANCH FILING NO-2- LOT-M16- CONT- 36.16 ACRS M/L (LOCATED IN PT-N2-03-33-64),1575130,1575130,36.16,37.2051236,-104.5521428
5/1/2017,"20688 COUNTY ROAD 32 9  TRINIDAD, CO 81082 ",TRINIDAD,CO,"$30,000 ",LDS,L D S 28-32-66 SESW- CONT-40.0 ACRS M/L,1742400,1742400,40,37.22388387,-104.7875526
5/22/2017,CO ,TRINIDAD,CO,"$34,000 ",LDS,L D S 28-32-65 SENW- CONT-40 ACRS M/L,1742400,1742400,40,37.2309222,-104.6795102
6/12/2017,CO ,TRINIDAD,CO,"$70,000 ",RIVER RNCH LONG CNYN,RIVER RANCH LONG CANYON LLC LOT-12- CONT-35.13 ACRS M/L LOCATED IN PT-S2SE-01-34-65,1530263,1530263,35.13,37.10904041,-104.6191361
8/29/2017,"FOX TRL  TRINIDAD, CO 81082 ",TRINIDAD,CO,"$75,000 ",SANTA FE TRAIL (OAK),SANTA FE TRAIL RANCH UNIT-7B- (OAK PARK) LOT-D62- CONT-35.02 ACRS M/L (LOCATED IN TWP-35- RNG-64),1525471,1525471,35.02,37.01971106,-104.5443468
10/10/2017,"14004 PINION PINE LN  TRINIDAD, CO 81082 ",TRINIDAD,CO,"$40,000 ",FISHER PEAK RANCH,FISHER PEAK RANCH LOT-D7- CONT-36.00 ACRS M/L (LOCATED IN PT-W2SE-02- & PT-NWNE-11- 33-64),1568160,1568160,36,37.19480235,-104.5281732
11/1/2017,33020 OAK WAY  CO ,TRINIDAD,CO,"$59,000 ",SANTA FE TRAIL (OAK),SANTA FE TRAIL RANCH UNIT-2- (OAK PARK) LOT-69- CONT-35.000 AC M/L (LOCATED IN TWP-34 RNG-64),1524600,1524600,35,37.08236116,-104.5464371
11/20/2017,CO ,TRINIDAD,CO,"$37,550 ",FISHER PEAK RANCH,FISHER PEAK RANCH LOT-D3- CONT-35.14 ACRS M/L (LOCATED IN PT-S2N2-02- & PT-SENE-03- 33-64),1530698,1530698,35.14,37.20234836,-104.5379561
11/20/2017,WHISPERING PINE ESTS  CO ,TRINIDAD,CO,"$10,505 ",WHISPERING PINE EST,WHISPERING PINE ESTATES LOT-16- CONT-35.00 ACRS M/L,1524600,1524600,35,37.25058214,-104.7645156
1/3/2018,CO ,TRINIDAD,CO,"$130,000 ",PROSPECT CNYN RANCH,PROSPECT CANYON RANCH LOT-4- CONT- 35.13 ACRS M/L (LOCATED IN PT-S2N2-10-33- 64),1530263,1530263,35.13,37.18800164,-104.5526527
1/3/2018,"7008 PINON WAY  TRINIDAD, CO 81082 ",TRINIDAD,CO,"$105,000 ",SANTA FE TRAIL (OAK),SANTA FE TRAIL RANCH UNIT-2- (OAK PARK) LOT-70- CONT-35.000 ACRS M/L (LOCATED IN TWP-34- RNG-64),1524600,1524600,35,37.08485241,-104.5564714
1/16/2018,"ASPEN CIR  TRINIDAD, CO 81082 ",TRINIDAD,CO,"$910,000 ",SANTA FE TRAIL (OAK),SANTA FE TRAIL RANCH UNIT-9- LOT-F6- CONT-35.03 ACRS M/L (LOCATED IN TWP-35- RNG-64),1525907,1525907,35.03,36.99709512,-104.5216925
1/18/2018,"32010 OWEN BALDWIN PKWY  TRINIDAD, CO 81082 ",TRINIDAD,CO,"$55,600 ",SANTA FE TRAIL (OAK),SANTA FE TRAIL RANCH UNIT-2- (OAK PARK) LOT-75- CONT-35.100 ACRS M/L (LOCATED IN TWP-34-RNG-64),1528956,1528956,35.1,37.08507774,-104.5708475
1/31/2018,CO ,TRINIDAD,CO,"$23,000 ",RANCHO VERDE,RANCHO VERDE TRACT-97- CONT- 40.0 ACRS M/L (AKA SESE-19-32-63),1742400,1742400,40,37.23753604,-104.4871395
1/31/2018,CO ,TRINIDAD,CO,"$150,000 ",RANCHO VERDE,RANCHO VERDE TRACT-5- CONT-40.0 ACRS M/L (AKA NESE-02-33-64) ABOVE PER PLAT MAP ON FILE,1742400,1742400,40,37.19861243,-104.5239586
1/31/2018,"4955 EAGLES NEST OVERLOOK  TRINIDAD, CO 81082 ",TRINIDAD,CO,"$55,000 ",SANTA FE TRAIL (OAK),SANTA FE TRAIL RANCH UNIT-4- (OAK PARK) LOT-B61- CONT-38.352 ACRS M/L (LOCATED IN TWP-34- RNG-64),1670526,1670526,38.35,37.06009862,-104.5335232
1/31/2018,"33060 FISHERS PEAK PKWY  TRINIDAD, CO 81082 ",TRINIDAD,CO,"$107,000 ",SANTA FE TRAIL (OAK),SANTA FE TRAIL RANCH UNIT -7B- (OAK PARK) LOT -D52- CONT- 35.20 ACRS M/L (LOCATED IN TWP-35-RNG-64),1533312,1533312,35.2,37.00711582,-104.5301518
2/8/2018,CO ,TRINIDAD,CO,"$99,900 ",SANTA FE TRAIL (OAK),SANTA FE TRAIL RANCH UNIT-3- (OAK PARK) LOT-B10- CONT-35.200 ACRS M/L (LOCATED IN TWP-34-RNG-64),1533312,1533312,35.2,37.07310779,-104.5754725
2/21/2018,CO ,TRINIDAD,CO,"$20,000 ",RANCHO VERDE,RANCHO VERDE TRACT-26- CONT-40.0 ACRS M/L (AKA SWNW-36-32-64),1742400,1742400,40,37.21634762,-104.519296
3/7/2018,CO ,TRINIDAD,CO,"$11,000 ",RANCHO VERDE,RANCHO VERDE TRACT-41- CONT-40.0 ACRS M/L (AKA SWSE-26-32-64),1742400,1742400,40,37.22371705,-104.5283037
3/7/2018,"34999 TIMBER PARK DR  TRINIDAD, CO 81082 ",TRINIDAD,CO,"$112,000 ",SANTA FE TRAIL (OAK),SANTA FE TRAIL RANCH UNIT-7B- (OAK PARK) LOT-D51- CONT-35.03 ACRS M/L (LOCATED IN TWP-35- RNG- 64),1525907,1525907,35.03,37.01099694,-104.532104
3/14/2018,CO ,TRINIDAD,CO,"$20,000 ",LDS,L D S 33-32-65 SESE- CONT-39.10 ACRS M/L,1703196,1703196,39.1,37.20934451,-104.6706449
4/4/2018,7662 PASS CREEK CT  CO ,TRINIDAD,CO,"$40,000 ",SANTA FE TRAIL (OAK),SANTA FE TRAIL RANCH UNIT-1- (OAK PARK) LOT-3- CONT- 35.050 ACRS M/L (LOCATED IN TP-11-34-64),1526778,1526778,35.05,37.09215159,-104.526314
4/12/2018,"32316 OWEN BALDWIN PKWY  TRINIDAD, CO 81082 ",TRINIDAD,CO,"$37,000 ",SANTA FE TRAIL (OAK),SANTA FE TRAIL RANCH UNIT-2- (OAK PARK) LOT-77- CONT-35.100 ACRS M/L (LOCATED IN TWP-34-RNG-64),1528956,1528956,35.1,37.08447547,-104.5664569
4/19/2018,"99 ALPINE MEADOWS DR  TRINIDAD, CO 81082 ",TRINIDAD,CO,"$32,000 ",SANTA FE TRAIL (OAK),SANTA FE TRAIL RANCH UNIT-9- (OAK PARK) LOT-F38- CONT-35.24 ACRS M/L (LOCATED IN TWP-35- RNG-64),1535054,1535054,35.24,37.00557819,-104.5028712
6/1/2018,"13011 COUNTY ROAD 57.7  BONCARBO, CO 81024 ",TRINIDAD,CO,"$47,900 ",REILLY CANYON RANCH,REILLY CANYON RANCH TRACT-9- CONT-35.13 ACRS M/L (LOCATED IN PT-NW4-14-33-65),1530263,1530263,35.13,37.17437116,-104.6482722
6/1/2018,"34150 VISTA WEST DR  TRINIDAD, CO 81082 ",TRINIDAD,CO,"$62,000 ",SANTA FE TRAIL (OAK),SANTA FE TRAIL RANCH UNIT-1-(OAK PARK) LOT-38- CONT-35.092 AC M/L (LOCATED IN PT-S2-11-34-64),1528520,1528520,35.09,37.09500911,-104.5408734
6/1/2018,"35001 RATON OVERLOOK  TRINIDAD, CO 81082 ",TRINIDAD,CO,"$64,000 ",SANTA FE TRAIL (OAK),SANTA FE TRAIL RANCH UNIT-1- (OAK PARK) LOT-9- CONT-35.065 ACRS M/L (LOCATED IN PT-14-34-64),1527649,1527649,35.07,37.08312747,-104.5294154
6/7/2018,"34366 VISTA WEST DR  TRINIDAD, CO 81082 ",TRINIDAD,CO,"$60,000 ",SANTA FE TRAIL (OAK),SANTA FE TRAIL RANCH UNIT-1- (OAK PARK) LOT-39- CONT-35.050 AC M/L (LOCATED IN PT-S2-11-34-64),1526778,1526778,35.05,37.09561215,-104.5381007
8/2/2018,"16559 COUNTY 43 #5, CO ",TRINIDAD,CO,"$48,500 ",LDS,L D S 28-32-66 NESE- CONT- 40.0 ACRS M/L,1742400,1742400,40,37.22747309,-104.7787378
8/7/2018,CO ,TRINIDAD,CO,"$4,750 ",RANCHO VERDE,RANCHO VERDE TRACT-75- CONT-40.0 ACRS M/L (AKA NENW-24-32-64),1742400,1742400,40,37.24894151,-104.5145423
8/7/2018,"33002 BIG BEAR DR  TRINIDAD, CO 81082 ",TRINIDAD,CO,"$55,000 ",SANTA FE TRAIL (OAK),SANTA FE TRAIL RANCH UNIT-8- (OAK PARK) LOT-E39- CONT-40.84 ACRS M/L (LOCATED IN TWP-35-RNG-64),1778990,1778990,40.84,37.00373538,-104.5654452
8/7/2018,"33089 LODGEPOLE TRCE  TRINIDAD, CO 81082 ",TRINIDAD,CO,"$129,000 ",SANTA FE TRAIL (OAK),SANTA FE TRAIL RANCH UNIT-9- (OAK PARK) LOT-F24- CONT-35.17 ACRS M/L (LOCATED IN TWP-35- RNG-64),1532005,1532005,35.17,37.01141874,-104.5130521
8/14/2018,"34420 COUNTY ROAD 42 2  TRINIDAD, CO 81082 ",TRINIDAD,CO,"$20,000 ",ANTELOPE PARK,ANTELOPE PARK LOT-7- CONT-35.10 ACRS M/L LOCATED IN PT-S2-26-31-64 ABOVE PROPERTY ADDRESS 34420 COUNTY RD 42.5,1528956,1528956,35.1,37.31653053,-104.5263319
8/20/2018,"34111 TURKEY CREEK LN  AGUILAR, CO 81020 ",TRINIDAD,CO,"$44,000 ",SANTA FE TRAIL (OAK),SANTA FE TRAIL RANCH UNIT-4- (MORELY PARK) LOT-B73- CONT-35.104 ACRS M/L (LOCATED IN PT-26-34-64),1528956,1528956,35.1,37.05692781,-104.5428918
8/20/2018,"338 TRAIL RIDGE RD  TRINIDAD, CO 81082 ",TRINIDAD,CO,"$47,900 ",SANTA FE TRAIL (OAK),SANTA FE TRAIL RANCH UNIT-7B- (OAK PARK) LOT-D36- CONT-35.18 ACRS M/L (LOCATED IN TWP-35- RNG-64),1532441,1532441,35.18,37.04347099,-104.5297442
8/28/2018,15911 COUNTY ROAD 71 1  CO ,TRINIDAD,CO,"$22,000 ",RANCHO VERDE,RANCHO VERDE TRACT-36- CONT-40.0 ACRS M/L (AKA SESE-25-32-64),1742400,1742400,40,37.22350739,-104.505517
9/13/2018,"2620 MONTE VISTA DR  TRINIDAD, CO 81082 ",TRINIDAD,CO,"$212,500 ",33-63 OUTSIDE TDAD,30-33-63 A TRACT OF LAND LOCATED IN PT-SE4- CONT-37.00 ACRS M/L,1611720,1611720,37,37.14199114,-104.4955958
9/13/2018,CO ,TRINIDAD,CO,"$18,000 ",LDS,L D S 28-32-65 NESW- CONT-40.0 ACRS M/L 1/2 INT DAVID B SAMUEL LIVING TRUST 1/2 INT KAREN K SAMUEL LIVING TRUST,1742400,1742400,40,37.22733304,-104.6795218
9/13/2018,33260 TURKEY CREEK LN  CO ,TRINIDAD,CO,"$75,000 ",SANTA FE TRAIL (OAK),SANTA FE TRAIL RANCH UNIT-4- (MORELY PARK) LOT-B50- CONT-35.100 ACRS M/L (LOCATED IN PT-22-34-64),1528956,1528956,35.1,37.06402399,-104.544486
9/20/2018,"26 OWEN BALDWIN PKWY  TRINIDAD, CO 81082 ",TRINIDAD,CO,"$82,000 ",SANTA FE TRAIL (OAK),SANTA FE TRAIL RANCH UNIT-11- (OAK PARK) LOT-H4- CONT-35.01 ACRS M/L (LOCATED IN TWP-35- RNG-64),1525036,1525036,35.01,36.99903444,-104.5837017
10/10/2018,"33026 MOUNTAIN VW  TRINIDAD, CO 81082 ",TRINIDAD,CO,"$110,000 ",SANTA FE TRAIL (OAK),SANTA FE TRAIL RANCH UNIT-11- (OAK PARK) LOT-H3- CONT-35.01 ACRS M/L (LOCATED IN TWP-35- RNG-64),1525036,1525036,35.01,36.99747378,-104.5849554
11/15/2018,CO ,TRINIDAD,CO,"$67,000 ",PROSPECT CNYN RANCH,PROSPECT CANYON RANCH LOT-3- CONT-35.06 ACRS M/L (LOCATED IN PT-W2W2-10-33- 64),1527214,1527214,35.06,37.18587506,-104.55723
11/15/2018,"6772 OVER LOOK DR  TRINCHERA, CO 81081 ",TRINIDAD,CO,"$47,500 ",SANTA FE TRAIL (OAK),SANTA FE TRAIL RANCH UNIT-1- (OAK PARK) LOT-12- CONT-35.233 ACRS M/L (LOCATED IN PT-14-34-64) 1/2 UNDIV INT DAVID MICHAEL & RUTH A GRAY (TRUST): 1/2 UNDIV INT TO SHERYL W KLUTCH:,1534619,1534619,35.23,37.08297194,-104.5398464
11/30/2018,33070 ENGLEMAN CT  CO ,TRINIDAD,CO,"$75,000 ",SANTA FE TRAIL (OAK),SANTA FE TRAIL RANCH UNIT-7A- (OAK PARK) LOT-D16- CONT-35.44 ACRS M/L (LOCATED IN TWP-34- RNG-64),1543766,1543766,35.44,37.04121991,-104.5450955
12/3/2018,"34400 PRONGHORN RD  TRINIDAD, CO 81082 ",TRINIDAD,CO,"$1,000 ",ANTELOPE PARK,ANTELOPE PARK LOT-12- CONT-35.10 ACRS M/L LOCATED IN PT-SW4-26-31-64 PROPERTY ADDRESS 34400 PRONGHORN RD,1528956,1528956,35.1,37.31600433,-104.5348573
12/3/2018,"36050 LODGEPOLE TRCE  TRINIDAD, CO 81082 ",TRINIDAD,CO,"$60,000 ",SANTA FE TRAIL (OAK),SANTA FE TRAIL RANCH UNIT-9- (OAK PARK) LOT-F15- CONT-35.08 ACRS M/L (LOCATED IN TWP-35- RNG-64),1528085,1528085,35.08,37.00811517,-104.5149369
12/27/2018,32510 TOLLERBURG RD  CO ,TRINIDAD,CO,"$30,000 ",PONDEROSA HILLS,PONDEROSA HILLS PHASE-II- TRACT-117- CONT-40.0 ACRS M/L AKA NESW-04-32-64 1/2 INT- DOMARECK FAMILY TRUST: 1/2 INT- REGIS HOFFMAN:,1742400,1742400,40,37.28661344,-104.5684518
1/11/2019,"33000 CEDAR WAY  TRINIDAD, CO 81082 ",TRINIDAD,CO,"$88,000 ",SANTA FE TRAIL (OAK),SANTA FE TRAIL RANCH UNIT-2- (OAK PARK) LOT-48- CONT-35.000 ACRS M/L (LOCATED IN PT-09-34-64),1524600,1524600,35,37.09316075,-104.5633774
1/23/2019,"14799 HIGHVIEW CIR  TRINIDAD, CO 81082 ",TRINIDAD,CO,"$27,500 ",FISHER PEAK RANCH,FISHER PEAK RANCH LOT-D21- CONT-35.50 ACRS M/L (LOCATED IN PT-03-33-64),1546380,1546380,35.5,37.1972791,-104.5447989
2/4/2019,"7511 COUNTY ROAD 53.1  TRINIDAD, CO 81082 ",TRINIDAD,CO,"$42,000 ",TRINIDAD LAKE ESTATE,TRINIDAD LAKE ESTATES TRACT-2- CONT-35.05 ACRS M/L (LOCATED IN PT-SE4-12-34-65),1526778,1526778,35.05,37.09628036,-104.6193167
3/20/2019,"16582 ROCKY HEIGHTS DR  TRINIDAD, CO 81082 ",TRINIDAD,CO,"$95,350 ",FISHER PEAK RANCH,FISHER PEAK RANCH LOT-8A- CONT- 35.80 ACRS M/L (LOCATED IN PT-NE4-27- & PT-NW4-26- 32-64),1559448,1559448,35.8,37.22999967,-104.5402102
3/22/2019,32520 BEAR PAW LN  CO ,TRINIDAD,CO,"$50,000 ",SANTA FE TRAIL (OAK),SANTA FE TRAIL RANCH UNIT-2- (OAK PARK) LOT-47- CONT-35.147 ACRS M/L (LOCATED IN TWP-34- RNG-64),1531134,1531134,35.15,37.09083919,-104.5647256
3/25/2019,CO ,TRINIDAD,CO,"$24,000 ",ANTELOPE PARK,ANTELOPE PARK LOT-7- CONT-35.10 ACRS M/L LOCATED IN PT-S2-26-31-64 ABOVE PROPERTY ADDRESS 34420 COUNTY RD 42.5 LOT-16- CONT-35.10 ACRS M/L LOCATED IN PT-SE4-27-31-64 ABOVE PROPERTY ADDRESS 22200 I-25 FRONTAGE RD: 27-31-64 ALSO A TRACT OF LAND LOCATED IN PT-NESW- & PT-NWSE- CONT-0.33 ACRE M/L,1528956,1528956,35.1,37.3151237,-104.5457444
4/24/2019,"7011 OVER LOOK DR  TRINIDAD, CO 81082 ",TRINIDAD,CO,"$60,000 ",SANTA FE TRAIL (OAK),SANTA FE TRAIL RANCH UNIT-1- (OAK PARK) LOT-28- CONT-36.088 ACRS M/L (LOCATED IN PT-NW4-14-34-64),1572080,1572080,36.09,37.0865367,-104.5409749
4/30/2019,CO ,TRINIDAD,CO,"$37,500 ",LDS,L D S 29-32-66 SENW- CONT-40.0 ACRS M/L,1742400,1742400,40,37.23123156,-104.8055033
5/15/2019,"17498 ROCKY HEIGHTS DR  TRINIDAD, CO 81082 ",TRINIDAD,CO,"$26,000 ",FISHER PEAK RANCH,FISHER PEAK RANCH LOT-N4- CONT-35.16 ACRS M/L (LOCATED IN PT-S2-23-32-64),1531570,1531570,35.16,37.24061762,-104.5314287
5/15/2019,"200 OLD MISSION RD  TRINIDAD, CO 81082 ",TRINIDAD,CO,"$44,000 ",SANTA FE TRAIL (OAK),SANTA FE TRAIL RANCH UNIT-7B- (OAK PARK) LOT-D46- CONT-35.26 ACRS M/L (LOCATED IN TWP-35- RNG-64),1535926,1535926,35.26,37.02022522,-104.5221058
5/21/2019,CO ,TRINIDAD,CO,"$33,000 ",FISHER PEAK RANCH,FISHER PEAK RANCH LOT-M8- CONT-38.12 ACRS M/L (LOCATED IN PT-SE4-04-33-64),1660507,1660507,38.12,37.19652789,-104.5597329
6/3/2019,CO ,TRINIDAD,CO,"$9,000 ",RANCHO VERDE,RANCHO VERDE TRACT-71- CONT-40.0 ACRS M/L (AKA SWNE-23-32-64),1742400,1742400,40,37.24538158,-104.5282278
6/17/2019,"10449 BISHOP RIDGE RD  TRINIDAD, CO 81082 ",TRINIDAD,CO,"$549,999 ",RES AT SOLDIERS RDGE,RESERVE AT SOLDIERS RIDGE LOT-8- CONT-35.10 ACRS M/L (LOCATED IN PT-N2SW-29-33-63),1528956,1528956,35.1,37.140586,-104.484065
6/24/2019,"37512 ALPINE MEADOWS DR  TRINIDAD, CO 81082 ",TRINIDAD,CO,"$37,000 ",SANTA FE TRAIL (OAK),SANTA FE TRAIL RANCH UNIT-10- (OAK PARK) LOT-G18- CONT-35.02 ACRS M/L (LOCATED IN TWPS -34- & -35- RNGS -63- & -64),1525471,1525471,35.02,37.0175065,-104.4961688
7/2/2019,CO ,TRINIDAD,CO,"$35,000 ",LDS,L D S 33-32-65 SENE- CONT-40.0 ACRS M/L,1742400,1742400,40,37.21652743,-104.6706273
7/11/2019,"16011 COUNTY RD N  MODEL, CO 81059 ",TRINIDAD,CO,"$89,000 ",LDS,L D S 29-32-66 SESE-CONT-40.0 ACRS M/L MOBILE HOME LOCATED HERE # 9500062000,1742400,1742400,40,37.22395424,-104.7966832
7/16/2019,33084 PONDEROSA RIDGE DR  CO ,TRINIDAD,CO,"$69,000 ",SANTA FE TRAIL (OAK),SANTA FE TRAIL RANCH UNIT-1- (OAK PARK) LOT-19- CONT-35.054 ACRS M/L (LOCATED IN PT-NE4-23-34-64),1526778,1526778,35.05,37.07151193,-104.5263236
7/29/2019,"33551 MOUNTAIN VW  TRINIDAD, CO 81082 ",TRINIDAD,CO,"$123,000 ",SANTA FE TRAIL (OAK),SANTA FE TRAIL RANCH UNIT-3- (OAK PARK) LOT-B20- CONT-35.000 ACRS M/L (LOCATED IN TWP-34-RNG-64),1524600,1524600,35,37.06308062,-104.5646572
8/13/2019,1000 RAINBOW SPRINGS DR  CO ,TRINIDAD,CO,"$77,000 ",SANTA FE TRAIL (OAK),SANTA FE TRAIL RANCH UNIT-8- (OAK PARK) LOT-E5- CONT-35.02 ACRS M/L (LOCATED IN TWP-35- RNG-64),1525471,1525471,35.02,37.00695639,-104.5433476
8/14/2019,CO ,TRINIDAD,CO,"$53,000 ",LDS,L D S 30-32-66 SENE- CONT-40.0 ACRS M/L,1742400,1742400,40,37.23125526,-104.8146084
8/20/2019,"34338 MOUNTAIN MEADOW OVERLOOK  TRINIDAD, CO 81082 ",TRINIDAD,CO,"$63,000 ",SANTA FE TRAIL (OAK),SANTA FE TRAIL RANCH UNIT-7A- (OAK PARK) LOT-D4- CONT-35.58 ACRS M/L (LOCATED IN TWP-34- RNG-64),1549865,1549865,35.58,37.04663946,-104.5353038
8/20/2019,"4230 CHIPMUNK DR  TRINIDAD, CO 81082 ",TRINIDAD,CO,"$64,000 ",SANTA FE TRAIL (OAK),SANTA FE TRAIL RANCH UNIT-4- (MORELY PARK) LOT-B70- CONT-35.099 ACRS M/L (LOCATED IN PT-26-34-64),1528956,1528956,35.1,37.05395773,-104.554986
8/20/2019,4955 OWEN BALDWIN PKWY  CO ,TRINIDAD,CO,"$105,000 ",SANTA FE TRAIL (OAK),SANTA FE TRAIL RANCH UNIT-3- (OAK PARK) LOT-B21-CONT-35.000 AC M/L (LOCATED IN TWP-34- RNG-64),1524600,1524600,35,37.0612957,-104.5650271
9/3/2019,CO ,TRINIDAD,CO,"$49,000 ",FISHER PEAK RANCH,FISHER PEAK RANCH LOT-B3- CONT-35.90 ACRS M/L (LOCATED IN PT-SE4-22-32-64),1563804,1563804,35.9,37.23933127,-104.5462121
9/10/2019,CO ,TRINIDAD,CO,"$15,000 ",RANCHO VERDE,RANCHO VERDE TRACT-1- CONT-40.0 ACRS M/L (AKA NENE-11-33-64) ABOVE PER PLAT MAP ON FILE,1742400,1742400,40,37.19189657,-104.5240072
9/16/2019,CO ,TRINIDAD,CO,"$39,500 ",FISHER PEAK RANCH,FISHER PEAK RANCH LOT-M3- CONT-35.20 ACRS M/L (LOCATED IN PT-E2-04-33-64),1533312,1533312,35.2,37.20138147,-104.5649119
9/17/2019,"33077 PONDEROSA RIDGE DR  TRINIDAD, CO 81082 ",TRINIDAD,CO,"$69,500 ",SANTA FE TRAIL (OAK),SANTA FE TRAIL RANCH UNIT-1- (OAK PARK) LOT-17- CONT-35.159 ACRS M/L (LOCATED IN PT-23- & PT-24-34-64),1531570,1531570,35.16,37.07443189,-104.5218016
9/30/2019,CO ,TRINIDAD,CO,"$36,000 ",BIG VIEW ESTATES,BIG VIEW ESTATES LOT-81- CONT-40.754 ACRS M/L LOCATED IN PT-S2-09-32-64,1775244,1775244,40.75,37.27069073,-104.5612101
9/30/2019,CO ,TRINIDAD,CO,"$45,000 ",PICKETWIRE RANCH,PICKETWIRE RANCH FILING NO-3- LOT-4- CONT-36.32 ACRS M/L (LOCATED IN PT-NWNW-06-33-64),1582099,1582099,36.32,37.20586868,-104.6102748
9/30/2019,"150 OLD MISSION RD  TRINIDAD, CO 81082 ",TRINIDAD,CO,"$48,000 ",SANTA FE TRAIL (OAK),SANTA FE TRAIL RANCH UNIT-7B- (OAK PARK) LOT-D48- CONT-35.23 ACRS M/L (LOCATED IN TWP-35- RNG-64),1534619,1534619,35.23,37.01535655,-104.5242005
10/3/2019,"36030 LODGEPOLE TRCE  TRINIDAD, CO 81082 ",TRINIDAD,CO,"$65,000 ",SANTA FE TRAIL (OAK),SANTA FE TRAIL RANCH UNIT-9- (OAK PARK) LOT-F29- CONT-35.04 ACRS M/L (LOCATED IN TWP-35- RNG-64),1526342,1526342,35.04,37.00231315,-104.5157262
10/10/2019,6218 OAK PARK DR  CO ,TRINIDAD,CO,"$52,500 ",SANTA FE TRAIL (OAK),SANTA FE TRAIL RANCH UNIT-1- (OAK PARK) LOT-25- CONT-35.232 AC M/L (LOCATED IN PT-NW4-23-34-64),1534619,1534619,35.23,37.07778562,-104.5405736
10/11/2019,"281 OLD MISSION RD  TRINIDAD, CO 81082 ",TRINIDAD,CO,"$60,000 ",SANTA FE TRAIL (OAK),SANTA FE TRAIL RANCH UNIT-7B- (OAK PARK) LOT-D71- CONT-35.19 ACRS M/L (LOCATED IN TWP-35- RNG-64),1532876,1532876,35.19,37.03529941,-104.5408321
10/22/2019,CO ,TRINIDAD,CO,"$37,500 ",LDS,L D S 30-32-66 NENE- CONT-40.0 ACRS M/L,1742400,1742400,40,37.23488773,-104.814589
10/22/2019,32767 VISTA WEST DR  CO ,TRINIDAD,CO,"$47,500 ",SANTA FE TRAIL (OAK),SANTA FE TRAIL RANCH UNIT-2- (OAK PARK) LOT-46- CONT-35.147 ACRS M/L (LOCATED IN TWP -34- RNG-64),1531134,1531134,35.15,37.09083385,-104.5601212
10/23/2019,CO ,TRINIDAD,CO,"$30,000 ",LDS,L D S 29-32-66 NWSW- CONT-40.0 ACRS M/L,1742400,1742400,40,37.22761983,-104.8101085
10/25/2019,33050 MOUNTAIN VW  CO ,TRINIDAD,CO,"$109,000 ",SANTA FE TRAIL (OAK),SANTA FE TRAIL RANCH UNIT-11- (OAK PARK) LOT-H5- CONT-35.01 ACRS M/L (LOCATED IN TWP-35- RNG-64),1525036,1525036,35.01,37.00024346,-104.5816903
11/5/2019,CO ,TRINIDAD,CO,"$25,000 ",RANCHO VERDE,RANCHO VERDE TRACT-87- CONT-40.0 ACRS M/L (AKA NWNW-30-32-63),1742400,1742400,40,37.23421682,-104.5009532
11/5/2019,"33140 MOUNTAIN VW  TRINIDAD, CO 81082 ",TRINIDAD,CO,"$89,000 ",SANTA FE TRAIL (OAK),SANTA FE TRAIL RANCH UNIT -5- (OAK PARK) LOT -C23- CONT-35.100 ACRS M/L (LOCATED IN TWP-35 RNG-64),1528956,1528956,35.1,37.00782018,-104.5697653
11/6/2019,CO ,TRINIDAD,CO,"$19,900 ",FISHER PEAK RANCH,FISHER PEAK RANCH LOT-N8- CONT-41.04 ACRS M/L (LOCATED IN PT-SW4-23- & PT-NW4- 26-32-64),1787702,1787702,41.04,37.23834446,-104.5373513
11/6/2019,CO ,TRINIDAD,CO,"$48,000 ",TRINIDAD,L D S 20-32-65 SWSE-CONT-42.50 ACRS M/L,1851300,1851300,42.5,,
11/8/2019,CO ,TRINIDAD,CO,"$45,000 ",BIG VIEW ESTATES,BIG VIEW ESTATES -LOT-82- CONT-40.0 ACRS M/L LOCATED IN PT-S2-09-32-64,1742400,1742400,40,,
11/8/2019,CO ,TRINIDAD,CO,"$48,000 ",BIG VIEW ESTATES,BIG VIEW ESTATES LOT-83- CONT-45.343 ACRS M/L LOCATED IN PT-S2S2-09-32-64,1975141,1975141,45.34,,
11/8/2019,CO ,TRINIDAD,CO,"$17,249 ",FISHER PEAK RANCH,FISHER PEAK RANCH FILING NO-2- LOT-M6- CONT-35.23 ACRS M/L (LOCATED IN PT-E2E2-04-33-64),1534619,1534619,35.23,37.20092758,-104.5605811
11/21/2019,"5555 SQUAW CRK  TRINIDAD, CO 81082 ",TRINIDAD,CO,"$43,500 ",SANTA FE TRAIL (OAK),SANTA FE TRAIL RANCH UNIT-3- (OAK PARK) LOT-B12- CONT-35.20 ACRS M/L (LOCATED IN TWP-34- RNG-64),1533312,1533312,35.2,37.0687952,-104.5745552
12/3/2019,"7888 CEDAR WAY  TRINIDAD, CO 81082 ",TRINIDAD,CO,"$50,000 ",SANTA FE TRAIL (OAK),SANTA FE TRAIL RANCH UNIT-2- (OAK PARK) LOT-50- CONT-35.001 ACRS M/L (LOCATED IN TWP-34- RNG-64),1524600,1524600,35,37.09617325,-104.5654575
12/11/2019,CO ,TRINIDAD,CO,"$59,900 ",PICKETWIRE RANCH,PICKETWIRE RANCH FILING NO-5- LOT-15- CONT-46.77 ACRS M/L AKA N2SWSE-N2SESE-36-32-65,2037301,2037301,46.77,37.21023249,-104.6176653
12/23/2019,CO ,TRINIDAD,CO,"$30,000 ",LDS,L D S 33-32-65 NWSE- CONT-40.0 ACRS M/L,1742400,1742400,40,37.21292532,-104.6750998
1/30/2020,"35002 RATON OVERLOOK  TRINIDAD, CO 81082 ",TRINIDAD,CO,"$13,000 ",SANTA FE TRAIL (OAK),SANTA FE TRAIL RANCH UNIT-1- (OAK PARK) LOT-8- CONT-35.107 ACRS M/L (LOCATED IN PT-14-34-64),1529261,1529261,35.11,37.08067583,-104.5253301
2/10/2020,CO ,TRINIDAD,CO,"$35,000 ",TIMBER CANYON,TIMBER CANYON TRACT-170- CONT-40.0 ACRS M/L (AKA SWSW-05-32-64),1742400,1742400,40,37.28234556,-104.5917608
3/4/2020,"34075 TIMBER PARK DR  TRINIDAD, CO 81082 ",TRINIDAD,CO,"$84,000 ",SANTA FE TRAIL (OAK),SANTA FE TRAIL RANCH UNIT-8- (OAK PARK) LOT-E20- CONT-35.34 ACRS M/L PROPERTY ADDRESS FOR ABOVE 34075 TIMBER PARK DR (LOCATED IN TWP-35- RNG-64),1539410,1539410,35.34,36.99650742,-104.5401854
